sampleid,filename,coco_image_id,width,height,annotation_count,has_solar,split,dataset_type
202,202.0_1.0.png,116.0,640.0,640.0,8.0,1,train,positive_annotated
621,621.0_1.0.png,581.0,640.0,640.0,11.0,1,train,positive_annotated
2326,2326.0_1.0.png,2326.0,640.0,640.0,4.0,1,train,positive_annotated
532,532.0_1.0.png,482.0,640.0,640.0,3.0,1,train,positive_annotated
735,735.0_1.0.png,988.0,640.0,640.0,13.0,1,train,positive_annotated
1440,1440.0_1.0.png,1440.0,640.0,640.0,32.0,1,train,positive_annotated
2151,2151.0_1.0.png,2151.0,640.0,640.0,6.0,1,train,positive_annotated
2498,2498.0_1.0.png,2498.0,640.0,640.0,10.0,1,train,positive_annotated
1860,1860.0_1.0.png,1860.0,640.0,640.0,16.0,1,train,positive_annotated
1601,1601.0_1.0.png,1601.0,640.0,640.0,20.0,1,train,positive_annotated
2148,2148.0_1.0.png,2148.0,640.0,640.0,4.0,1,train,positive_annotated
999,999.0_1.0.png,1250.0,640.0,640.0,39.0,1,train,positive_annotated
895,895.0_1.0.png,1148.0,640.0,640.0,25.0,1,train,positive_annotated
917,917.0_1.0.png,1170.0,640.0,640.0,22.0,1,train,positive_annotated
594,594.0_1.0.png,550.0,640.0,640.0,5.0,1,train,positive_annotated
1901,1901.0_1.0.png,1901.0,640.0,640.0,14.0,1,train,positive_annotated
2041,2041.0_1.0.png,2041.0,640.0,640.0,15.0,1,train,positive_annotated
1311,1311.0_1.0.png,1311.0,640.0,640.0,14.0,1,train,positive_annotated
768,768.0_1.0.png,1021.0,640.0,640.0,54.0,1,train,positive_annotated
1436,1436.0_1.0.png,1436.0,640.0,640.0,22.0,1,train,positive_annotated
1183,1183.0_1.0.png,811.0,640.0,640.0,9.0,1,train,positive_annotated
2497,2497.0_1.0.png,2497.0,640.0,640.0,11.0,1,train,positive_annotated
341,341.0_1.0.png,270.0,640.0,640.0,3.0,1,train,positive_annotated
1620,1620.0_1.0.png,1620.0,640.0,640.0,7.0,1,train,positive_annotated
858,858.0_1.0.png,1111.0,640.0,640.0,1.0,1,train,positive_annotated
1685,1685.0_1.0.png,1685.0,640.0,640.0,20.0,1,train,positive_annotated
2166,2166.0_1.0.png,2166.0,640.0,640.0,7.0,1,train,positive_annotated
1163,1163.0_1.0.png,791.0,640.0,640.0,10.0,1,train,positive_annotated
794,794.0_1.0.png,1047.0,640.0,640.0,12.0,1,train,positive_annotated
1346,1346.0_1.0.png,1346.0,640.0,640.0,20.0,1,train,positive_annotated
884,884.0_1.0.png,1137.0,640.0,640.0,6.0,1,train,positive_annotated
190,190.0_1.0.png,102.0,640.0,640.0,17.0,1,train,positive_annotated
1925,1925.0_1.0.png,1925.0,640.0,640.0,3.0,1,train,positive_annotated
132,132.0_1.0.png,38.0,640.0,640.0,20.0,1,train,positive_annotated
2182,2182.0_1.0.png,2182.0,640.0,640.0,3.0,1,train,positive_annotated
1599,1599.0_1.0.png,1599.0,640.0,640.0,5.0,1,train,positive_annotated
1372,1372.0_1.0.png,1372.0,640.0,640.0,8.0,1,train,positive_annotated
2484,2484.0_1.0.png,2484.0,640.0,640.0,24.0,1,train,positive_annotated
2030,2030.0_1.0.png,2030.0,640.0,640.0,7.0,1,train,positive_annotated
302,302.0_1.0.png,227.0,640.0,640.0,9.0,1,train,positive_annotated
687,687.0_1.0.png,940.0,640.0,640.0,24.0,1,train,positive_annotated
868,868.0_1.0.png,1121.0,640.0,640.0,9.0,1,train,positive_annotated
1803,1803.0_1.0.png,1803.0,640.0,640.0,12.0,1,train,positive_annotated
2323,2323.0_1.0.png,2323.0,640.0,640.0,6.0,1,train,positive_annotated
516,516.0_1.0.png,464.0,640.0,640.0,1.0,1,train,positive_annotated
1329,1329.0_1.0.png,1329.0,640.0,640.0,32.0,1,train,positive_annotated
1394,1394.0_1.0.png,1394.0,640.0,640.0,22.0,1,train,positive_annotated
1678,1678.0_1.0.png,1678.0,640.0,640.0,16.0,1,train,positive_annotated
1363,1363.0_1.0.png,1363.0,640.0,640.0,30.0,1,train,positive_annotated
1402,1402.0_1.0.png,1402.0,640.0,640.0,21.0,1,train,positive_annotated
179,179.0_1.0.png,89.0,640.0,640.0,41.0,1,train,positive_annotated
1748,1748.0_1.0.png,1748.0,640.0,640.0,24.0,1,train,positive_annotated
949,949.0_1.0.png,1202.0,640.0,640.0,10.0,1,train,positive_annotated
2444,2444.0_1.0.png,2444.0,640.0,640.0,6.0,1,train,positive_annotated
1481,1481.0_1.0.png,1481.0,640.0,640.0,29.0,1,train,positive_annotated
1451,1451.0_1.0.png,1451.0,640.0,640.0,12.0,1,train,positive_annotated
1252,1252.0_1.0.png,1252.0,640.0,640.0,17.0,1,train,positive_annotated
1606,1606.0_1.0.png,1606.0,640.0,640.0,12.0,1,train,positive_annotated
603,603.0_1.0.png,561.0,640.0,640.0,2.0,1,train,positive_annotated
1340,1340.0_1.0.png,1340.0,640.0,640.0,3.0,1,train,positive_annotated
252,252.0_1.0.png,171.0,640.0,640.0,6.0,1,train,positive_annotated
2333,2333.0_1.0.png,2333.0,640.0,640.0,14.0,1,train,positive_annotated
1591,1591.0_1.0.png,1591.0,640.0,640.0,11.0,1,train,positive_annotated
1782,1782.0_1.0.png,1782.0,640.0,640.0,5.0,1,train,positive_annotated
1123,1123.0_1.0.png,751.0,640.0,640.0,6.0,1,train,positive_annotated
1699,1699.0_1.0.png,1699.0,640.0,640.0,12.0,1,train,positive_annotated
1385,1385.0_1.0.png,1385.0,640.0,640.0,3.0,1,train,positive_annotated
329,329.0_1.0.png,256.0,640.0,640.0,6.0,1,train,positive_annotated
2087,2087.0_1.0.png,2087.0,640.0,640.0,14.0,1,train,positive_annotated
262,262.0_1.0.png,182.0,640.0,640.0,7.0,1,train,positive_annotated
108,108.0_1.0.png,11.0,640.0,640.0,14.0,1,train,positive_annotated
1577,1577.0_1.0.png,1577.0,640.0,640.0,24.0,1,train,positive_annotated
309,309.0_1.0.png,234.0,640.0,640.0,4.0,1,train,positive_annotated
502,502.0_1.0.png,449.0,640.0,640.0,10.0,1,train,positive_annotated
597,597.0_1.0.png,553.0,640.0,640.0,19.0,1,train,positive_annotated
711,711.0_1.0.png,964.0,640.0,640.0,5.0,1,train,positive_annotated
1244,1244.0_1.0.png,872.0,640.0,640.0,8.0,1,train,positive_annotated
2481,2481.0_1.0.png,2481.0,640.0,640.0,5.0,1,train,positive_annotated
1627,1627.0_1.0.png,1627.0,640.0,640.0,13.0,1,train,positive_annotated
915,915.0_1.0.png,1168.0,640.0,640.0,9.0,1,train,positive_annotated
136,136.0_1.0.png,42.0,640.0,640.0,5.0,1,train,positive_annotated
2464,2464.0_1.0.png,2464.0,640.0,640.0,14.0,1,train,positive_annotated
203,203.0_1.0.png,117.0,640.0,640.0,4.0,1,train,positive_annotated
2147,2147.0_1.0.png,2147.0,640.0,640.0,15.0,1,train,positive_annotated
672,672.0_1.0.png,925.0,640.0,640.0,22.0,1,train,positive_annotated
473,473.0_1.0.png,416.0,640.0,640.0,10.0,1,train,positive_annotated
2116,2116.0_1.0.png,2116.0,640.0,640.0,4.0,1,train,positive_annotated
72,72.0_1.0.png,596.0,640.0,640.0,6.0,1,train,positive_annotated
2468,2468.0_1.0.png,2468.0,640.0,640.0,6.0,1,train,positive_annotated
787,787.0_1.0.png,1040.0,640.0,640.0,13.0,1,train,positive_annotated
2369,2369.0_1.0.png,2369.0,640.0,640.0,15.0,1,train,positive_annotated
1625,1625.0_1.0.png,1625.0,640.0,640.0,31.0,1,train,positive_annotated
1456,1456.0_1.0.png,1456.0,640.0,640.0,22.0,1,train,positive_annotated
1209,1209.0_1.0.png,837.0,640.0,640.0,11.0,1,train,positive_annotated
53,53.0_1.0.png,479.0,640.0,640.0,7.0,1,train,positive_annotated
1136,1136.0_1.0.png,764.0,640.0,640.0,5.0,1,train,positive_annotated
772,772.0_1.0.png,1025.0,640.0,640.0,6.0,1,train,positive_annotated
241,241.0_1.0.png,159.0,640.0,640.0,12.0,1,train,positive_annotated
2310,2310.0_1.0.png,2310.0,640.0,640.0,4.0,1,train,positive_annotated
813,813.0_1.0.png,1066.0,640.0,640.0,12.0,1,train,positive_annotated
24,24.0_1.0.png,157.0,640.0,640.0,4.0,1,train,positive_annotated
926,926.0_1.0.png,1179.0,640.0,640.0,12.0,1,train,positive_annotated
234,234.0_1.0.png,151.0,640.0,640.0,3.0,1,train,positive_annotated
2351,2351.0_1.0.png,2351.0,640.0,640.0,4.0,1,train,positive_annotated
481,481.0_1.0.png,425.0,640.0,640.0,7.0,1,train,positive_annotated
2171,2171.0_1.0.png,2171.0,640.0,640.0,18.0,1,train,positive_annotated
1046,1046.0_1.0.png,674.0,640.0,640.0,13.0,1,train,positive_annotated
2388,2388.0_1.0.png,2388.0,640.0,640.0,13.0,1,train,positive_annotated
1514,1514.0_1.0.png,1514.0,640.0,640.0,26.0,1,train,positive_annotated
1906,1906.0_1.0.png,1906.0,640.0,640.0,7.0,1,train,positive_annotated
426,426.0_1.0.png,364.0,640.0,640.0,11.0,1,train,positive_annotated
1148,1148.0_1.0.png,776.0,640.0,640.0,15.0,1,train,positive_annotated
1705,1705.0_1.0.png,1705.0,640.0,640.0,22.0,1,train,positive_annotated
1202,1202.0_1.0.png,830.0,640.0,640.0,12.0,1,train,positive_annotated
402,402.0_1.0.png,338.0,640.0,640.0,11.0,1,train,positive_annotated
1042,1042.0_1.0.png,670.0,640.0,640.0,13.0,1,train,positive_annotated
392,392.0_1.0.png,326.0,640.0,640.0,5.0,1,train,positive_annotated
1016,1016.0_1.0.png,644.0,640.0,640.0,16.0,1,train,positive_annotated
2068,2068.0_1.0.png,2068.0,640.0,640.0,12.0,1,train,positive_annotated
232,232.0_1.0.png,149.0,640.0,640.0,4.0,1,train,positive_annotated
1504,1504.0_1.0.png,1504.0,640.0,640.0,13.0,1,train,positive_annotated
331,331.0_1.0.png,259.0,640.0,640.0,4.0,1,train,positive_annotated
340,340.0_1.0.png,269.0,640.0,640.0,15.0,1,train,positive_annotated
2342,2342.0_1.0.png,2342.0,640.0,640.0,19.0,1,train,positive_annotated
2368,2368.0_1.0.png,2368.0,640.0,640.0,13.0,1,train,positive_annotated
1618,1618.0_1.0.png,1618.0,640.0,640.0,4.0,1,train,positive_annotated
1113,1113.0_1.0.png,741.0,640.0,640.0,7.0,1,train,positive_annotated
242,242.0_1.0.png,160.0,640.0,640.0,12.0,1,train,positive_annotated
1464,1464.0_1.0.png,1464.0,640.0,640.0,14.0,1,train,positive_annotated
1330,1330.0_1.0.png,1330.0,640.0,640.0,16.0,1,train,positive_annotated
260,260.0_1.0.png,180.0,640.0,640.0,18.0,1,train,positive_annotated
990,990.0_1.0.png,1241.0,640.0,640.0,13.0,1,train,positive_annotated
2124,2124.0_1.0.png,2124.0,640.0,640.0,11.0,1,train,positive_annotated
485,485.0_1.0.png,429.0,640.0,640.0,3.0,1,train,positive_annotated
788,788.0_1.0.png,1041.0,640.0,640.0,4.0,1,train,positive_annotated
633,633.0_1.0.png,886.0,640.0,640.0,5.0,1,train,positive_annotated
1386,1386.0_1.0.png,1386.0,640.0,640.0,33.0,1,train,positive_annotated
823,823.0_1.0.png,1076.0,640.0,640.0,16.0,1,train,positive_annotated
1166,1166.0_1.0.png,794.0,640.0,640.0,4.0,1,train,positive_annotated
2103,2103.0_1.0.png,2103.0,640.0,640.0,6.0,1,train,positive_annotated
14,14.0_1.0.png,46.0,640.0,640.0,27.0,1,train,positive_annotated
403,403.0_1.0.png,339.0,640.0,640.0,11.0,1,train,positive_annotated
875,875.0_1.0.png,1128.0,640.0,640.0,8.0,1,train,positive_annotated
328,328.0_1.0.png,255.0,640.0,640.0,12.0,1,train,positive_annotated
2081,2081.0_1.0.png,2081.0,640.0,640.0,4.0,1,train,positive_annotated
1592,1592.0_1.0.png,1592.0,640.0,640.0,11.0,1,train,positive_annotated
1984,1984.0_1.0.png,1984.0,640.0,640.0,7.0,1,train,positive_annotated
1969,1969.0_1.0.png,1969.0,640.0,640.0,7.0,1,train,positive_annotated
2067,2067.0_1.0.png,2067.0,640.0,640.0,25.0,1,train,positive_annotated
475,475.0_1.0.png,418.0,640.0,640.0,9.0,1,train,positive_annotated
430,430.0_1.0.png,369.0,640.0,640.0,9.0,1,train,positive_annotated
2028,2028.0_1.0.png,2028.0,640.0,640.0,4.0,1,train,positive_annotated
2100,2100.0_1.0.png,2100.0,640.0,640.0,17.0,1,train,positive_annotated
622,622.0_1.0.png,582.0,640.0,640.0,14.0,1,train,positive_annotated
425,425.0_1.0.png,363.0,640.0,640.0,6.0,1,train,positive_annotated
2460,2460.0_1.0.png,2460.0,640.0,640.0,15.0,1,train,positive_annotated
2281,2281.0_1.0.png,2281.0,640.0,640.0,18.0,1,train,positive_annotated
458,458.0_1.0.png,399.0,640.0,640.0,6.0,1,train,positive_annotated
595,595.0_1.0.png,551.0,640.0,640.0,9.0,1,train,positive_annotated
2032,2032.0_1.0.png,2032.0,640.0,640.0,9.0,1,train,positive_annotated
1734,1734_1.png,1734.0,640.0,640.0,16.0,1,train,positive_annotated
194,194.0_1.0.png,106.0,640.0,640.0,12.0,1,train,positive_annotated
732,732.0_1.0.png,985.0,640.0,640.0,2.0,1,train,positive_annotated
2053,2053.0_1.0.png,2053.0,640.0,640.0,4.0,1,train,positive_annotated
225,225.0_1.0.png,141.0,640.0,640.0,5.0,1,train,positive_annotated
2033,2033.0_1.0.png,2033.0,640.0,640.0,18.0,1,train,positive_annotated
523,523.0_1.0.png,472.0,640.0,640.0,8.0,1,train,positive_annotated
2313,2313.0_1.0.png,2313.0,640.0,640.0,10.0,1,train,positive_annotated
1045,1045.0_1.0.png,673.0,640.0,640.0,7.0,1,train,positive_annotated
488,488.0_1.0.png,432.0,640.0,640.0,1.0,1,train,positive_annotated
965,965.0_1.0.png,1217.0,640.0,640.0,12.0,1,train,positive_annotated
2416,2416.0_1.0.png,2416.0,640.0,640.0,14.0,1,train,positive_annotated
1908,1908.0_1.0.png,1908.0,640.0,640.0,30.0,1,train,positive_annotated
1657,1657.0_1.0.png,1657.0,640.0,640.0,16.0,1,train,positive_annotated
2318,2318.0_1.0.png,2318.0,640.0,640.0,12.0,1,train,positive_annotated
352,352.0_1.0.png,282.0,640.0,640.0,11.0,1,train,positive_annotated
1179,1179.0_1.0.png,807.0,640.0,640.0,8.0,1,train,positive_annotated
2064,2064.0_1.0.png,2064.0,640.0,640.0,13.0,1,train,positive_annotated
417,417.0_1.0.png,354.0,640.0,640.0,4.0,1,train,positive_annotated
115,115.0_1.0.png,19.0,640.0,640.0,28.0,1,train,positive_annotated
2421,2421.0_1.0.png,2421.0,640.0,640.0,1.0,1,train,positive_annotated
133,133.0_1.0.png,39.0,640.0,640.0,3.0,1,train,positive_annotated
189,189.0_1.0.png,100.0,640.0,640.0,11.0,1,train,positive_annotated
1371,1371.0_1.0.png,1371.0,640.0,640.0,3.0,1,train,positive_annotated
1844,1844.0_1.0.png,1844.0,640.0,640.0,12.0,1,train,positive_annotated
2126,2126.0_1.0.png,2126.0,640.0,640.0,23.0,1,train,positive_annotated
2494,2494.0_1.0.png,2494.0,640.0,640.0,9.0,1,train,positive_annotated
1569,1569.0_1.0.png,1569.0,640.0,640.0,9.0,1,train,positive_annotated
1214,1214.0_1.0.png,842.0,640.0,640.0,6.0,1,train,positive_annotated
2365,2365.0_1.0.png,2365.0,640.0,640.0,11.0,1,train,positive_annotated
127,127.0_1.0.png,32.0,640.0,640.0,17.0,1,train,positive_annotated
83,83.0_1.0.png,608.0,640.0,640.0,19.0,1,train,positive_annotated
468,468.0_1.0.png,410.0,640.0,640.0,12.0,1,train,positive_annotated
1460,1460.0_1.0.png,1460.0,640.0,640.0,39.0,1,train,positive_annotated
654,654.0_1.0.png,907.0,640.0,640.0,24.0,1,train,positive_annotated
531,531.0_1.0.png,481.0,640.0,640.0,7.0,1,train,positive_annotated
1377,1377.0_1.0.png,1377.0,640.0,640.0,29.0,1,train,positive_annotated
2334,2334.0_1.0.png,2334.0,640.0,640.0,18.0,1,train,positive_annotated
701,701.0_1.0.png,954.0,640.0,640.0,14.0,1,train,positive_annotated
2363,2363.0_1.0.png,2363.0,640.0,640.0,6.0,1,train,positive_annotated
1623,1623.0_1.0.png,1623.0,640.0,640.0,18.0,1,train,positive_annotated
478,478.0_1.0.png,421.0,640.0,640.0,8.0,1,train,positive_annotated
1886,1886.0_1.0.png,1886.0,640.0,640.0,22.0,1,train,positive_annotated
862,862.0_1.0.png,1115.0,640.0,640.0,12.0,1,train,positive_annotated
1673,1673.0_1.0.png,1673.0,640.0,640.0,1.0,1,train,positive_annotated
2181,2181.0_1.0.png,2181.0,640.0,640.0,8.0,1,train,positive_annotated
1740,1740.0_1.0.png,1740.0,640.0,640.0,14.0,1,train,positive_annotated
789,789.0_1.0.png,1042.0,640.0,640.0,13.0,1,train,positive_annotated
2370,2370.0_1.0.png,2370.0,640.0,640.0,12.0,1,train,positive_annotated
1706,1706.0_1.0.png,1706.0,640.0,640.0,20.0,1,train,positive_annotated
2243,2243.0_1.0.png,2243.0,640.0,640.0,16.0,1,train,positive_annotated
1105,1105.0_1.0.png,733.0,640.0,640.0,17.0,1,train,positive_annotated
1839,1839.0_1.0.png,1839.0,640.0,640.0,17.0,1,train,positive_annotated
1235,1235.0_1.0.png,863.0,640.0,640.0,6.0,1,train,positive_annotated
1054,1054.0_1.0.png,682.0,640.0,640.0,26.0,1,train,positive_annotated
94,94.0_1.0.png,620.0,640.0,640.0,9.0,1,train,positive_annotated
195,195.0_1.0.png,107.0,640.0,640.0,17.0,1,train,positive_annotated
1071,1071.0_1.0.png,699.0,640.0,640.0,24.0,1,train,positive_annotated
1173,1173.0_1.0.png,801.0,640.0,640.0,21.0,1,train,positive_annotated
2411,2411.0_1.0.png,2411.0,640.0,640.0,7.0,1,train,positive_annotated
1762,1762.0_1.0.png,1762.0,640.0,640.0,14.0,1,train,positive_annotated
944,944.0_1.0.png,1197.0,640.0,640.0,22.0,1,train,positive_annotated
1939,1939.0_1.0.png,1939.0,640.0,640.0,28.0,1,train,positive_annotated
1336,1336.0_1.0.png,1336.0,640.0,640.0,3.0,1,train,positive_annotated
720,720.0_1.0.png,973.0,640.0,640.0,10.0,1,train,positive_annotated
2218,2218.0_1.0.png,2218.0,640.0,640.0,5.0,1,train,positive_annotated
1187,1187.0_1.0.png,815.0,640.0,640.0,6.0,1,train,positive_annotated
894,894.0_1.0.png,1147.0,640.0,640.0,11.0,1,train,positive_annotated
2417,2417.0_1.0.png,2417.0,640.0,640.0,22.0,1,train,positive_annotated
1779,1779.0_1.0.png,1779.0,640.0,640.0,11.0,1,train,positive_annotated
2233,2233.0_1.0.png,2233.0,640.0,640.0,10.0,1,train,positive_annotated
1369,1369.0_1.0.png,1369.0,640.0,640.0,16.0,1,train,positive_annotated
1216,1216.0_1.0.png,844.0,640.0,640.0,20.0,1,train,positive_annotated
848,848.0_1.0.png,1101.0,640.0,640.0,14.0,1,train,positive_annotated
1417,1417.0_1.0.png,1417.0,640.0,640.0,34.0,1,train,positive_annotated
770,770.0_1.0.png,1023.0,640.0,640.0,30.0,1,train,positive_annotated
2179,2179.0_1.0.png,2179.0,640.0,640.0,8.0,1,train,positive_annotated
1530,1530.0_1.0.png,1530.0,640.0,640.0,11.0,1,train,positive_annotated
70,70.0_1.0.png,594.0,640.0,640.0,5.0,1,train,positive_annotated
736,736.0_1.0.png,989.0,640.0,640.0,26.0,1,train,positive_annotated
78,78.0_1.0.png,602.0,640.0,640.0,2.0,1,train,positive_annotated
799,799.0_1.0.png,1052.0,640.0,640.0,3.0,1,train,positive_annotated
2042,2042.0_1.0.png,2042.0,640.0,640.0,10.0,1,train,positive_annotated
1496,1496.0_1.0.png,1496.0,640.0,640.0,4.0,1,train,positive_annotated
1491,1491.0_1.0.png,1491.0,640.0,640.0,7.0,1,train,positive_annotated
801,801.0_1.0.png,1054.0,640.0,640.0,12.0,1,train,positive_annotated
2057,2057.0_1.0.png,2057.0,640.0,640.0,3.0,1,train,positive_annotated
1836,1836.0_1.0.png,1836.0,640.0,640.0,5.0,1,train,positive_annotated
1551,1551.0_1.0.png,1551.0,640.0,640.0,5.0,1,train,positive_annotated
2271,2271.0_1.0.png,2271.0,640.0,640.0,5.0,1,train,positive_annotated
1751,1751.0_1.0.png,1751.0,640.0,640.0,25.0,1,train,positive_annotated
2177,2177.0_1.0.png,2177.0,640.0,640.0,21.0,1,train,positive_annotated
1349,1349.0_1.0.png,1349.0,640.0,640.0,10.0,1,train,positive_annotated
845,845.0_1.0.png,1098.0,640.0,640.0,21.0,1,train,positive_annotated
1954,1954.0_1.0.png,1954.0,640.0,640.0,11.0,1,train,positive_annotated
655,655.0_1.0.png,908.0,640.0,640.0,8.0,1,train,positive_annotated
227,227.0_1.0.png,143.0,640.0,640.0,6.0,1,train,positive_annotated
2294,2294.0_1.0.png,2294.0,640.0,640.0,16.0,1,train,positive_annotated
1019,1019.0_1.0.png,647.0,640.0,640.0,9.0,1,train,positive_annotated
1284,1284.0_1.0.png,1284.0,640.0,640.0,14.0,1,train,positive_annotated
1997,1997.0_1.0.png,1997.0,640.0,640.0,10.0,1,train,positive_annotated
2262,2262.0_1.0.png,2262.0,640.0,640.0,6.0,1,train,positive_annotated
578,578.0_1.0.png,532.0,640.0,640.0,8.0,1,train,positive_annotated
2139,2139.0_1.0.png,2139.0,640.0,640.0,9.0,1,train,positive_annotated
2279,2279.0_1.0.png,2279.0,640.0,640.0,5.0,1,train,positive_annotated
593,593.0_1.0.png,549.0,640.0,640.0,9.0,1,train,positive_annotated
220,220.0_1.0.png,136.0,640.0,640.0,12.0,1,train,positive_annotated
1038,1038.0_1.0.png,666.0,640.0,640.0,23.0,1,train,positive_annotated
342,342.0_1.0.png,271.0,640.0,640.0,11.0,1,train,positive_annotated
613,613.0_1.0.png,572.0,640.0,640.0,5.0,1,train,positive_annotated
66,66.0_1.0.png,589.0,640.0,640.0,7.0,1,train,positive_annotated
2264,2264.0_1.0.png,2264.0,640.0,640.0,26.0,1,train,positive_annotated
1792,1792.0_1.0.png,1792.0,640.0,640.0,5.0,1,train,positive_annotated
1547,1547.0_1.0.png,1547.0,640.0,640.0,6.0,1,train,positive_annotated
1690,1690.0_1.0.png,1690.0,640.0,640.0,12.0,1,train,positive_annotated
178,178.0_1.0.png,88.0,640.0,640.0,5.0,1,train,positive_annotated
1947,1947.0_1.0.png,1947.0,640.0,640.0,4.0,1,train,positive_annotated
281,281.0_1.0.png,203.0,640.0,640.0,5.0,1,train,positive_annotated
972,972.0_1.0.png,1224.0,640.0,640.0,9.0,1,train,positive_annotated
1736,1736.0_1.0.png,1736.0,640.0,640.0,12.0,1,train,positive_annotated
1970,1970.0_1.0.png,1970.0,640.0,640.0,9.0,1,train,positive_annotated
678,678.0_1.0.png,931.0,640.0,640.0,20.0,1,train,positive_annotated
1472,1472.0_1.0.png,1472.0,640.0,640.0,33.0,1,train,positive_annotated
21,21.0_1.0.png,124.0,640.0,640.0,17.0,1,train,positive_annotated
2435,2435.0_1.0.png,2435.0,640.0,640.0,7.0,1,train,positive_annotated
424,424.0_1.0.png,362.0,640.0,640.0,1.0,1,train,positive_annotated
2232,2232.0_1.0.png,2232.0,640.0,640.0,24.0,1,train,positive_annotated
2131,2131.0_1.0.png,2131.0,640.0,640.0,12.0,1,train,positive_annotated
90,90.0_1.0.png,616.0,640.0,640.0,8.0,1,train,positive_annotated
2096,2096.0_1.0.png,2096.0,640.0,640.0,26.0,1,train,positive_annotated
1247,1247.0_1.0.png,875.0,640.0,640.0,19.0,1,train,positive_annotated
1303,1303.0_1.0.png,1303.0,640.0,640.0,13.0,1,train,positive_annotated
296,296.0_1.0.png,219.0,640.0,640.0,14.0,1,train,positive_annotated
841,841.0_1.0.png,1094.0,640.0,640.0,7.0,1,train,positive_annotated
1289,1289.0_1.0.png,1289.0,640.0,640.0,32.0,1,train,positive_annotated
2244,2244.0_1.0.png,2244.0,640.0,640.0,8.0,1,train,positive_annotated
1507,1507.0_1.0.png,1507.0,640.0,640.0,11.0,1,train,positive_annotated
1568,1568.0_1.0.png,1568.0,640.0,640.0,16.0,1,train,positive_annotated
2089,2089.0_1.0.png,2089.0,640.0,640.0,27.0,1,train,positive_annotated
484,484.0_1.0.png,428.0,640.0,640.0,4.0,1,train,positive_annotated
1989,1989.0_1.0.png,1989.0,640.0,640.0,9.0,1,train,positive_annotated
1063,1063.0_1.0.png,691.0,640.0,640.0,8.0,1,train,positive_annotated
517,517.0_1.0.png,465.0,640.0,640.0,10.0,1,train,positive_annotated
85,85.0_1.0.png,610.0,640.0,640.0,3.0,1,train,positive_annotated
33,33.0_1.0.png,257.0,640.0,640.0,31.0,1,train,positive_annotated
840,840.0_1.0.png,1093.0,640.0,640.0,17.0,1,train,positive_annotated
690,690.0_1.0.png,943.0,640.0,640.0,34.0,1,train,positive_annotated
2205,2205.0_1.0.png,2205.0,640.0,640.0,20.0,1,train,positive_annotated
1130,1130.0_1.0.png,758.0,640.0,640.0,24.0,1,train,positive_annotated
1458,1458.0_1.0.png,1458.0,640.0,640.0,35.0,1,train,positive_annotated
1127,1127.0_1.0.png,755.0,640.0,640.0,3.0,1,train,positive_annotated
2109,2109.0_1.0.png,2109.0,640.0,640.0,8.0,1,train,positive_annotated
339,339.0_1.0.png,267.0,640.0,640.0,11.0,1,train,positive_annotated
231,231.0_1.0.png,148.0,640.0,640.0,4.0,1,train,positive_annotated
1549,1549.0_1.0.png,1549.0,640.0,640.0,24.0,1,train,positive_annotated
1467,1467.0_1.0.png,1467.0,640.0,640.0,19.0,1,train,positive_annotated
2476,2476.0_1.0.png,2476.0,640.0,640.0,1.0,1,train,positive_annotated
905,905.0_1.0.png,1158.0,640.0,640.0,22.0,1,train,positive_annotated
1764,1764.0_1.0.png,1764.0,640.0,640.0,38.0,1,train,positive_annotated
664,664.0_1.0.png,917.0,640.0,640.0,16.0,1,train,positive_annotated
1949,1949.0_1.0.png,1949.0,640.0,640.0,6.0,1,train,positive_annotated
1156,1156.0_1.0.png,784.0,640.0,640.0,3.0,1,train,positive_annotated
2454,2454.0_1.0.png,2454.0,640.0,640.0,6.0,1,train,positive_annotated
543,543.0_1.0.png,494.0,640.0,640.0,11.0,1,train,positive_annotated
1806,1806.0_1.0.png,1806.0,640.0,640.0,14.0,1,train,positive_annotated
2251,2251.0_1.0.png,2251.0,640.0,640.0,10.0,1,train,positive_annotated
726,726.0_1.0.png,979.0,640.0,640.0,34.0,1,train,positive_annotated
243,243.0_1.0.png,161.0,640.0,640.0,4.0,1,train,positive_annotated
899,899.0_1.0.png,1152.0,640.0,640.0,14.0,1,train,positive_annotated
640,640.0_1.0.png,893.0,640.0,640.0,29.0,1,train,positive_annotated
463,463.0_1.0.png,405.0,640.0,640.0,7.0,1,train,positive_annotated
2013,2013.0_1.0.png,2013.0,640.0,640.0,17.0,1,train,positive_annotated
1257,1257.0_1.0.png,1257.0,640.0,640.0,19.0,1,train,positive_annotated
1149,1149.0_1.0.png,777.0,640.0,640.0,23.0,1,train,positive_annotated
1631,1631.0_1.0.png,1631.0,640.0,640.0,40.0,1,train,positive_annotated
978,978.0_1.0.png,1230.0,640.0,640.0,22.0,1,train,positive_annotated
1804,1804.0_1.0.png,1804.0,640.0,640.0,11.0,1,train,positive_annotated
971,971.0_1.0.png,1223.0,640.0,640.0,13.0,1,train,positive_annotated
505,505.0_1.0.png,452.0,640.0,640.0,5.0,1,train,positive_annotated
1691,1691.0_1.0.png,1691.0,640.0,640.0,11.0,1,train,positive_annotated
1771,1771.0_1.0.png,1771.0,640.0,640.0,28.0,1,train,positive_annotated
1172,1172.0_1.0.png,800.0,640.0,640.0,27.0,1,train,positive_annotated
1433,1433.0_1.0.png,1433.0,640.0,640.0,38.0,1,train,positive_annotated
997,997.0_1.0.png,1248.0,640.0,640.0,9.0,1,train,positive_annotated
48,48.0_1.0.png,423.0,640.0,640.0,6.0,1,train,positive_annotated
2099,2099.0_1.0.png,2099.0,640.0,640.0,18.0,1,train,positive_annotated
718,718.0_1.0.png,971.0,640.0,640.0,10.0,1,train,positive_annotated
326,326.0_1.0.png,253.0,640.0,640.0,7.0,1,train,positive_annotated
1711,1711.0_1.0.png,1711.0,640.0,640.0,10.0,1,train,positive_annotated
662,662.0_1.0.png,915.0,640.0,640.0,12.0,1,train,positive_annotated
1937,1937.0_1.0.png,1937.0,640.0,640.0,14.0,1,train,positive_annotated
1003,1003.0_1.0.png,631.0,640.0,640.0,15.0,1,train,positive_annotated
1124,1124.0_1.0.png,752.0,640.0,640.0,14.0,1,train,positive_annotated
1963,1963.0_1.0.png,1963.0,640.0,640.0,14.0,1,train,positive_annotated
492,492.0_1.0.png,437.0,640.0,640.0,1.0,1,train,positive_annotated
698,698.0_1.0.png,951.0,640.0,640.0,5.0,1,train,positive_annotated
437,437.0_1.0.png,376.0,640.0,640.0,3.0,1,train,positive_annotated
859,859.0_1.0.png,1112.0,640.0,640.0,7.0,1,train,positive_annotated
599,599.0_1.0.png,555.0,640.0,640.0,5.0,1,train,positive_annotated
31,31.0_1.0.png,235.0,640.0,640.0,7.0,1,train,positive_annotated
697,697.0_1.0.png,950.0,640.0,640.0,4.0,1,train,positive_annotated
1543,1543.0_1.0.png,1543.0,640.0,640.0,11.0,1,train,positive_annotated
2014,2014.0_1.0.png,2014.0,640.0,640.0,10.0,1,train,positive_annotated
2275,2275.0_1.0.png,2275.0,640.0,640.0,4.0,1,train,positive_annotated
2142,2142.0_1.0.png,2142.0,640.0,640.0,1.0,1,train,positive_annotated
1536,1536.0_1.0.png,1536.0,640.0,640.0,24.0,1,train,positive_annotated
1801,1801.0_1.0.png,1801.0,640.0,640.0,20.0,1,train,positive_annotated
385,385.0_1.0.png,318.0,640.0,640.0,6.0,1,train,positive_annotated
623,623.0_1.0.png,583.0,640.0,640.0,8.0,1,train,positive_annotated
1013,1013.0_1.0.png,641.0,640.0,640.0,33.0,1,train,positive_annotated
700,700.0_1.0.png,953.0,640.0,640.0,4.0,1,train,positive_annotated
1125,1125.0_1.0.png,753.0,640.0,640.0,1.0,1,train,positive_annotated
394,394.0_1.0.png,328.0,640.0,640.0,14.0,1,train,positive_annotated
98,98.0_1.0.png,624.0,640.0,640.0,2.0,1,train,positive_annotated
1032,1032.0_1.0.png,660.0,640.0,640.0,5.0,1,train,positive_annotated
1938,1938.0_1.0.png,1938.0,640.0,640.0,8.0,1,train,positive_annotated
1153,1153.0_1.0.png,781.0,640.0,640.0,11.0,1,train,positive_annotated
764,764.0_1.0.png,1017.0,640.0,640.0,24.0,1,train,positive_annotated
287,287.0_1.0.png,209.0,640.0,640.0,12.0,1,train,positive_annotated
1342,1342.0_1.0.png,1342.0,640.0,640.0,18.0,1,train,positive_annotated
712,712.0_1.0.png,965.0,640.0,640.0,5.0,1,train,positive_annotated
1471,1471.0_1.0.png,1471.0,640.0,640.0,5.0,1,train,positive_annotated
636,636.0_1.0.png,889.0,640.0,640.0,18.0,1,train,positive_annotated
2234,2234.0_1.0.png,2234.0,640.0,640.0,6.0,1,train,positive_annotated
2396,2396.0_1.0.png,2396.0,640.0,640.0,7.0,1,train,positive_annotated
2472,2472.0_1.0.png,2472.0,640.0,640.0,11.0,1,train,positive_annotated
1670,1670.0_1.0.png,1670.0,640.0,640.0,12.0,1,train,positive_annotated
1992,1992.0_1.0.png,1992.0,640.0,640.0,12.0,1,train,positive_annotated
332,332.0_1.0.png,260.0,640.0,640.0,14.0,1,train,positive_annotated
914,914.0_1.0.png,1167.0,640.0,640.0,42.0,1,train,positive_annotated
2199,2199.0_1.0.png,2199.0,640.0,640.0,6.0,1,train,positive_annotated
2413,2413.0_1.0.png,2413.0,640.0,640.0,12.0,1,train,positive_annotated
351,351.0_1.0.png,281.0,640.0,640.0,5.0,1,train,positive_annotated
1862,1862.0_1.0.png,1862.0,640.0,640.0,3.0,1,train,positive_annotated
512,512.0_1.0.png,460.0,640.0,640.0,2.0,1,train,positive_annotated
677,677.0_1.0.png,930.0,640.0,640.0,31.0,1,train,positive_annotated
192,192.0_1.0.png,104.0,640.0,640.0,13.0,1,train,positive_annotated
2236,2236.0_1.0.png,2236.0,640.0,640.0,7.0,1,train,positive_annotated
1980,1980.0_1.0.png,1980.0,640.0,640.0,20.0,1,train,positive_annotated
2196,2196.0_1.0.png,2196.0,640.0,640.0,18.0,1,train,positive_annotated
135,135.0_1.0.png,41.0,640.0,640.0,17.0,1,train,positive_annotated
1364,1364.0_1.0.png,1364.0,640.0,640.0,7.0,1,train,positive_annotated
438,438.0_1.0.png,377.0,640.0,640.0,9.0,1,train,positive_annotated
1110,1110.0_1.0.png,738.0,640.0,640.0,17.0,1,train,positive_annotated
1921,1921.0_1.0.png,1921.0,640.0,640.0,8.0,1,train,positive_annotated
41,41.0_1.0.png,346.0,640.0,640.0,17.0,1,train,positive_annotated
522,522.0_1.0.png,471.0,640.0,640.0,5.0,1,train,positive_annotated
1301,1301.0_1.0.png,1301.0,640.0,640.0,12.0,1,train,positive_annotated
1661,1661.0_1.0.png,1661.0,640.0,640.0,4.0,1,train,positive_annotated
371,371.0_1.0.png,303.0,640.0,640.0,11.0,1,train,positive_annotated
213,213.0_1.0.png,128.0,640.0,640.0,4.0,1,train,positive_annotated
2349,2349.0_1.0.png,2349.0,640.0,640.0,11.0,1,train,positive_annotated
2377,2377.0_1.0.png,2377.0,640.0,640.0,10.0,1,train,positive_annotated
716,716.0_1.0.png,969.0,640.0,640.0,23.0,1,train,positive_annotated
361,361.0_1.0.png,292.0,640.0,640.0,5.0,1,train,positive_annotated
1893,1893.0_1.0.png,1893.0,640.0,640.0,16.0,1,train,positive_annotated
292,292.0_1.0.png,215.0,640.0,640.0,5.0,1,train,positive_annotated
1119,1119.0_1.0.png,747.0,640.0,640.0,4.0,1,train,positive_annotated
2217,2217.0_1.0.png,2217.0,640.0,640.0,5.0,1,train,positive_annotated
651,651.0_1.0.png,904.0,640.0,640.0,13.0,1,train,positive_annotated
1865,1865.0_1.0.png,1865.0,640.0,640.0,28.0,1,train,positive_annotated
916,916.0_1.0.png,1169.0,640.0,640.0,10.0,1,train,positive_annotated
2026,2026.0_1.0.png,2026.0,640.0,640.0,7.0,1,train,positive_annotated
1934,1934.0_1.0.png,1934.0,640.0,640.0,5.0,1,train,positive_annotated
893,893.0_1.0.png,1146.0,640.0,640.0,14.0,1,train,positive_annotated
1365,1365.0_1.0.png,1365.0,640.0,640.0,8.0,1,train,positive_annotated
1317,1317.0_1.0.png,1317.0,640.0,640.0,31.0,1,train,positive_annotated
1993,1993.0_1.0.png,1993.0,640.0,640.0,24.0,1,train,positive_annotated
2409,2409.0_1.0.png,2409.0,640.0,640.0,10.0,1,train,positive_annotated
2403,2403.0_1.0.png,2403.0,640.0,640.0,6.0,1,train,positive_annotated
641,641.0_1.0.png,894.0,640.0,640.0,12.0,1,train,positive_annotated
2386,2386.0_1.0.png,2386.0,640.0,640.0,4.0,1,train,positive_annotated
2255,2255.0_1.0.png,2255.0,640.0,640.0,14.0,1,train,positive_annotated
1260,1260.0_1.0.png,1260.0,640.0,640.0,15.0,1,train,positive_annotated
1831,1831.0_1.0.png,1831.0,640.0,640.0,16.0,1,train,positive_annotated
2259,2259.0_1.0.png,2259.0,640.0,640.0,9.0,1,train,positive_annotated
2263,2263.0_1.0.png,2263.0,640.0,640.0,10.0,1,train,positive_annotated
1366,1366.0_1.0.png,1366.0,640.0,640.0,28.0,1,train,positive_annotated
1098,1098.0_1.0.png,726.0,640.0,640.0,6.0,1,train,positive_annotated
2046,2046.0_1.0.png,2046.0,640.0,640.0,12.0,1,train,positive_annotated
2440,2440.0_1.0.png,2440.0,640.0,640.0,13.0,1,train,positive_annotated
1484,1484.0_1.0.png,1484.0,640.0,640.0,5.0,1,train,positive_annotated
937,937.0_1.0.png,1190.0,640.0,640.0,10.0,1,train,positive_annotated
407,407.0_1.0.png,343.0,640.0,640.0,1.0,1,train,positive_annotated
1419,1419.0_1.0.png,1419.0,640.0,640.0,10.0,1,train,positive_annotated
2407,2407.0_1.0.png,2407.0,640.0,640.0,8.0,1,train,positive_annotated
2120,2120.0_1.0.png,2120.0,640.0,640.0,32.0,1,train,positive_annotated
1225,1225.0_1.0.png,853.0,640.0,640.0,8.0,1,train,positive_annotated
2305,2305.0_1.0.png,2305.0,640.0,640.0,13.0,1,train,positive_annotated
656,656.0_1.0.png,909.0,640.0,640.0,7.0,1,train,positive_annotated
1828,1828.0_1.0.png,1828.0,640.0,640.0,16.0,1,train,positive_annotated
2338,2338.0_1.0.png,2338.0,640.0,640.0,11.0,1,train,positive_annotated
1664,1664.0_1.0.png,1664.0,640.0,640.0,26.0,1,train,positive_annotated
1103,1103.0_1.0.png,731.0,640.0,640.0,12.0,1,train,positive_annotated
1853,1853.0_1.0.png,1853.0,640.0,640.0,33.0,1,train,positive_annotated
1001,1001.0_1.0.png,629.0,640.0,640.0,12.0,1,train,positive_annotated
2155,2155.0_1.0.png,2155.0,640.0,640.0,4.0,1,train,positive_annotated
1545,1545.0_1.0.png,1545.0,640.0,640.0,5.0,1,train,positive_annotated
356,356.0_1.0.png,286.0,640.0,640.0,7.0,1,train,positive_annotated
1087,1087.0_1.0.png,715.0,640.0,640.0,13.0,1,train,positive_annotated
1928,1928.0_1.0.png,1928.0,640.0,640.0,20.0,1,train,positive_annotated
959,959.0_1.0.png,1212.0,640.0,640.0,13.0,1,train,positive_annotated
2170,2170.0_1.0.png,2170.0,640.0,640.0,13.0,1,train,positive_annotated
1374,1374.0_1.0.png,1374.0,640.0,640.0,10.0,1,train,positive_annotated
384,384.0_1.0.png,317.0,640.0,640.0,2.0,1,train,positive_annotated
445,445.0_1.0.png,385.0,640.0,640.0,14.0,1,train,positive_annotated
657,657.0_1.0.png,910.0,640.0,640.0,18.0,1,train,positive_annotated
1519,1519.0_1.0.png,1519.0,640.0,640.0,36.0,1,train,positive_annotated
1965,1965.0_1.0.png,1965.0,640.0,640.0,10.0,1,train,positive_annotated
1318,1318.0_1.0.png,1318.0,640.0,640.0,9.0,1,train,positive_annotated
324,324.0_1.0.png,251.0,640.0,640.0,11.0,1,train,positive_annotated
1060,1060.0_1.0.png,688.0,640.0,640.0,11.0,1,train,positive_annotated
1492,1492.0_1.0.png,1492.0,640.0,640.0,12.0,1,train,positive_annotated
1186,1186.0_1.0.png,814.0,640.0,640.0,8.0,1,train,positive_annotated
1757,1757.0_1.0.png,1757.0,640.0,640.0,11.0,1,train,positive_annotated
155,155.0_1.0.png,63.0,640.0,640.0,5.0,1,train,positive_annotated
1184,1184.0_1.0.png,812.0,640.0,640.0,19.0,1,train,positive_annotated
3,3.0_1.0.png,223.0,640.0,640.0,12.0,1,train,positive_annotated
1500,1500.0_1.0.png,1500.0,640.0,640.0,30.0,1,train,positive_annotated
646,646.0_1.0.png,899.0,640.0,640.0,33.0,1,train,positive_annotated
1584,1584.0_1.0.png,1584.0,640.0,640.0,8.0,1,train,positive_annotated
380,380.0_1.0.png,313.0,640.0,640.0,7.0,1,train,positive_annotated
1795,1795.0_1.0.png,1795.0,640.0,640.0,1.0,1,train,positive_annotated
291,291.0_1.0.png,214.0,640.0,640.0,19.0,1,train,positive_annotated
419,419.0_1.0.png,356.0,640.0,640.0,8.0,1,train,positive_annotated
1489,1489.0_1.0.png,1489.0,640.0,640.0,25.0,1,train,positive_annotated
495,495.0_1.0.png,440.0,640.0,640.0,6.0,1,train,positive_annotated
297,297.0_1.0.png,220.0,640.0,640.0,14.0,1,train,positive_annotated
1981,1981.0_1.0.png,1981.0,640.0,640.0,5.0,1,train,positive_annotated
267,267.0_1.0.png,187.0,640.0,640.0,16.0,1,train,positive_annotated
1650,1650.0_1.0.png,1650.0,640.0,640.0,4.0,1,train,positive_annotated
892,892.0_1.0.png,1145.0,640.0,640.0,24.0,1,train,positive_annotated
1005,1005.0_1.0.png,633.0,640.0,640.0,10.0,1,train,positive_annotated
2213,2213.0_1.0.png,2213.0,640.0,640.0,4.0,1,train,positive_annotated
854,854.0_1.0.png,1107.0,640.0,640.0,13.0,1,train,positive_annotated
683,683.0_1.0.png,936.0,640.0,640.0,36.0,1,train,positive_annotated
467,467.0_1.0.png,409.0,640.0,640.0,15.0,1,train,positive_annotated
300,300.0_1.0.png,225.0,640.0,640.0,6.0,1,train,positive_annotated
1261,1261.0_1.0.png,1261.0,640.0,640.0,4.0,1,train,positive_annotated
275,275.0_1.0.png,196.0,640.0,640.0,5.0,1,train,positive_annotated
465,465.0_1.0.png,407.0,640.0,640.0,5.0,1,train,positive_annotated
1499,1499_1.png,1499.0,640.0,640.0,2.0,1,train,positive_annotated
2225,2225.0_1.0.png,2225.0,640.0,640.0,10.0,1,train,positive_annotated
1100,1100.0_1.0.png,728.0,640.0,640.0,17.0,1,train,positive_annotated
345,345.0_1.0.png,274.0,640.0,640.0,6.0,1,train,positive_annotated
967,967.0_1.0.png,1219.0,640.0,640.0,15.0,1,train,positive_annotated
948,948.0_1.0.png,1201.0,640.0,640.0,6.0,1,train,positive_annotated
480,480.0_1.0.png,424.0,640.0,640.0,3.0,1,train,positive_annotated
2423,2423.0_1.0.png,2423.0,640.0,640.0,17.0,1,train,positive_annotated
2224,2224.0_1.0.png,2224.0,640.0,640.0,1.0,1,train,positive_annotated
2226,2226.0_1.0.png,2226.0,640.0,640.0,5.0,1,train,positive_annotated
815,815.0_1.0.png,1068.0,640.0,640.0,6.0,1,train,positive_annotated
2005,2005.0_1.0.png,2005.0,640.0,640.0,5.0,1,train,positive_annotated
389,389.0_1.0.png,322.0,640.0,640.0,8.0,1,train,positive_annotated
2462,2462.0_1.0.png,2462.0,640.0,640.0,19.0,1,train,positive_annotated
1628,1628.0_1.0.png,1628.0,640.0,640.0,22.0,1,train,positive_annotated
591,591.0_1.0.png,547.0,640.0,640.0,6.0,1,train,positive_annotated
955,955.0_1.0.png,1208.0,640.0,640.0,19.0,1,train,positive_annotated
2355,2355.0_1.0.png,2355.0,640.0,640.0,7.0,1,train,positive_annotated
200,200.0_1.0.png,114.0,640.0,640.0,9.0,1,train,positive_annotated
186,186.0_1.0.png,97.0,640.0,640.0,14.0,1,train,positive_annotated
2257,2257.0_1.0.png,2257.0,640.0,640.0,7.0,1,train,positive_annotated
1392,1392.0_1.0.png,1392.0,640.0,640.0,16.0,1,train,positive_annotated
205,205.0_1.0.png,119.0,640.0,640.0,12.0,1,train,positive_annotated
699,699.0_1.0.png,952.0,640.0,640.0,5.0,1,train,positive_annotated
2260,2260.0_1.0.png,2260.0,640.0,640.0,6.0,1,train,positive_annotated
173,173.0_1.0.png,83.0,640.0,640.0,12.0,1,train,positive_annotated
2019,2019.0_1.0.png,2019.0,640.0,640.0,1.0,1,train,positive_annotated
298,298.0_1.0.png,221.0,640.0,640.0,18.0,1,train,positive_annotated
694,694.0_1.0.png,947.0,640.0,640.0,39.0,1,train,positive_annotated
2117,2117.0_1.0.png,2117.0,640.0,640.0,14.0,1,train,positive_annotated
1694,1694.0_1.0.png,1694.0,640.0,640.0,30.0,1,train,positive_annotated
1327,1327.0_1.0.png,1327.0,640.0,640.0,29.0,1,train,positive_annotated
413,413.0_1.0.png,350.0,640.0,640.0,8.0,1,train,positive_annotated
244,244.0_1.0.png,162.0,640.0,640.0,12.0,1,train,positive_annotated
668,668.0_1.0.png,921.0,640.0,640.0,5.0,1,train,positive_annotated
2160,2160.0_1.0.png,2160.0,640.0,640.0,19.0,1,train,positive_annotated
939,939.0_1.0.png,1192.0,640.0,640.0,13.0,1,train,positive_annotated
1414,1414.0_1.0.png,1414.0,640.0,640.0,5.0,1,train,positive_annotated
2301,2301.0_1.0.png,2301.0,640.0,640.0,12.0,1,train,positive_annotated
149,149.0_1.0.png,56.0,640.0,640.0,11.0,1,train,positive_annotated
582,582.0_1.0.png,537.0,640.0,640.0,9.0,1,train,positive_annotated
1182,1182.0_1.0.png,810.0,640.0,640.0,14.0,1,train,positive_annotated
374,374.0_1.0.png,306.0,640.0,640.0,25.0,1,train,positive_annotated
885,885.0_1.0.png,1138.0,640.0,640.0,25.0,1,train,positive_annotated
1431,1431.0_1.0.png,1431.0,640.0,640.0,16.0,1,train,positive_annotated
1593,1593.0_1.0.png,1593.0,640.0,640.0,13.0,1,train,positive_annotated
1441,1441.0_1.0.png,1441.0,640.0,640.0,7.0,1,train,positive_annotated
1741,1741.0_1.0.png,1741.0,640.0,640.0,33.0,1,train,positive_annotated
1659,1659.0_1.0.png,1659.0,640.0,640.0,33.0,1,train,positive_annotated
804,804.0_1.0.png,1057.0,640.0,640.0,30.0,1,train,positive_annotated
16,16.0_1.0.png,68.0,640.0,640.0,8.0,1,train,positive_annotated
2229,2229.0_1.0.png,2229.0,640.0,640.0,10.0,1,train,positive_annotated
318,318.0_1.0.png,244.0,640.0,640.0,8.0,1,train,positive_annotated
1682,1682.0_1.0.png,1682.0,640.0,640.0,38.0,1,train,positive_annotated
2104,2104.0_1.0.png,2104.0,640.0,640.0,6.0,1,train,positive_annotated
2455,2455.0_1.0.png,2455.0,640.0,640.0,13.0,1,train,positive_annotated
639,639.0_1.0.png,892.0,640.0,640.0,36.0,1,train,positive_annotated
740,740.0_1.0.png,993.0,640.0,640.0,11.0,1,train,positive_annotated
2291,2291.0_1.0.png,2291.0,640.0,640.0,10.0,1,train,positive_annotated
1338,1338.0_1.0.png,1338.0,640.0,640.0,7.0,1,train,positive_annotated
525,525.0_1.0.png,474.0,640.0,640.0,9.0,1,train,positive_annotated
1827,1827.0_1.0.png,1827.0,640.0,640.0,4.0,1,train,positive_annotated
221,221.0_1.0.png,137.0,640.0,640.0,6.0,1,train,positive_annotated
1488,1488.0_1.0.png,1488.0,640.0,640.0,8.0,1,train,positive_annotated
1640,1640.0_1.0.png,1640.0,640.0,640.0,9.0,1,train,positive_annotated
1446,1446.0_1.0.png,1446.0,640.0,640.0,23.0,1,train,positive_annotated
1064,1064.0_1.0.png,692.0,640.0,640.0,18.0,1,train,positive_annotated
1544,1544.0_1.0.png,1544.0,640.0,640.0,11.0,1,train,positive_annotated
1231,1231.0_1.0.png,859.0,640.0,640.0,12.0,1,train,positive_annotated
2324,2324.0_1.0.png,2324.0,640.0,640.0,3.0,1,train,positive_annotated
1774,1774.0_1.0.png,1774.0,640.0,640.0,9.0,1,train,positive_annotated
2069,2069.0_1.0.png,2069.0,640.0,640.0,3.0,1,train,positive_annotated
666,666.0_1.0.png,919.0,640.0,640.0,21.0,1,train,positive_annotated
1350,1350.0_1.0.png,1350.0,640.0,640.0,15.0,1,train,positive_annotated
1912,1912.0_1.0.png,1912.0,640.0,640.0,14.0,1,train,positive_annotated
1299,1299.0_1.0.png,1299.0,640.0,640.0,7.0,1,train,positive_annotated
1936,1936.0_1.0.png,1936.0,640.0,640.0,4.0,1,train,positive_annotated
1985,1985.0_1.0.png,1985.0,640.0,640.0,7.0,1,train,positive_annotated
1911,1911.0_1.0.png,1911.0,640.0,640.0,14.0,1,train,positive_annotated
1971,1971.0_1.0.png,1971.0,640.0,640.0,22.0,1,train,positive_annotated
1497,1497.0_1.0.png,1497.0,640.0,640.0,16.0,1,train,positive_annotated
923,923.0_1.0.png,1176.0,640.0,640.0,4.0,1,train,positive_annotated
46,46.0_1.0.png,401.0,640.0,640.0,3.0,1,train,positive_annotated
2448,2448.0_1.0.png,2448.0,640.0,640.0,22.0,1,train,positive_annotated
301,301.0_1.0.png,226.0,640.0,640.0,7.0,1,train,positive_annotated
1502,1502.0_1.0.png,1502.0,640.0,640.0,8.0,1,train,positive_annotated
111,111.0_1.0.png,15.0,640.0,640.0,5.0,1,train,positive_annotated
2461,2461.0_1.0.png,2461.0,640.0,640.0,9.0,1,train,positive_annotated
1191,1191.0_1.0.png,819.0,640.0,640.0,15.0,1,train,positive_annotated
1516,1516.0_1.0.png,1516.0,640.0,640.0,9.0,1,train,positive_annotated
117,117.0_1.0.png,21.0,640.0,640.0,10.0,1,train,positive_annotated
2347,2347.0_1.0.png,2347.0,640.0,640.0,12.0,1,train,positive_annotated
558,558.0_1.0.png,510.0,640.0,640.0,12.0,1,train,positive_annotated
2486,2486.0_1.0.png,2486.0,640.0,640.0,15.0,1,train,positive_annotated
909,909.0_1.0.png,1162.0,640.0,640.0,29.0,1,train,positive_annotated
1752,1752.0_1.0.png,1752.0,640.0,640.0,10.0,1,train,positive_annotated
1211,1211.0_1.0.png,839.0,640.0,640.0,14.0,1,train,positive_annotated
2227,2227.0_1.0.png,2227.0,640.0,640.0,5.0,1,train,positive_annotated
1325,1325.0_1.0.png,1325.0,640.0,640.0,7.0,1,train,positive_annotated
1512,1512.0_1.0.png,1512.0,640.0,640.0,28.0,1,train,positive_annotated
1766,1766.0_1.0.png,1766.0,640.0,640.0,7.0,1,train,positive_annotated
2292,2292.0_1.0.png,2292.0,640.0,640.0,20.0,1,train,positive_annotated
1052,1052.0_1.0.png,680.0,640.0,640.0,10.0,1,train,positive_annotated
1922,1922.0_1.0.png,1922.0,640.0,640.0,12.0,1,train,positive_annotated
806,806.0_1.0.png,1059.0,640.0,640.0,14.0,1,train,positive_annotated
79,79.0_1.0.png,603.0,640.0,640.0,14.0,1,train,positive_annotated
561,561.0_1.0.png,514.0,640.0,640.0,7.0,1,train,positive_annotated
1652,1652.0_1.0.png,1652.0,640.0,640.0,13.0,1,train,positive_annotated
1594,1594.0_1.0.png,1594.0,640.0,640.0,37.0,1,train,positive_annotated
1076,1076.0_1.0.png,704.0,640.0,640.0,12.0,1,train,positive_annotated
541,541.0_1.0.png,492.0,640.0,640.0,16.0,1,train,positive_annotated
1463,1463.0_1.0.png,1463.0,640.0,640.0,19.0,1,train,positive_annotated
568,568.0_1.0.png,521.0,640.0,640.0,24.0,1,train,positive_annotated
1976,1976.0_1.0.png,1976.0,640.0,640.0,13.0,1,train,positive_annotated
1236,1236.0_1.0.png,864.0,640.0,640.0,8.0,1,train,positive_annotated
1763,1763.0_1.0.png,1763.0,640.0,640.0,41.0,1,train,positive_annotated
1449,1449.0_1.0.png,1449.0,640.0,640.0,12.0,1,train,positive_annotated
2492,2492.0_1.0.png,2492.0,640.0,640.0,23.0,1,train,positive_annotated
1199,1199.0_1.0.png,827.0,640.0,640.0,12.0,1,train,positive_annotated
1799,1799.0_1.0.png,1799.0,640.0,640.0,4.0,1,train,positive_annotated
1206,1206.0_1.0.png,834.0,640.0,640.0,6.0,1,train,positive_annotated
2401,2401.0_1.0.png,2401.0,640.0,640.0,6.0,1,train,positive_annotated
1297,1297.0_1.0.png,1297.0,640.0,640.0,10.0,1,train,positive_annotated
346,346.0_1.0.png,275.0,640.0,640.0,2.0,1,train,positive_annotated
1274,1274.0_1.0.png,1274.0,640.0,640.0,14.0,1,train,positive_annotated
453,453.0_1.0.png,394.0,640.0,640.0,2.0,1,train,positive_annotated
2153,2153.0_1.0.png,2153.0,640.0,640.0,6.0,1,train,positive_annotated
1745,1745.0_1.0.png,1745.0,640.0,640.0,37.0,1,train,positive_annotated
1426,1426.0_1.0.png,1426.0,640.0,640.0,22.0,1,train,positive_annotated
1165,1165.0_1.0.png,793.0,640.0,640.0,4.0,1,train,positive_annotated
1563,1563.0_1.0.png,1563.0,640.0,640.0,7.0,1,train,positive_annotated
344,344.0_1.0.png,273.0,640.0,640.0,19.0,1,train,positive_annotated
248,248.0_1.0.png,166.0,640.0,640.0,12.0,1,train,positive_annotated
842,842.0_1.0.png,1095.0,640.0,640.0,30.0,1,train,positive_annotated
913,913.0_1.0.png,1166.0,640.0,640.0,10.0,1,train,positive_annotated
2309,2309.0_1.0.png,2309.0,640.0,640.0,11.0,1,train,positive_annotated
1375,1375.0_1.0.png,1375.0,640.0,640.0,6.0,1,train,positive_annotated
1680,1680.0_1.0.png,1680.0,640.0,640.0,3.0,1,train,positive_annotated
2088,2088.0_1.0.png,2088.0,640.0,640.0,12.0,1,train,positive_annotated
2341,2341.0_1.0.png,2341.0,640.0,640.0,8.0,1,train,positive_annotated
1805,1805.0_1.0.png,1805.0,640.0,640.0,28.0,1,train,positive_annotated
1982,1982.0_1.0.png,1982.0,640.0,640.0,12.0,1,train,positive_annotated
162,162.0_1.0.png,71.0,640.0,640.0,5.0,1,train,positive_annotated
1067,1067.0_1.0.png,695.0,640.0,640.0,11.0,1,train,positive_annotated
1275,1275.0_1.0.png,1275.0,640.0,640.0,13.0,1,train,positive_annotated
1234,1234.0_1.0.png,862.0,640.0,640.0,37.0,1,train,positive_annotated
323,323.0_1.0.png,250.0,640.0,640.0,7.0,1,train,positive_annotated
786,786.0_1.0.png,1039.0,640.0,640.0,10.0,1,train,positive_annotated
925,925.0_1.0.png,1178.0,640.0,640.0,19.0,1,train,positive_annotated
798,798.0_1.0.png,1051.0,640.0,640.0,16.0,1,train,positive_annotated
1265,1265.0_1.0.png,1265.0,640.0,640.0,9.0,1,train,positive_annotated
2231,2231.0_1.0.png,2231.0,640.0,640.0,12.0,1,train,positive_annotated
1642,1642.0_1.0.png,1642.0,640.0,640.0,19.0,1,train,positive_annotated
644,644.0_1.0.png,897.0,640.0,640.0,15.0,1,train,positive_annotated
624,624.0_1.0.png,584.0,640.0,640.0,8.0,1,train,positive_annotated
1511,1511.0_1.0.png,1511.0,640.0,640.0,26.0,1,train,positive_annotated
795,795.0_1.0.png,1048.0,640.0,640.0,38.0,1,train,positive_annotated
2072,2072.0_1.0.png,2072.0,640.0,640.0,15.0,1,train,positive_annotated
2485,2485.0_1.0.png,2485.0,640.0,640.0,20.0,1,train,positive_annotated
2321,2321.0_1.0.png,2321.0,640.0,640.0,7.0,1,train,positive_annotated
1018,1018.0_1.0.png,646.0,640.0,640.0,16.0,1,train,positive_annotated
1837,1837.0_1.0.png,1837.0,640.0,640.0,21.0,1,train,positive_annotated
2183,2183.0_1.0.png,2183.0,640.0,640.0,11.0,1,train,positive_annotated
850,850.0_1.0.png,1103.0,640.0,640.0,25.0,1,train,positive_annotated
1587,1587.0_1.0.png,1587.0,640.0,640.0,24.0,1,train,positive_annotated
1065,1065.0_1.0.png,693.0,640.0,640.0,5.0,1,train,positive_annotated
183,183.0_1.0.png,94.0,640.0,640.0,25.0,1,train,positive_annotated
824,824.0_1.0.png,1077.0,640.0,640.0,2.0,1,train,positive_annotated
1395,1395.0_1.0.png,1395.0,640.0,640.0,5.0,1,train,positive_annotated
317,317.0_1.0.png,243.0,640.0,640.0,17.0,1,train,positive_annotated
1237,1237.0_1.0.png,865.0,640.0,640.0,13.0,1,train,positive_annotated
2187,2187.0_1.0.png,2187.0,640.0,640.0,12.0,1,train,positive_annotated
1197,1197.0_1.0.png,825.0,640.0,640.0,11.0,1,train,positive_annotated
984,984.0_1.0.png,1236.0,640.0,640.0,13.0,1,train,positive_annotated
710,710.0_1.0.png,963.0,640.0,640.0,13.0,1,train,positive_annotated
674,674.0_1.0.png,927.0,640.0,640.0,9.0,1,train,positive_annotated
1953,1953.0_1.0.png,1953.0,640.0,640.0,10.0,1,train,positive_annotated
420,420.0_1.0.png,358.0,640.0,640.0,8.0,1,train,positive_annotated
2238,2238.0_1.0.png,2238.0,640.0,640.0,7.0,1,train,positive_annotated
1612,1612.0_1.0.png,1612.0,640.0,640.0,21.0,1,train,positive_annotated
2164,2164.0_1.0.png,2164.0,640.0,640.0,16.0,1,train,positive_annotated
2137,2137.0_1.0.png,2137.0,640.0,640.0,23.0,1,train,positive_annotated
2107,2107.0_1.0.png,2107.0,640.0,640.0,4.0,1,train,positive_annotated
1811,1811.0_1.0.png,1811.0,640.0,640.0,18.0,1,train,positive_annotated
44,44.0_1.0.png,379.0,640.0,640.0,16.0,1,train,positive_annotated
1573,1573.0_1.0.png,1573.0,640.0,640.0,12.0,1,train,positive_annotated
1088,1088.0_1.0.png,716.0,640.0,640.0,38.0,1,train,positive_annotated
1636,1636.0_1.0.png,1636.0,640.0,640.0,1.0,1,train,positive_annotated
1833,1833.0_1.0.png,1833.0,640.0,640.0,2.0,1,train,positive_annotated
1222,1222.0_1.0.png,850.0,640.0,640.0,5.0,1,train,positive_annotated
1955,1955.0_1.0.png,1955.0,640.0,640.0,4.0,1,train,positive_annotated
1089,1089.0_1.0.png,717.0,640.0,640.0,12.0,1,train,positive_annotated
686,686.0_1.0.png,939.0,640.0,640.0,18.0,1,train,positive_annotated
1432,1432.0_1.0.png,1432.0,640.0,640.0,6.0,1,train,positive_annotated
1777,1777.0_1.0.png,1777.0,640.0,640.0,14.0,1,train,positive_annotated
1948,1948.0_1.0.png,1948.0,640.0,640.0,6.0,1,train,positive_annotated
1204,1204.0_1.0.png,832.0,640.0,640.0,20.0,1,train,positive_annotated
2300,2300.0_1.0.png,2300.0,640.0,640.0,6.0,1,train,positive_annotated
554,554.0_1.0.png,506.0,640.0,640.0,9.0,1,train,positive_annotated
1802,1802.0_1.0.png,1802.0,640.0,640.0,4.0,1,train,positive_annotated
304,304.0_1.0.png,229.0,640.0,640.0,10.0,1,train,positive_annotated
860,860.0_1.0.png,1113.0,640.0,640.0,9.0,1,train,positive_annotated
2405,2405.0_1.0.png,2405.0,640.0,640.0,12.0,1,train,positive_annotated
400,400.0_1.0.png,336.0,640.0,640.0,9.0,1,train,positive_annotated
2366,2366.0_1.0.png,2366.0,640.0,640.0,5.0,1,train,positive_annotated
258,258.0_1.0.png,177.0,640.0,640.0,5.0,1,train,positive_annotated
618,618.0_1.0.png,577.0,640.0,640.0,12.0,1,train,positive_annotated
584,584.0_1.0.png,539.0,640.0,640.0,2.0,1,train,positive_annotated
2123,2123.0_1.0.png,2123.0,640.0,640.0,15.0,1,train,positive_annotated
230,230.0_1.0.png,147.0,640.0,640.0,10.0,1,train,positive_annotated
1894,1894.0_1.0.png,1894.0,640.0,640.0,17.0,1,train,positive_annotated
992,992.0_1.0.png,1243.0,640.0,640.0,32.0,1,train,positive_annotated
814,814.0_1.0.png,1067.0,640.0,640.0,15.0,1,train,positive_annotated
1773,1773.0_1.0.png,1773.0,640.0,640.0,21.0,1,train,positive_annotated
2135,2135.0_1.0.png,2135.0,640.0,640.0,2.0,1,train,positive_annotated
1905,1905.0_1.0.png,1905.0,640.0,640.0,2.0,1,train,positive_annotated
65,65.0_1.0.png,588.0,640.0,640.0,28.0,1,train,positive_annotated
713,713.0_1.0.png,966.0,640.0,640.0,28.0,1,train,positive_annotated
2161,2161.0_1.0.png,2161.0,640.0,640.0,8.0,1,train,positive_annotated
1854,1854.0_1.0.png,1854.0,640.0,640.0,13.0,1,train,positive_annotated
667,667.0_1.0.png,920.0,640.0,640.0,3.0,1,train,positive_annotated
2219,2219.0_1.0.png,2219.0,640.0,640.0,11.0,1,train,positive_annotated
405,405.0_1.0.png,341.0,640.0,640.0,12.0,1,train,positive_annotated
2076,2076.0_1.0.png,2076.0,640.0,640.0,12.0,1,train,positive_annotated
567,567.0_1.0.png,520.0,640.0,640.0,8.0,1,train,positive_annotated
1896,1896.0_1.0.png,1896.0,640.0,640.0,6.0,1,train,positive_annotated
1857,1857.0_1.0.png,1857.0,640.0,640.0,1.0,1,train,positive_annotated
1062,1062_1.png,690.0,640.0,640.0,14.0,1,train,positive_annotated
1531,1531.0_1.0.png,1531.0,640.0,640.0,40.0,1,train,positive_annotated
2290,2290.0_1.0.png,2290.0,640.0,640.0,3.0,1,train,positive_annotated
1017,1017.0_1.0.png,645.0,640.0,640.0,21.0,1,train,positive_annotated
828,828.0_1.0.png,1081.0,640.0,640.0,8.0,1,train,positive_annotated
2395,2395.0_1.0.png,2395.0,640.0,640.0,13.0,1,train,positive_annotated
1723,1723.0_1.0.png,1723.0,640.0,640.0,15.0,1,train,positive_annotated
2400,2400.0_1.0.png,2400.0,640.0,640.0,5.0,1,train,positive_annotated
1892,1892.0_1.0.png,1892.0,640.0,640.0,7.0,1,train,positive_annotated
1376,1376.0_1.0.png,1376.0,640.0,640.0,6.0,1,train,positive_annotated
2114,2114.0_1.0.png,2114.0,640.0,640.0,18.0,1,train,positive_annotated
130,130.0_1.0.png,36.0,640.0,640.0,10.0,1,train,positive_annotated
1696,1696.0_1.0.png,1696.0,640.0,640.0,22.0,1,train,positive_annotated
800,800.0_1.0.png,1053.0,640.0,640.0,28.0,1,train,positive_annotated
1221,1221.0_1.0.png,849.0,640.0,640.0,10.0,1,train,positive_annotated
846,846.0_1.0.png,1099.0,640.0,640.0,16.0,1,train,positive_annotated
586,586.0_1.0.png,541.0,640.0,640.0,21.0,1,train,positive_annotated
1031,1031.0_1.0.png,659.0,640.0,640.0,16.0,1,train,positive_annotated
1616,1616.0_1.0.png,1616.0,640.0,640.0,7.0,1,train,positive_annotated
1268,1268.0_1.0.png,1268.0,640.0,640.0,5.0,1,train,positive_annotated
1999,1999.0_1.0.png,1999.0,640.0,640.0,8.0,1,train,positive_annotated
577,577.0_1.0.png,531.0,640.0,640.0,11.0,1,train,positive_annotated
88,88.0_1.0.png,613.0,640.0,640.0,6.0,1,train,positive_annotated
2145,2145.0_1.0.png,2145.0,640.0,640.0,8.0,1,train,positive_annotated
2208,2208.0_1.0.png,2208.0,640.0,640.0,30.0,1,train,positive_annotated
1703,1703.0_1.0.png,1703.0,640.0,640.0,12.0,1,train,positive_annotated
1030,1030.0_1.0.png,658.0,640.0,640.0,8.0,1,train,positive_annotated
423,423.0_1.0.png,361.0,640.0,640.0,13.0,1,train,positive_annotated
1416,1416.0_1.0.png,1416.0,640.0,640.0,23.0,1,train,positive_annotated
2299,2299.0_1.0.png,2299.0,640.0,640.0,16.0,1,train,positive_annotated
91,91.0_1.0.png,617.0,640.0,640.0,9.0,1,train,positive_annotated
164,164.0_1.0.png,73.0,640.0,640.0,12.0,1,train,positive_annotated
762,762.0_1.0.png,1015.0,640.0,640.0,22.0,1,train,positive_annotated
878,878.0_1.0.png,1131.0,640.0,640.0,12.0,1,train,positive_annotated
369,369.0_1.0.png,300.0,640.0,640.0,8.0,1,train,positive_annotated
7,7.0_1.0.png,593.0,640.0,640.0,4.0,1,train,positive_annotated
2378,2378.0_1.0.png,2378.0,640.0,640.0,3.0,1,train,positive_annotated
1066,1066.0_1.0.png,694.0,640.0,640.0,7.0,1,train,positive_annotated
1411,1411.0_1.0.png,1411.0,640.0,640.0,29.0,1,train,positive_annotated
2256,2256.0_1.0.png,2256.0,640.0,640.0,26.0,1,train,positive_annotated
1023,1023.0_1.0.png,651.0,640.0,640.0,5.0,1,train,positive_annotated
528,528.0_1.0.png,477.0,640.0,640.0,4.0,1,train,positive_annotated
199,199.0_1.0.png,111.0,640.0,640.0,4.0,1,train,positive_annotated
180,180.0_1.0.png,91.0,640.0,640.0,20.0,1,train,positive_annotated
2332,2332.0_1.0.png,2332.0,640.0,640.0,5.0,1,train,positive_annotated
509,509.0_1.0.png,456.0,640.0,640.0,16.0,1,train,positive_annotated
2154,2154.0_1.0.png,2154.0,640.0,640.0,29.0,1,train,positive_annotated
551,551.0_1.0.png,503.0,640.0,640.0,10.0,1,train,positive_annotated
1608,1608.0_1.0.png,1608.0,640.0,640.0,17.0,1,train,positive_annotated
1867,1867.0_1.0.png,1867.0,640.0,640.0,11.0,1,train,positive_annotated
1316,1316.0_1.0.png,1316.0,640.0,640.0,7.0,1,train,positive_annotated
1310,1310.0_1.0.png,1310.0,640.0,640.0,7.0,1,train,positive_annotated
1526,1526.0_1.0.png,1526.0,640.0,640.0,19.0,1,train,positive_annotated
367,367.0_1.0.png,298.0,640.0,640.0,8.0,1,train,positive_annotated
498,498.0_1.0.png,443.0,640.0,640.0,6.0,1,train,positive_annotated
1634,1634.0_1.0.png,1634.0,640.0,640.0,1.0,1,train,positive_annotated
1796,1796.0_1.0.png,1796.0,640.0,640.0,25.0,1,train,positive_annotated
940,940.0_1.0.png,1193.0,640.0,640.0,14.0,1,train,positive_annotated
1683,1683.0_1.0.png,1683.0,640.0,640.0,19.0,1,train,positive_annotated
1170,1170.0_1.0.png,798.0,640.0,640.0,24.0,1,train,positive_annotated
93,93.0_1.0.png,619.0,640.0,640.0,11.0,1,train,positive_annotated
2438,2438.0_1.0.png,2438.0,640.0,640.0,31.0,1,train,positive_annotated
881,881.0_1.0.png,1134.0,640.0,640.0,6.0,1,train,positive_annotated
2138,2138.0_1.0.png,2138.0,640.0,640.0,11.0,1,train,positive_annotated
59,59.0_1.0.png,545.0,640.0,640.0,9.0,1,train,positive_annotated
1660,1660.0_1.0.png,1660.0,640.0,640.0,18.0,1,train,positive_annotated
1483,1483.0_1.0.png,1483.0,640.0,640.0,14.0,1,train,positive_annotated
1390,1390.0_1.0.png,1390.0,640.0,640.0,34.0,1,train,positive_annotated
124,124.0_1.0.png,29.0,640.0,640.0,21.0,1,train,positive_annotated
1112,1112.0_1.0.png,740.0,640.0,640.0,19.0,1,train,positive_annotated
1933,1933.0_1.0.png,1933.0,640.0,640.0,14.0,1,train,positive_annotated
1746,1746.0_1.0.png,1746.0,640.0,640.0,13.0,1,train,positive_annotated
1135,1135.0_1.0.png,763.0,640.0,640.0,2.0,1,train,positive_annotated
663,663.0_1.0.png,916.0,640.0,640.0,38.0,1,train,positive_annotated
1946,1946.0_1.0.png,1946.0,640.0,640.0,30.0,1,train,positive_annotated
2134,2134.0_1.0.png,2134.0,640.0,640.0,12.0,1,train,positive_annotated
1847,1847.0_1.0.png,1847.0,640.0,640.0,15.0,1,train,positive_annotated
314,314.0_1.0.png,240.0,640.0,640.0,5.0,1,train,positive_annotated
483,483.0_1.0.png,427.0,640.0,640.0,6.0,1,train,positive_annotated
1586,1586.0_1.0.png,1586.0,640.0,640.0,18.0,1,train,positive_annotated
758,758.0_1.0.png,1011.0,640.0,640.0,27.0,1,train,positive_annotated
32,32.0_1.0.png,246.0,640.0,640.0,18.0,1,train,positive_annotated
816,816.0_1.0.png,1069.0,640.0,640.0,14.0,1,train,positive_annotated
1074,1074.0_1.0.png,702.0,640.0,640.0,11.0,1,train,positive_annotated
1557,1557.0_1.0.png,1557.0,640.0,640.0,23.0,1,train,positive_annotated
236,236.0_1.0.png,153.0,640.0,640.0,6.0,1,train,positive_annotated
1583,1583.0_1.0.png,1583.0,640.0,640.0,27.0,1,train,positive_annotated
366,366.0_1.0.png,297.0,640.0,640.0,4.0,1,train,positive_annotated
628,628.0_1.0.png,881.0,640.0,640.0,14.0,1,train,positive_annotated
1617,1617.0_1.0.png,1617.0,640.0,640.0,27.0,1,train,positive_annotated
382,382.0_1.0.png,315.0,640.0,640.0,16.0,1,train,positive_annotated
161,161.0_1.0.png,70.0,640.0,640.0,2.0,1,train,positive_annotated
1626,1626.0_1.0.png,1626.0,640.0,640.0,8.0,1,train,positive_annotated
1904,1904.0_1.0.png,1904.0,640.0,640.0,5.0,1,train,positive_annotated
1090,1090.0_1.0.png,718.0,640.0,640.0,17.0,1,train,positive_annotated
169,169.0_1.0.png,78.0,640.0,640.0,20.0,1,train,positive_annotated
1961,1961.0_1.0.png,1961.0,640.0,640.0,6.0,1,train,positive_annotated
1418,1418.0_1.0.png,1418.0,640.0,640.0,17.0,1,train,positive_annotated
2058,2058.0_1.0.png,2058.0,640.0,640.0,5.0,1,train,positive_annotated
1630,1630.0_1.0.png,1630.0,640.0,640.0,32.0,1,train,positive_annotated
1914,1914.0_1.0.png,1914.0,640.0,640.0,1.0,1,train,positive_annotated
1633,1633.0_1.0.png,1633.0,640.0,640.0,40.0,1,train,positive_annotated
2352,2352.0_1.0.png,2352.0,640.0,640.0,24.0,1,train,positive_annotated
1435,1435.0_1.0.png,1435.0,640.0,640.0,33.0,1,train,positive_annotated
2345,2345.0_1.0.png,2345.0,640.0,640.0,8.0,1,train,positive_annotated
1582,1582.0_1.0.png,1582.0,640.0,640.0,16.0,1,train,positive_annotated
1915,1915.0_1.0.png,1915.0,640.0,640.0,7.0,1,train,positive_annotated
2204,2204.0_1.0.png,2204.0,640.0,640.0,13.0,1,train,positive_annotated
1061,1061.0_1.0.png,689.0,640.0,640.0,6.0,1,train,positive_annotated
2209,2209.0_1.0.png,2209.0,640.0,640.0,6.0,1,train,positive_annotated
387,387.0_1.0.png,320.0,640.0,640.0,8.0,1,train,positive_annotated
1895,1895.0_1.0.png,1895.0,640.0,640.0,10.0,1,train,positive_annotated
2473,2473.0_1.0.png,2473.0,640.0,640.0,6.0,1,train,positive_annotated
428,428.0_1.0.png,366.0,640.0,640.0,2.0,1,train,positive_annotated
1398,1398.0_1.0.png,1398.0,640.0,640.0,5.0,1,train,positive_annotated
1438,1438.0_1.0.png,1438.0,640.0,640.0,6.0,1,train,positive_annotated
266,266.0_1.0.png,186.0,640.0,640.0,15.0,1,train,positive_annotated
1321,1321.0_1.0.png,1321.0,640.0,640.0,11.0,1,train,positive_annotated
1059,1059.0_1.0.png,687.0,640.0,640.0,3.0,1,train,positive_annotated
2018,2018.0_1.0.png,2018.0,640.0,640.0,33.0,1,train,positive_annotated
347,347.0_1.0.png,276.0,640.0,640.0,24.0,1,train,positive_annotated
2437,2437.0_1.0.png,2437.0,640.0,640.0,16.0,1,train,positive_annotated
1092,1092.0_1.0.png,720.0,640.0,640.0,7.0,1,train,positive_annotated
747,747.0_1.0.png,1000.0,640.0,640.0,17.0,1,train,positive_annotated
2036,2036.0_1.0.png,2036.0,640.0,640.0,8.0,1,train,positive_annotated
412,412.0_1.0.png,349.0,640.0,640.0,23.0,1,train,positive_annotated
635,635.0_1.0.png,888.0,640.0,640.0,12.0,1,train,positive_annotated
1739,1739.0_1.0.png,1739.0,640.0,640.0,12.0,1,train,positive_annotated
931,931.0_1.0.png,1184.0,640.0,640.0,20.0,1,train,positive_annotated
1107,1107.0_1.0.png,735.0,640.0,640.0,21.0,1,train,positive_annotated
1304,1304.0_1.0.png,1304.0,640.0,640.0,19.0,1,train,positive_annotated
920,920.0_1.0.png,1173.0,640.0,640.0,21.0,1,train,positive_annotated
882,882.0_1.0.png,1135.0,640.0,640.0,23.0,1,train,positive_annotated
1181,1181.0_1.0.png,809.0,640.0,640.0,8.0,1,train,positive_annotated
1919,1919.0_1.0.png,1919.0,640.0,640.0,9.0,1,train,positive_annotated
1139,1139.0_1.0.png,767.0,640.0,640.0,21.0,1,train,positive_annotated
1538,1538.0_1.0.png,1538.0,640.0,640.0,17.0,1,train,positive_annotated
1868,1868.0_1.0.png,1868.0,640.0,640.0,25.0,1,train,positive_annotated
138,138.0_1.0.png,44.0,640.0,640.0,10.0,1,train,positive_annotated
998,998.0_1.0.png,1249.0,640.0,640.0,25.0,1,train,positive_annotated
1133,1133.0_1.0.png,761.0,640.0,640.0,6.0,1,train,positive_annotated
397,397.0_1.0.png,331.0,640.0,640.0,27.0,1,train,positive_annotated
2420,2420.0_1.0.png,2420.0,640.0,640.0,6.0,1,train,positive_annotated
775,775.0_1.0.png,1028.0,640.0,640.0,7.0,1,train,positive_annotated
2098,2098.0_1.0.png,2098.0,640.0,640.0,8.0,1,train,positive_annotated
1319,1319.0_1.0.png,1319.0,640.0,640.0,26.0,1,train,positive_annotated
1109,1109.0_1.0.png,737.0,640.0,640.0,17.0,1,train,positive_annotated
1972,1972.0_1.0.png,1972.0,640.0,640.0,13.0,1,train,positive_annotated
154,154.0_1.0.png,62.0,640.0,640.0,5.0,1,train,positive_annotated
1967,1967.0_1.0.png,1967.0,640.0,640.0,7.0,1,train,positive_annotated
1825,1825.0_1.0.png,1825.0,640.0,640.0,21.0,1,train,positive_annotated
1452,1452.0_1.0.png,1452.0,640.0,640.0,9.0,1,train,positive_annotated
2149,2149.0_1.0.png,2149.0,640.0,640.0,14.0,1,train,positive_annotated
2129,2129.0_1.0.png,2129.0,640.0,640.0,8.0,1,train,positive_annotated
2016,2016.0_1.0.png,2016.0,640.0,640.0,13.0,1,train,positive_annotated
2328,2328.0_1.0.png,2328.0,640.0,640.0,18.0,1,train,positive_annotated
805,805.0_1.0.png,1058.0,640.0,640.0,11.0,1,train,positive_annotated
2414,2414.0_1.0.png,2414.0,640.0,640.0,9.0,1,train,positive_annotated
982,982.0_1.0.png,1234.0,640.0,640.0,12.0,1,train,positive_annotated
11,11.0_1.0.png,13.0,640.0,640.0,12.0,1,train,positive_annotated
2080,2080.0_1.0.png,2080.0,640.0,640.0,9.0,1,train,positive_annotated
1495,1495.0_1.0.png,1495.0,640.0,640.0,4.0,1,train,positive_annotated
857,857.0_1.0.png,1110.0,640.0,640.0,15.0,1,train,positive_annotated
708,708.0_1.0.png,961.0,640.0,640.0,8.0,1,train,positive_annotated
2418,2418.0_1.0.png,2418.0,640.0,640.0,1.0,1,train,positive_annotated
142,142.0_1.0.png,49.0,640.0,640.0,10.0,1,train,positive_annotated
952,952.0_1.0.png,1205.0,640.0,640.0,3.0,1,train,positive_annotated
363,363.0_1.0.png,294.0,640.0,640.0,24.0,1,train,positive_annotated
1677,1677.0_1.0.png,1677.0,640.0,640.0,9.0,1,train,positive_annotated
15,15.0_1.0.png,57.0,640.0,640.0,18.0,1,train,positive_annotated
1823,1823.0_1.0.png,1823.0,640.0,640.0,16.0,1,train,positive_annotated
237,237.0_1.0.png,154.0,640.0,640.0,5.0,1,train,positive_annotated
1429,1429.0_1.0.png,1429.0,640.0,640.0,9.0,1,train,positive_annotated
1788,1788.0_1.0.png,1788.0,640.0,640.0,22.0,1,train,positive_annotated
1450,1450.0_1.0.png,1450.0,640.0,640.0,13.0,1,train,positive_annotated
1380,1380.0_1.0.png,1380.0,640.0,640.0,17.0,1,train,positive_annotated
975,975.0_1.0.png,1227.0,640.0,640.0,19.0,1,train,positive_annotated
580,580.0_1.0.png,535.0,640.0,640.0,6.0,1,train,positive_annotated
673,673.0_1.0.png,926.0,640.0,640.0,17.0,1,train,positive_annotated
215,215.0_1.0.png,130.0,640.0,640.0,11.0,1,train,positive_annotated
319,319.0_1.0.png,245.0,640.0,640.0,12.0,1,train,positive_annotated
1073,1073.0_1.0.png,701.0,640.0,640.0,7.0,1,train,positive_annotated
1613,1613.0_1.0.png,1613.0,640.0,640.0,15.0,1,train,positive_annotated
2073,2073.0_1.0.png,2073.0,640.0,640.0,8.0,1,train,positive_annotated
1256,1256.0_1.0.png,1256.0,640.0,640.0,25.0,1,train,positive_annotated
615,615.0_1.0.png,574.0,640.0,640.0,11.0,1,train,positive_annotated
171,171.0_1.0.png,81.0,640.0,640.0,13.0,1,train,positive_annotated
472,472.0_1.0.png,415.0,640.0,640.0,5.0,1,train,positive_annotated
1040,1040.0_1.0.png,668.0,640.0,640.0,10.0,1,train,positive_annotated
537,537.0_1.0.png,487.0,640.0,640.0,17.0,1,train,positive_annotated
1880,1880.0_1.0.png,1880.0,640.0,640.0,25.0,1,train,positive_annotated
620,620.0_1.0.png,580.0,640.0,640.0,4.0,1,train,positive_annotated
433,433.0_1.0.png,372.0,640.0,640.0,1.0,1,train,positive_annotated
650,650.0_1.0.png,903.0,640.0,640.0,5.0,1,train,positive_annotated
2314,2314.0_1.0.png,2314.0,640.0,640.0,10.0,1,train,positive_annotated
2308,2308.0_1.0.png,2308.0,640.0,640.0,7.0,1,train,positive_annotated
2248,2248.0_1.0.png,2248.0,640.0,640.0,12.0,1,train,positive_annotated
927,927.0_1.0.png,1180.0,640.0,640.0,33.0,1,train,positive_annotated
2393,2393.0_1.0.png,2393.0,640.0,640.0,17.0,1,train,positive_annotated
1132,1132.0_1.0.png,760.0,640.0,640.0,13.0,1,train,positive_annotated
1437,1437.0_1.0.png,1437.0,640.0,640.0,14.0,1,train,positive_annotated
751,751.0_1.0.png,1004.0,640.0,640.0,3.0,1,train,positive_annotated
2054,2054.0_1.0.png,2054.0,640.0,640.0,7.0,1,train,positive_annotated
156,156.0_1.0.png,64.0,640.0,640.0,3.0,1,train,positive_annotated
2404,2404.0_1.0.png,2404.0,640.0,640.0,7.0,1,train,positive_annotated
1924,1924.0_1.0.png,1924.0,640.0,640.0,16.0,1,train,positive_annotated
474,474.0_1.0.png,417.0,640.0,640.0,9.0,1,train,positive_annotated
906,906.0_1.0.png,1159.0,640.0,640.0,11.0,1,train,positive_annotated
695,695.0_1.0.png,948.0,640.0,640.0,10.0,1,train,positive_annotated
327,327.0_1.0.png,254.0,640.0,640.0,19.0,1,train,positive_annotated
449,449.0_1.0.png,389.0,640.0,640.0,3.0,1,train,positive_annotated
95,95.0_1.0.png,621.0,640.0,640.0,2.0,1,train,positive_annotated
2023,2023.0_1.0.png,2023.0,640.0,640.0,5.0,1,train,positive_annotated
2457,2457.0_1.0.png,2457.0,640.0,640.0,28.0,1,train,positive_annotated
144,144.0_1.0.png,51.0,640.0,640.0,19.0,1,train,positive_annotated
1389,1389.0_1.0.png,1389.0,640.0,640.0,7.0,1,train,positive_annotated
1465,1465.0_1.0.png,1465.0,640.0,640.0,12.0,1,train,positive_annotated
1832,1832.0_1.0.png,1832.0,640.0,640.0,14.0,1,train,positive_annotated
2102,2102.0_1.0.png,2102.0,640.0,640.0,4.0,1,train,positive_annotated
2051,2051.0_1.0.png,2051.0,640.0,640.0,7.0,1,train,positive_annotated
818,818.0_1.0.png,1071.0,640.0,640.0,10.0,1,train,positive_annotated
2357,2357.0_1.0.png,2357.0,640.0,640.0,16.0,1,train,positive_annotated
295,295.0_1.0.png,218.0,640.0,640.0,4.0,1,train,positive_annotated
1856,1856.0_1.0.png,1856.0,640.0,640.0,12.0,1,train,positive_annotated
1033,1033.0_1.0.png,661.0,640.0,640.0,1.0,1,train,positive_annotated
2010,2010.0_1.0.png,2010.0,640.0,640.0,8.0,1,train,positive_annotated
1798,1798.0_1.0.png,1798.0,640.0,640.0,28.0,1,train,positive_annotated
1410,1410.0_1.0.png,1410.0,640.0,640.0,4.0,1,train,positive_annotated
418,418.0_1.0.png,355.0,640.0,640.0,3.0,1,train,positive_annotated
373,373.0_1.0.png,305.0,640.0,640.0,6.0,1,train,positive_annotated
1585,1585.0_1.0.png,1585.0,640.0,640.0,15.0,1,train,positive_annotated
2348,2348.0_1.0.png,2348.0,640.0,640.0,3.0,1,train,positive_annotated
1254,1254.0_1.0.png,1254.0,640.0,640.0,17.0,1,train,positive_annotated
1024,1024.0_1.0.png,652.0,640.0,640.0,11.0,1,train,positive_annotated
880,880.0_1.0.png,1133.0,640.0,640.0,7.0,1,train,positive_annotated
1537,1537.0_1.0.png,1537.0,640.0,640.0,4.0,1,train,positive_annotated
368,368.0_1.0.png,299.0,640.0,640.0,20.0,1,train,positive_annotated
2090,2090.0_1.0.png,2090.0,640.0,640.0,17.0,1,train,positive_annotated
1786,1786.0_1.0.png,1786.0,640.0,640.0,9.0,1,train,positive_annotated
13,13.0_1.0.png,35.0,640.0,640.0,13.0,1,train,positive_annotated
1009,1009.0_1.0.png,637.0,640.0,640.0,6.0,1,train,positive_annotated
187,187.0_1.0.png,98.0,640.0,640.0,7.0,1,train,positive_annotated
285,285.0_1.0.png,207.0,640.0,640.0,12.0,1,train,positive_annotated
2488,2488.0_1.0.png,2488.0,640.0,640.0,18.0,1,train,positive_annotated
2322,2322.0_1.0.png,2322.0,640.0,640.0,8.0,1,train,positive_annotated
1014,1014.0_1.0.png,642.0,640.0,640.0,4.0,1,train,positive_annotated
283,283.0_1.0.png,205.0,640.0,640.0,6.0,1,train,positive_annotated
954,954.0_1.0.png,1207.0,640.0,640.0,6.0,1,train,positive_annotated
151,151.0_1.0.png,59.0,640.0,640.0,17.0,1,train,positive_annotated
357,357.0_1.0.png,287.0,640.0,640.0,11.0,1,train,positive_annotated
2086,2086.0_1.0.png,2086.0,640.0,640.0,3.0,1,train,positive_annotated
2287,2287.0_1.0.png,2287.0,640.0,640.0,28.0,1,train,positive_annotated
1605,1605.0_1.0.png,1605.0,640.0,640.0,16.0,1,train,positive_annotated
625,625.0_1.0.png,585.0,640.0,640.0,6.0,1,train,positive_annotated
152,152.0_1.0.png,60.0,640.0,640.0,25.0,1,train,positive_annotated
123,123.0_1.0.png,28.0,640.0,640.0,11.0,1,train,positive_annotated
596,596.0_1.0.png,552.0,640.0,640.0,7.0,1,train,positive_annotated
246,246.0_1.0.png,164.0,640.0,640.0,6.0,1,train,positive_annotated
817,817.0_1.0.png,1070.0,640.0,640.0,22.0,1,train,positive_annotated
2320,2320.0_1.0.png,2320.0,640.0,640.0,23.0,1,train,positive_annotated
2004,2004.0_1.0.png,2004.0,640.0,640.0,7.0,1,train,positive_annotated
365,365.0_1.0.png,296.0,640.0,640.0,5.0,1,train,positive_annotated
1716,1716.0_1.0.png,1716.0,640.0,640.0,12.0,1,train,positive_annotated
1564,1564.0_1.0.png,1564.0,640.0,640.0,22.0,1,train,positive_annotated
808,808.0_1.0.png,1061.0,640.0,640.0,25.0,1,train,positive_annotated
956,956.0_1.0.png,1209.0,640.0,640.0,9.0,1,train,positive_annotated
212,212.0_1.0.png,127.0,640.0,640.0,15.0,1,train,positive_annotated
642,642.0_1.0.png,895.0,640.0,640.0,6.0,1,train,positive_annotated
1069,1069.0_1.0.png,697.0,640.0,640.0,12.0,1,train,positive_annotated
565,565.0_1.0.png,518.0,640.0,640.0,8.0,1,train,positive_annotated
1600,1600.0_1.0.png,1600.0,640.0,640.0,31.0,1,train,positive_annotated
1590,1590.0_1.0.png,1590.0,640.0,640.0,19.0,1,train,positive_annotated
729,729.0_1.0.png,982.0,640.0,640.0,21.0,1,train,positive_annotated
4,4.0_1.0.png,334.0,640.0,640.0,8.0,1,train,positive_annotated
2358,2358.0_1.0.png,2358.0,640.0,640.0,27.0,1,train,positive_annotated
527,527.0_1.0.png,476.0,640.0,640.0,11.0,1,train,positive_annotated
6,6.0_1.0.png,556.0,640.0,640.0,1.0,1,train,positive_annotated
1808,1808.0_1.0.png,1808.0,640.0,640.0,32.0,1,train,positive_annotated
1874,1874.0_1.0.png,1874.0,640.0,640.0,8.0,1,train,positive_annotated
612,612.0_1.0.png,571.0,640.0,640.0,20.0,1,train,positive_annotated
250,250.0_1.0.png,169.0,640.0,640.0,3.0,1,train,positive_annotated
1193,1193.0_1.0.png,821.0,640.0,640.0,4.0,1,train,positive_annotated
607,607.0_1.0.png,565.0,640.0,640.0,4.0,1,train,positive_annotated
265,265.0_1.0.png,185.0,640.0,640.0,10.0,1,train,positive_annotated
1011,1011.0_1.0.png,639.0,640.0,640.0,3.0,1,train,positive_annotated
1772,1772.0_1.0.png,1772.0,640.0,640.0,27.0,1,train,positive_annotated
1300,1300.0_1.0.png,1300.0,640.0,640.0,11.0,1,train,positive_annotated
1619,1619.0_1.0.png,1619.0,640.0,640.0,3.0,1,train,positive_annotated
1487,1487.0_1.0.png,1487.0,640.0,640.0,30.0,1,train,positive_annotated
950,950.0_1.0.png,1203.0,640.0,640.0,6.0,1,train,positive_annotated
1941,1941.0_1.0.png,1941.0,640.0,640.0,6.0,1,train,positive_annotated
1783,1783.0_1.0.png,1783.0,640.0,640.0,6.0,1,train,positive_annotated
303,303.0_1.0.png,228.0,640.0,640.0,15.0,1,train,positive_annotated
748,748.0_1.0.png,1001.0,640.0,640.0,14.0,1,train,positive_annotated
1644,1644.0_1.0.png,1644.0,640.0,640.0,8.0,1,train,positive_annotated
350,350.0_1.0.png,280.0,640.0,640.0,22.0,1,train,positive_annotated
785,785.0_1.0.png,1038.0,640.0,640.0,7.0,1,train,positive_annotated
2237,2237.0_1.0.png,2237.0,640.0,640.0,3.0,1,train,positive_annotated
479,479.0_1.0.png,422.0,640.0,640.0,4.0,1,train,positive_annotated
669,669.0_1.0.png,922.0,640.0,640.0,15.0,1,train,positive_annotated
2475,2475.0_1.0.png,2475.0,640.0,640.0,8.0,1,train,positive_annotated
702,702.0_1.0.png,955.0,640.0,640.0,3.0,1,train,positive_annotated
2350,2350.0_1.0.png,2350.0,640.0,640.0,11.0,1,train,positive_annotated
1698,1698.0_1.0.png,1698.0,640.0,640.0,8.0,1,train,positive_annotated
249,249.0_1.0.png,167.0,640.0,640.0,9.0,1,train,positive_annotated
1597,1597.0_1.0.png,1597.0,640.0,640.0,13.0,1,train,positive_annotated
1309,1309.0_1.0.png,1309.0,640.0,640.0,12.0,1,train,positive_annotated
1813,1813.0_1.0.png,1813.0,640.0,640.0,23.0,1,train,positive_annotated
1944,1944.0_1.0.png,1944.0,640.0,640.0,4.0,1,train,positive_annotated
73,73.0_1.0.png,597.0,640.0,640.0,11.0,1,train,positive_annotated
25,25.0_1.0.png,168.0,640.0,640.0,10.0,1,train,positive_annotated
1378,1378.0_1.0.png,1378.0,640.0,640.0,12.0,1,train,positive_annotated
158,158.0_1.0.png,66.0,640.0,640.0,5.0,1,train,positive_annotated
601,601.0_1.0.png,559.0,640.0,640.0,5.0,1,train,positive_annotated
918,918.0_1.0.png,1171.0,640.0,640.0,20.0,1,train,positive_annotated
2112,2112.0_1.0.png,2112.0,640.0,640.0,5.0,1,train,positive_annotated
92,92.0_1.0.png,618.0,640.0,640.0,5.0,1,train,positive_annotated
1401,1401.0_1.0.png,1401.0,640.0,640.0,11.0,1,train,positive_annotated
1814,1814.0_1.0.png,1814.0,640.0,640.0,4.0,1,train,positive_annotated
1611,1611.0_1.0.png,1611.0,640.0,640.0,24.0,1,train,positive_annotated
1466,1466.0_1.0.png,1466.0,640.0,640.0,8.0,1,train,positive_annotated
544,544.0_1.0.png,495.0,640.0,640.0,16.0,1,train,positive_annotated
2168,2168.0_1.0.png,2168.0,640.0,640.0,4.0,1,train,positive_annotated
2387,2387.0_1.0.png,2387.0,640.0,640.0,2.0,1,train,positive_annotated
1872,1872.0_1.0.png,1872.0,640.0,640.0,15.0,1,train,positive_annotated
1565,1565.0_1.0.png,1565.0,640.0,640.0,36.0,1,train,positive_annotated
2458,2458.0_1.0.png,2458.0,640.0,640.0,12.0,1,train,positive_annotated
404,404.0_1.0.png,340.0,640.0,640.0,1.0,1,train,positive_annotated
2198,2198.0_1.0.png,2198.0,640.0,640.0,6.0,1,train,positive_annotated
1576,1576.0_1.0.png,1576.0,640.0,640.0,17.0,1,train,positive_annotated
1152,1152.0_1.0.png,780.0,640.0,640.0,16.0,1,train,positive_annotated
1157,1157.0_1.0.png,785.0,640.0,640.0,2.0,1,train,positive_annotated
1656,1656.0_1.0.png,1656.0,640.0,640.0,10.0,1,train,positive_annotated
1848,1848.0_1.0.png,1848.0,640.0,640.0,4.0,1,train,positive_annotated
1468,1468.0_1.0.png,1468.0,640.0,640.0,10.0,1,train,positive_annotated
752,752.0_1.0.png,1005.0,640.0,640.0,1.0,1,train,positive_annotated
406,406.0_1.0.png,342.0,640.0,640.0,11.0,1,train,positive_annotated
1383,1383.0_1.0.png,1383.0,640.0,640.0,9.0,1,train,positive_annotated
84,84.0_1.0.png,609.0,640.0,640.0,11.0,1,train,positive_annotated
28,28.0_1.0.png,201.0,640.0,640.0,3.0,1,train,positive_annotated
1966,1966.0_1.0.png,1966.0,640.0,640.0,9.0,1,train,positive_annotated
590,590.0_1.0.png,546.0,640.0,640.0,12.0,1,train,positive_annotated
819,819.0_1.0.png,1072.0,640.0,640.0,32.0,1,train,positive_annotated
60,60.0_1.0.png,557.0,640.0,640.0,11.0,1,train,positive_annotated
721,721.0_1.0.png,974.0,640.0,640.0,31.0,1,train,positive_annotated
336,336.0_1.0.png,264.0,640.0,640.0,13.0,1,train,positive_annotated
812,812.0_1.0.png,1065.0,640.0,640.0,20.0,1,train,positive_annotated
1658,1658.0_1.0.png,1658.0,640.0,640.0,5.0,1,train,positive_annotated
706,706.0_1.0.png,959.0,640.0,640.0,4.0,1,train,positive_annotated
8,8.0_1.0.png,604.0,640.0,640.0,12.0,1,train,positive_annotated
1428,1428.0_1.0.png,1428.0,640.0,640.0,10.0,1,train,positive_annotated
910,910.0_1.0.png,1163.0,640.0,640.0,23.0,1,train,positive_annotated
1178,1178.0_1.0.png,806.0,640.0,640.0,12.0,1,train,positive_annotated
376,376.0_1.0.png,308.0,640.0,640.0,6.0,1,train,positive_annotated
50,50.0_1.0.png,446.0,640.0,640.0,13.0,1,train,positive_annotated
2025,2025.0_1.0.png,2025.0,640.0,640.0,28.0,1,train,positive_annotated
116,116.0_1.0.png,20.0,640.0,640.0,3.0,1,train,positive_annotated
390,390.0_1.0.png,324.0,640.0,640.0,8.0,1,train,positive_annotated
1210,1210.0_1.0.png,838.0,640.0,640.0,36.0,1,train,positive_annotated
261,261.0_1.0.png,181.0,640.0,640.0,10.0,1,train,positive_annotated
235,235.0_1.0.png,152.0,640.0,640.0,4.0,1,train,positive_annotated
1282,1282.0_1.0.png,1282.0,640.0,640.0,6.0,1,train,positive_annotated
1753,1753.0_1.0.png,1753.0,640.0,640.0,11.0,1,train,positive_annotated
1552,1552_1.png,1552.0,640.0,640.0,15.0,1,train,positive_annotated
900,900.0_1.0.png,1153.0,640.0,640.0,16.0,1,train,positive_annotated
1227,1227.0_1.0.png,855.0,640.0,640.0,19.0,1,train,positive_annotated
1882,1882.0_1.0.png,1882.0,640.0,640.0,10.0,1,train,positive_annotated
1532,1532.0_1.0.png,1532.0,640.0,640.0,9.0,1,train,positive_annotated
2159,2159.0_1.0.png,2159.0,640.0,640.0,13.0,1,train,positive_annotated
386,386.0_1.0.png,319.0,640.0,640.0,11.0,1,train,positive_annotated
587,587.0_1.0.png,542.0,640.0,640.0,10.0,1,train,positive_annotated
254,254.0_1.0.png,173.0,640.0,640.0,15.0,1,train,positive_annotated
728,728.0_1.0.png,981.0,640.0,640.0,41.0,1,train,positive_annotated
2340,2340.0_1.0.png,2340.0,640.0,640.0,9.0,1,train,positive_annotated
598,598.0_1.0.png,554.0,640.0,640.0,11.0,1,train,positive_annotated
2062,2062.0_1.0.png,2062.0,640.0,640.0,16.0,1,train,positive_annotated
679,679.0_1.0.png,932.0,640.0,640.0,8.0,1,train,positive_annotated
1643,1643.0_1.0.png,1643.0,640.0,640.0,40.0,1,train,positive_annotated
1205,1205.0_1.0.png,833.0,640.0,640.0,36.0,1,train,positive_annotated
1780,1780.0_1.0.png,1780.0,640.0,640.0,16.0,1,train,positive_annotated
67,67.0_1.0.png,590.0,640.0,640.0,2.0,1,train,positive_annotated
1717,1717.0_1.0.png,1717.0,640.0,640.0,10.0,1,train,positive_annotated
99,99.0_1.0.png,625.0,640.0,640.0,14.0,1,train,positive_annotated
755,755.0_1.0.png,1008.0,640.0,640.0,9.0,1,train,positive_annotated
1517,1517.0_1.0.png,1517.0,640.0,640.0,11.0,1,train,positive_annotated
2211,2211.0_1.0.png,2211.0,640.0,640.0,9.0,1,train,positive_annotated
308,308.0_1.0.png,233.0,640.0,640.0,25.0,1,train,positive_annotated
1522,1522.0_1.0.png,1522.0,640.0,640.0,14.0,1,train,positive_annotated
401,401.0_1.0.png,337.0,640.0,640.0,16.0,1,train,positive_annotated
1541,1541.0_1.0.png,1541.0,640.0,640.0,2.0,1,train,positive_annotated
1726,1726.0_1.0.png,1726.0,640.0,640.0,22.0,1,train,positive_annotated
957,957.0_1.0.png,1210.0,640.0,640.0,8.0,1,train,positive_annotated
1348,1348.0_1.0.png,1348.0,640.0,640.0,2.0,1,train,positive_annotated
2298,2298.0_1.0.png,2298.0,640.0,640.0,2.0,1,train,positive_annotated
120,120.0_1.0.png,25.0,640.0,640.0,25.0,1,train,positive_annotated
45,45.0_1.0.png,390.0,640.0,640.0,3.0,1,train,positive_annotated
137,137.0_1.0.png,43.0,640.0,640.0,3.0,1,train,positive_annotated
226,226.0_1.0.png,142.0,640.0,640.0,9.0,1,train,positive_annotated
57,57.0_1.0.png,523.0,640.0,640.0,8.0,1,train,positive_annotated
610,610.0_1.0.png,569.0,640.0,640.0,7.0,1,train,positive_annotated
75,75.0_1.0.png,599.0,640.0,640.0,6.0,1,train,positive_annotated
1727,1727.0_1.0.png,1727.0,640.0,640.0,16.0,1,train,positive_annotated
2115,2115.0_1.0.png,2115.0,640.0,640.0,10.0,1,train,positive_annotated
2339,2339.0_1.0.png,2339.0,640.0,640.0,15.0,1,train,positive_annotated
201,201.0_1.0.png,115.0,640.0,640.0,12.0,1,train,positive_annotated
150,150.0_1.0.png,58.0,640.0,640.0,28.0,1,train,positive_annotated
1012,1012.0_1.0.png,640.0,640.0,640.0,14.0,1,train,positive_annotated
903,903.0_1.0.png,1156.0,640.0,640.0,12.0,1,train,positive_annotated
145,145.0_1.0.png,52.0,640.0,640.0,25.0,1,train,positive_annotated
87,87.0_1.0.png,612.0,640.0,640.0,16.0,1,train,positive_annotated
2031,2031.0_1.0.png,2031.0,640.0,640.0,5.0,1,train,positive_annotated
2105,2105.0_1.0.png,2105.0,640.0,640.0,10.0,1,train,positive_annotated
606,606.0_1.0.png,564.0,640.0,640.0,22.0,1,train,positive_annotated
2175,2175.0_1.0.png,2175.0,640.0,640.0,16.0,1,train,positive_annotated
1883,1883.0_1.0.png,1883.0,640.0,640.0,18.0,1,train,positive_annotated
1108,1108.0_1.0.png,736.0,640.0,640.0,6.0,1,train,positive_annotated
181,181.0_1.0.png,92.0,640.0,640.0,4.0,1,train,positive_annotated
273,273.0_1.0.png,194.0,640.0,640.0,8.0,1,train,positive_annotated
1482,1482.0_1.0.png,1482.0,640.0,640.0,30.0,1,train,positive_annotated
504,504.0_1.0.png,451.0,640.0,640.0,6.0,1,train,positive_annotated
2252,2252.0_1.0.png,2252.0,640.0,640.0,9.0,1,train,positive_annotated
968,968.0_1.0.png,1220.0,640.0,640.0,12.0,1,train,positive_annotated
1513,1513.0_1.0.png,1513.0,640.0,640.0,20.0,1,train,positive_annotated
1649,1649.0_1.0.png,1649.0,640.0,640.0,25.0,1,train,positive_annotated
105,105.0_1.0.png,8.0,640.0,640.0,17.0,1,train,positive_annotated
1588,1588.0_1.0.png,1588.0,640.0,640.0,11.0,1,train,positive_annotated
912,912.0_1.0.png,1165.0,640.0,640.0,6.0,1,train,positive_annotated
833,833.0_1.0.png,1086.0,640.0,640.0,21.0,1,train,positive_annotated
1709,1709.0_1.0.png,1709.0,640.0,640.0,1.0,1,train,positive_annotated
112,112.0_1.0.png,16.0,640.0,640.0,13.0,1,train,positive_annotated
489,489.0_1.0.png,433.0,640.0,640.0,4.0,1,train,positive_annotated
81,81.0_1.0.png,606.0,640.0,640.0,14.0,1,train,positive_annotated
647,647.0_1.0.png,900.0,640.0,640.0,7.0,1,train,positive_annotated
1632,1632.0_1.0.png,1632.0,640.0,640.0,35.0,1,train,positive_annotated
2165,2165.0_1.0.png,2165.0,640.0,640.0,1.0,1,train,positive_annotated
1373,1373.0_1.0.png,1373.0,640.0,640.0,36.0,1,train,positive_annotated
1034,1034.0_1.0.png,662.0,640.0,640.0,4.0,1,train,positive_annotated
1477,1477.0_1.0.png,1477.0,640.0,640.0,13.0,1,train,positive_annotated
2316,2316.0_1.0.png,2316.0,640.0,640.0,16.0,1,train,positive_annotated
2284,2284.0_1.0.png,2284.0,640.0,640.0,23.0,1,train,positive_annotated
2210,2210.0_1.0.png,2210.0,640.0,640.0,14.0,1,train,positive_annotated
865,865.0_1.0.png,1118.0,640.0,640.0,24.0,1,train,positive_annotated
1114,1114.0_1.0.png,742.0,640.0,640.0,26.0,1,train,positive_annotated
431,431.0_1.0.png,370.0,640.0,640.0,1.0,1,train,positive_annotated
257,257.0_1.0.png,176.0,640.0,640.0,10.0,1,train,positive_annotated
2059,2059.0_1.0.png,2059.0,640.0,640.0,22.0,1,train,positive_annotated
293,293.0_1.0.png,216.0,640.0,640.0,8.0,1,train,positive_annotated
1480,1480.0_1.0.png,1480.0,640.0,640.0,12.0,1,train,positive_annotated
1615,1615.0_1.0.png,1615.0,640.0,640.0,8.0,1,train,positive_annotated
129,129.0_1.0.png,34.0,640.0,640.0,16.0,1,train,positive_annotated
2191,2191.0_1.0.png,2191.0,640.0,640.0,13.0,1,train,positive_annotated
763,763.0_1.0.png,1016.0,640.0,640.0,26.0,1,train,positive_annotated
274,274.0_1.0.png,195.0,640.0,640.0,16.0,1,train,positive_annotated
1986,1986.0_1.0.png,1986.0,640.0,640.0,22.0,1,train,positive_annotated
2496,2496.0_1.0.png,2496.0,640.0,640.0,5.0,1,train,positive_annotated
102,102.0_1.0.png,5.0,640.0,640.0,2.0,1,train,positive_annotated
1681,1681.0_1.0.png,1681.0,640.0,640.0,15.0,1,train,positive_annotated
34,34.0_1.0.png,268.0,640.0,640.0,5.0,1,train,positive_annotated
2001,2001.0_1.0.png,2001.0,640.0,640.0,16.0,1,train,positive_annotated
2282,2282.0_1.0.png,2282.0,640.0,640.0,6.0,1,train,positive_annotated
506,506.0_1.0.png,453.0,640.0,640.0,4.0,1,train,positive_annotated
810,810.0_1.0.png,1063.0,640.0,640.0,3.0,1,train,positive_annotated
1718,1718.0_1.0.png,1718.0,640.0,640.0,9.0,1,train,positive_annotated
2074,2074.0_1.0.png,2074.0,640.0,640.0,3.0,1,train,positive_annotated
1,1.0_1.0.png,1.0,640.0,640.0,3.0,1,train,positive_annotated
1875,1875.0_1.0.png,1875.0,640.0,640.0,10.0,1,train,positive_annotated
1232,1232.0_1.0.png,860.0,640.0,640.0,17.0,1,train,positive_annotated
1241,1241.0_1.0.png,869.0,640.0,640.0,16.0,1,train,positive_annotated
2242,2242.0_1.0.png,2242.0,640.0,640.0,3.0,1,train,positive_annotated
89,89.0_1.0.png,614.0,640.0,640.0,11.0,1,train,positive_annotated
1754,1754.0_1.0.png,1754.0,640.0,640.0,26.0,1,train,positive_annotated
767,767.0_1.0.png,1020.0,640.0,640.0,11.0,1,train,positive_annotated
1983,1983.0_1.0.png,1983.0,640.0,640.0,12.0,1,train,positive_annotated
1175,1175.0_1.0.png,803.0,640.0,640.0,20.0,1,train,positive_annotated
873,873.0_1.0.png,1126.0,640.0,640.0,19.0,1,train,positive_annotated
2385,2385.0_1.0.png,2385.0,640.0,640.0,4.0,1,train,positive_annotated
1744,1744.0_1.0.png,1744.0,640.0,640.0,16.0,1,train,positive_annotated
2157,2157.0_1.0.png,2157.0,640.0,640.0,10.0,1,train,positive_annotated
2037,2037.0_1.0.png,2037.0,640.0,640.0,10.0,1,train,positive_annotated
452,452.0_1.0.png,393.0,640.0,640.0,2.0,1,train,positive_annotated
427,427.0_1.0.png,365.0,640.0,640.0,8.0,1,train,positive_annotated
1818,1818.0_1.0.png,1818.0,640.0,640.0,40.0,1,train,positive_annotated
1826,1826.0_1.0.png,1826.0,640.0,640.0,17.0,1,train,positive_annotated
114,114.0_1.0.png,18.0,640.0,640.0,19.0,1,train,positive_annotated
782,782.0_1.0.png,1035.0,640.0,640.0,27.0,1,train,positive_annotated
1920,1920.0_1.0.png,1920.0,640.0,640.0,10.0,1,train,positive_annotated
933,933.0_1.0.png,1186.0,640.0,640.0,16.0,1,train,positive_annotated
1384,1384.0_1.0.png,1384.0,640.0,640.0,5.0,1,train,positive_annotated
69,69.0_1.0.png,592.0,640.0,640.0,1.0,1,train,positive_annotated
1453,1453.0_1.0.png,1453.0,640.0,640.0,2.0,1,train,positive_annotated
962,962.0_1.0.png,1214.0,640.0,640.0,20.0,1,train,positive_annotated
1846,1846.0_1.0.png,1846.0,640.0,640.0,3.0,1,train,positive_annotated
1409,1409.0_1.0.png,1409.0,640.0,640.0,8.0,1,train,positive_annotated
245,245.0_1.0.png,163.0,640.0,640.0,11.0,1,train,positive_annotated
159,159.0_1.0.png,67.0,640.0,640.0,1.0,1,train,positive_annotated
1219,1219.0_1.0.png,847.0,640.0,640.0,32.0,1,train,positive_annotated
416,416.0_1.0.png,353.0,640.0,640.0,11.0,1,train,positive_annotated
1945,1945.0_1.0.png,1945.0,640.0,640.0,16.0,1,train,positive_annotated
1279,1279.0_1.0.png,1279.0,640.0,640.0,19.0,1,train,positive_annotated
2394,2394.0_1.0.png,2394.0,640.0,640.0,6.0,1,train,positive_annotated
2043,2043.0_1.0.png,2043.0,640.0,640.0,16.0,1,train,positive_annotated
1422,1422.0_1.0.png,1422.0,640.0,640.0,17.0,1,train,positive_annotated
1413,1413.0_1.0.png,1413.0,640.0,640.0,20.0,1,train,positive_annotated
2184,2184.0_1.0.png,2184.0,640.0,640.0,7.0,1,train,positive_annotated
1725,1725.0_1.0.png,1725.0,640.0,640.0,18.0,1,train,positive_annotated
10,10.0_1.0.png,2.0,640.0,640.0,10.0,1,train,positive_annotated
507,507.0_1.0.png,454.0,640.0,640.0,14.0,1,train,positive_annotated
802,802.0_1.0.png,1055.0,640.0,640.0,14.0,1,train,positive_annotated
280,280.0_1.0.png,202.0,640.0,640.0,7.0,1,train,positive_annotated
993,993.0_1.0.png,1244.0,640.0,640.0,8.0,1,train,positive_annotated
432,432.0_1.0.png,371.0,640.0,640.0,10.0,1,train,positive_annotated
1790,1790.0_1.0.png,1790.0,640.0,640.0,25.0,1,train,positive_annotated
1022,1022.0_1.0.png,650.0,640.0,640.0,17.0,1,train,positive_annotated
1043,1043.0_1.0.png,671.0,640.0,640.0,12.0,1,train,positive_annotated
853,853.0_1.0.png,1106.0,640.0,640.0,8.0,1,train,positive_annotated
1674,1674.0_1.0.png,1674.0,640.0,640.0,27.0,1,train,positive_annotated
519,519.0_1.0.png,467.0,640.0,640.0,9.0,1,train,positive_annotated
1724,1724.0_1.0.png,1724.0,640.0,640.0,18.0,1,train,positive_annotated
1367,1367.0_1.0.png,1367.0,640.0,640.0,16.0,1,train,positive_annotated
1308,1308.0_1.0.png,1308.0,640.0,640.0,16.0,1,train,positive_annotated
1082,1082.0_1.0.png,710.0,640.0,640.0,25.0,1,train,positive_annotated
562,562.0_1.0.png,515.0,640.0,640.0,4.0,1,train,positive_annotated
838,838.0_1.0.png,1091.0,640.0,640.0,6.0,1,train,positive_annotated
43,43.0_1.0.png,368.0,640.0,640.0,12.0,1,train,positive_annotated
979,979.0_1.0.png,1231.0,640.0,640.0,20.0,1,train,positive_annotated
825,825.0_1.0.png,1078.0,640.0,640.0,4.0,1,train,positive_annotated
604,604.0_1.0.png,562.0,640.0,640.0,9.0,1,train,positive_annotated
1343,1343.0_1.0.png,1343.0,640.0,640.0,6.0,1,train,positive_annotated
1493,1493.0_1.0.png,1493.0,640.0,640.0,11.0,1,train,positive_annotated
791,791.0_1.0.png,1044.0,640.0,640.0,14.0,1,train,positive_annotated
1903,1903.0_1.0.png,1903.0,640.0,640.0,32.0,1,train,positive_annotated
2121,2121.0_1.0.png,2121.0,640.0,640.0,10.0,1,train,positive_annotated
1527,1527.0_1.0.png,1527.0,640.0,640.0,1.0,1,train,positive_annotated
1283,1283.0_1.0.png,1283.0,640.0,640.0,8.0,1,train,positive_annotated
1158,1158.0_1.0.png,786.0,640.0,640.0,11.0,1,train,positive_annotated
415,415.0_1.0.png,352.0,640.0,640.0,16.0,1,train,positive_annotated
756,756.0_1.0.png,1009.0,640.0,640.0,3.0,1,train,positive_annotated
1595,1595.0_1.0.png,1595.0,640.0,640.0,21.0,1,train,positive_annotated
2247,2247.0_1.0.png,2247.0,640.0,640.0,8.0,1,train,positive_annotated
399,399.0_1.0.png,333.0,640.0,640.0,8.0,1,train,positive_annotated
1091,1091.0_1.0.png,719.0,640.0,640.0,14.0,1,train,positive_annotated
887,887.0_1.0.png,1140.0,640.0,640.0,9.0,1,train,positive_annotated
831,831.0_1.0.png,1084.0,640.0,640.0,30.0,1,train,positive_annotated
1508,1508.0_1.0.png,1508.0,640.0,640.0,31.0,1,train,positive_annotated
1164,1164.0_1.0.png,792.0,640.0,640.0,15.0,1,train,positive_annotated
1094,1094.0_1.0.png,722.0,640.0,640.0,11.0,1,train,positive_annotated
2083,2083.0_1.0.png,2083.0,640.0,640.0,31.0,1,train,positive_annotated
2035,2035.0_1.0.png,2035.0,640.0,640.0,2.0,1,train,positive_annotated
2353,2353.0_1.0.png,2353.0,640.0,640.0,4.0,1,train,positive_annotated
2158,2158.0_1.0.png,2158.0,640.0,640.0,35.0,1,train,positive_annotated
1761,1761.0_1.0.png,1761.0,640.0,640.0,11.0,1,train,positive_annotated
2082,2082.0_1.0.png,2082.0,640.0,640.0,6.0,1,train,positive_annotated
1479,1479.0_1.0.png,1479.0,640.0,640.0,29.0,1,train,positive_annotated
1840,1840.0_1.0.png,1840.0,640.0,640.0,3.0,1,train,positive_annotated
2039,2039.0_1.0.png,2039.0,640.0,640.0,4.0,1,train,positive_annotated
1589,1589.0_1.0.png,1589.0,640.0,640.0,15.0,1,train,positive_annotated
1629,1629.0_1.0.png,1629.0,640.0,640.0,22.0,1,train,positive_annotated
2245,2245.0_1.0.png,2245.0,640.0,640.0,15.0,1,train,positive_annotated
1399,1399.0_1.0.png,1399.0,640.0,640.0,13.0,1,train,positive_annotated
2425,2425.0_1.0.png,2425.0,640.0,640.0,13.0,1,train,positive_annotated
2319,2319.0_1.0.png,2319.0,640.0,640.0,16.0,1,train,positive_annotated
1379,1379.0_1.0.png,1379.0,640.0,640.0,23.0,1,train,positive_annotated
996,996.0_1.0.png,1247.0,640.0,640.0,43.0,1,train,positive_annotated
86,86.0_1.0.png,611.0,640.0,640.0,22.0,1,train,positive_annotated
1312,1312.0_1.0.png,1312.0,640.0,640.0,30.0,1,train,positive_annotated
921,921.0_1.0.png,1174.0,640.0,640.0,34.0,1,train,positive_annotated
2397,2397.0_1.0.png,2397.0,640.0,640.0,5.0,1,train,positive_annotated
760,760.0_1.0.png,1013.0,640.0,640.0,13.0,1,train,positive_annotated
2092,2092.0_1.0.png,2092.0,640.0,640.0,6.0,1,train,positive_annotated
63,63.0_1.0.png,586.0,640.0,640.0,8.0,1,train,positive_annotated
146,146.0_1.0.png,53.0,640.0,640.0,16.0,1,train,positive_annotated
1277,1277.0_1.0.png,1277.0,640.0,640.0,13.0,1,train,positive_annotated
1055,1055.0_1.0.png,683.0,640.0,640.0,20.0,1,train,positive_annotated
1048,1048.0_1.0.png,676.0,640.0,640.0,9.0,1,train,positive_annotated
930,930.0_1.0.png,1183.0,640.0,640.0,9.0,1,train,positive_annotated
1596,1596.0_1.0.png,1596.0,640.0,640.0,19.0,1,train,positive_annotated
1861,1861.0_1.0.png,1861.0,640.0,640.0,14.0,1,train,positive_annotated
1704,1704.0_1.0.png,1704.0,640.0,640.0,40.0,1,train,positive_annotated
1356,1356.0_1.0.png,1356.0,640.0,640.0,41.0,1,train,positive_annotated
566,566.0_1.0.png,519.0,640.0,640.0,8.0,1,train,positive_annotated
2466,2466.0_1.0.png,2466.0,640.0,640.0,7.0,1,train,positive_annotated
388,388.0_1.0.png,321.0,640.0,640.0,10.0,1,train,positive_annotated
429,429.0_1.0.png,367.0,640.0,640.0,6.0,1,train,positive_annotated
1150,1150.0_1.0.png,778.0,640.0,640.0,4.0,1,train,positive_annotated
1542,1542.0_1.0.png,1542.0,640.0,640.0,21.0,1,train,positive_annotated
1006,1006.0_1.0.png,634.0,640.0,640.0,21.0,1,train,positive_annotated
935,935.0_1.0.png,1188.0,640.0,640.0,26.0,1,train,positive_annotated
2433,2433.0_1.0.png,2433.0,640.0,640.0,8.0,1,train,positive_annotated
535,535.0_1.0.png,485.0,640.0,640.0,12.0,1,train,positive_annotated
2012,2012.0_1.0.png,2012.0,640.0,640.0,21.0,1,train,positive_annotated
1979,1979.0_1.0.png,1979.0,640.0,640.0,7.0,1,train,positive_annotated
1907,1907.0_1.0.png,1907.0,640.0,640.0,34.0,1,train,positive_annotated
738,738.0_1.0.png,991.0,640.0,640.0,30.0,1,train,positive_annotated
188,188.0_1.0.png,99.0,640.0,640.0,30.0,1,train,positive_annotated
1641,1641.0_1.0.png,1641.0,640.0,640.0,29.0,1,train,positive_annotated
1287,1287.0_1.0.png,1287.0,640.0,640.0,45.0,1,train,positive_annotated
40,40.0_1.0.png,335.0,640.0,640.0,9.0,1,train,positive_annotated
1728,1728.0_1.0.png,1728.0,640.0,640.0,5.0,1,train,positive_annotated
807,807.0_1.0.png,1060.0,640.0,640.0,33.0,1,train,positive_annotated
97,97.0_1.0.png,623.0,640.0,640.0,3.0,1,train,positive_annotated
182,182.0_1.0.png,93.0,640.0,640.0,19.0,1,train,positive_annotated
1347,1347.0_1.0.png,1347.0,640.0,640.0,15.0,1,train,positive_annotated
986,986.0_1.0.png,1238.0,640.0,640.0,11.0,1,train,positive_annotated
1841,1841.0_1.0.png,1841.0,640.0,640.0,1.0,1,train,positive_annotated
2288,2288.0_1.0.png,2288.0,640.0,640.0,14.0,1,train,positive_annotated
2432,2432.0_1.0.png,2432.0,640.0,640.0,13.0,1,train,positive_annotated
1224,1224.0_1.0.png,852.0,640.0,640.0,12.0,1,train,positive_annotated
1294,1294.0_1.0.png,1294.0,640.0,640.0,19.0,1,train,positive_annotated
1475,1475.0_1.0.png,1475.0,640.0,640.0,15.0,1,train,positive_annotated
1858,1858.0_1.0.png,1858.0,640.0,640.0,17.0,1,train,positive_annotated
1505,1505.0_1.0.png,1505.0,640.0,640.0,21.0,1,train,positive_annotated
574,574.0_1.0.png,528.0,640.0,640.0,12.0,1,train,positive_annotated
560,560.0_1.0.png,513.0,640.0,640.0,4.0,1,train,positive_annotated
2119,2119.0_1.0.png,2119.0,640.0,640.0,10.0,1,train,positive_annotated
2193,2193.0_1.0.png,2193.0,640.0,640.0,7.0,1,train,positive_annotated
1692,1692.0_1.0.png,1692.0,640.0,640.0,8.0,1,train,positive_annotated
379,379.0_1.0.png,311.0,640.0,640.0,7.0,1,train,positive_annotated
2249,2249.0_1.0.png,2249.0,640.0,640.0,2.0,1,train,positive_annotated
1328,1328.0_1.0.png,1328.0,640.0,640.0,14.0,1,train,positive_annotated
29,29.0_1.0.png,212.0,640.0,640.0,22.0,1,train,positive_annotated
1713,1713.0_1.0.png,1713.0,640.0,640.0,7.0,1,train,positive_annotated
1360,1360.0_1.0.png,1360.0,640.0,640.0,20.0,1,train,positive_annotated
1807,1807.0_1.0.png,1807.0,640.0,640.0,16.0,1,train,positive_annotated
901,901.0_1.0.png,1154.0,640.0,640.0,12.0,1,train,positive_annotated
1068,1068.0_1.0.png,696.0,640.0,640.0,15.0,1,train,positive_annotated
2372,2372.0_1.0.png,2372.0,640.0,640.0,15.0,1,train,positive_annotated
185,185.0_1.0.png,96.0,640.0,640.0,26.0,1,train,positive_annotated
2374,2374.0_1.0.png,2374.0,640.0,640.0,28.0,1,train,positive_annotated
1339,1339.0_1.0.png,1339.0,640.0,640.0,29.0,1,train,positive_annotated
1715,1715.0_1.0.png,1715.0,640.0,640.0,20.0,1,train,positive_annotated
1400,1400.0_1.0.png,1400.0,640.0,640.0,45.0,1,train,positive_annotated
1909,1909.0_1.0.png,1909.0,640.0,640.0,14.0,1,train,positive_annotated
1026,1026.0_1.0.png,654.0,640.0,640.0,14.0,1,train,positive_annotated
552,552.0_1.0.png,504.0,640.0,640.0,3.0,1,train,positive_annotated
1077,1077.0_1.0.png,705.0,640.0,640.0,19.0,1,train,positive_annotated
1228,1228.0_1.0.png,856.0,640.0,640.0,29.0,1,train,positive_annotated
1160,1160.0_1.0.png,788.0,640.0,640.0,6.0,1,train,positive_annotated
661,661.0_1.0.png,914.0,640.0,640.0,22.0,1,train,positive_annotated
852,852.0_1.0.png,1105.0,640.0,640.0,29.0,1,train,positive_annotated
743,743.0_1.0.png,996.0,640.0,640.0,12.0,1,train,positive_annotated
256,256.0_1.0.png,175.0,640.0,640.0,8.0,1,train,positive_annotated
826,826.0_1.0.png,1079.0,640.0,640.0,7.0,1,train,positive_annotated
2491,2491.0_1.0.png,2491.0,640.0,640.0,20.0,1,train,positive_annotated
2230,2230.0_1.0.png,2230.0,640.0,640.0,5.0,1,train,positive_annotated
1295,1295.0_1.0.png,1295.0,640.0,640.0,8.0,1,train,positive_annotated
2295,2295.0_1.0.png,2295.0,640.0,640.0,7.0,1,train,positive_annotated
1951,1951.0_1.0.png,1951.0,640.0,640.0,16.0,1,train,positive_annotated
2344,2344.0_1.0.png,2344.0,640.0,640.0,5.0,1,train,positive_annotated
1057,1057.0_1.0.png,685.0,640.0,640.0,8.0,1,train,positive_annotated
1351,1351.0_1.0.png,1351.0,640.0,640.0,10.0,1,train,positive_annotated
1195,1195.0_1.0.png,823.0,640.0,640.0,22.0,1,train,positive_annotated
118,118.0_1.0.png,22.0,640.0,640.0,30.0,1,train,positive_annotated
2108,2108.0_1.0.png,2108.0,640.0,640.0,5.0,1,train,positive_annotated
637,637.0_1.0.png,890.0,640.0,640.0,14.0,1,train,positive_annotated
1307,1307.0_1.0.png,1307.0,640.0,640.0,9.0,1,train,positive_annotated
1314,1314.0_1.0.png,1314.0,640.0,640.0,16.0,1,train,positive_annotated
1768,1768.0_1.0.png,1768.0,640.0,640.0,17.0,1,train,positive_annotated
1679,1679.0_1.0.png,1679.0,640.0,640.0,17.0,1,train,positive_annotated
1662,1662.0_1.0.png,1662.0,640.0,640.0,24.0,1,train,positive_annotated
1002,1002.0_1.0.png,630.0,640.0,640.0,13.0,1,train,positive_annotated
1070,1070.0_1.0.png,698.0,640.0,640.0,1.0,1,train,positive_annotated
1177,1177.0_1.0.png,805.0,640.0,640.0,6.0,1,train,positive_annotated
1842,1842.0_1.0.png,1842.0,640.0,640.0,14.0,1,train,positive_annotated
1871,1871.0_1.0.png,1871.0,640.0,640.0,8.0,1,train,positive_annotated
1978,1978.0_1.0.png,1978.0,640.0,640.0,10.0,1,train,positive_annotated
995,995.0_1.0.png,1246.0,640.0,640.0,4.0,1,train,positive_annotated
157,157.0_1.0.png,65.0,640.0,640.0,11.0,1,train,positive_annotated
2449,2449.0_1.0.png,2449.0,640.0,640.0,4.0,1,train,positive_annotated
2097,2097.0_1.0.png,2097.0,640.0,640.0,19.0,1,train,positive_annotated
960,0960_1.png,626.0,640.0,640.0,14.0,1,train,positive_annotated
1767,1767.0_1.0.png,1767.0,640.0,640.0,33.0,1,train,positive_annotated
1570,1570.0_1.0.png,1570.0,640.0,640.0,43.0,1,train,positive_annotated
830,830.0_1.0.png,1083.0,640.0,640.0,28.0,1,train,positive_annotated
811,811.0_1.0.png,1064.0,640.0,640.0,9.0,1,train,positive_annotated
513,513.0_1.0.png,461.0,640.0,640.0,2.0,1,train,positive_annotated
290,290.0_1.0.png,213.0,640.0,640.0,25.0,1,train,positive_annotated
82,82.0_1.0.png,607.0,640.0,640.0,8.0,1,train,positive_annotated
2270,2270.0_1.0.png,2270.0,640.0,640.0,14.0,1,train,positive_annotated
500,500.0_1.0.png,447.0,640.0,640.0,6.0,1,train,positive_annotated
439,439.0_1.0.png,378.0,640.0,640.0,2.0,1,train,positive_annotated
1962,1962.0_1.0.png,1962.0,640.0,640.0,19.0,1,train,positive_annotated
193,193.0_1.0.png,105.0,640.0,640.0,14.0,1,train,positive_annotated
1171,1171.0_1.0.png,799.0,640.0,640.0,25.0,1,train,positive_annotated
2335,2335.0_1.0.png,2335.0,640.0,640.0,23.0,1,train,positive_annotated
1913,1913.0_1.0.png,1913.0,640.0,640.0,20.0,1,train,positive_annotated
2065,2065.0_1.0.png,2065.0,640.0,640.0,17.0,1,train,positive_annotated
1881,1881.0_1.0.png,1881.0,640.0,640.0,3.0,1,train,positive_annotated
670,670.0_1.0.png,923.0,640.0,640.0,16.0,1,train,positive_annotated
68,68.0_1.0.png,591.0,640.0,640.0,14.0,1,train,positive_annotated
1444,1444.0_1.0.png,1444.0,640.0,640.0,22.0,1,train,positive_annotated
983,983.0_1.0.png,1235.0,640.0,640.0,16.0,1,train,positive_annotated
2038,2038.0_1.0.png,2038.0,640.0,640.0,9.0,1,train,positive_annotated
238,238.0_1.0.png,155.0,640.0,640.0,9.0,1,train,positive_annotated
306,306.0_1.0.png,231.0,640.0,640.0,5.0,1,train,positive_annotated
1721,1721.0_1.0.png,1721.0,640.0,640.0,14.0,1,train,positive_annotated
1550,1550.0_1.0.png,1550.0,640.0,640.0,20.0,1,train,positive_annotated
37,37.0_1.0.png,301.0,640.0,640.0,11.0,1,train,positive_annotated
2070,2070.0_1.0.png,2070.0,640.0,640.0,16.0,1,train,positive_annotated
749,749.0_1.0.png,1002.0,640.0,640.0,9.0,1,train,positive_annotated
2381,2381.0_1.0.png,2381.0,640.0,640.0,21.0,1,train,positive_annotated
1975,1975.0_1.0.png,1975.0,640.0,640.0,17.0,1,train,positive_annotated
1101,1101.0_1.0.png,729.0,640.0,640.0,30.0,1,train,positive_annotated
1750,1750.0_1.0.png,1750.0,640.0,640.0,9.0,1,train,positive_annotated
2146,2146.0_1.0.png,2146.0,640.0,640.0,8.0,1,train,positive_annotated
837,837.0_1.0.png,1090.0,640.0,640.0,18.0,1,train,positive_annotated
210,210.0_1.0.png,125.0,640.0,640.0,18.0,1,train,positive_annotated
1036,1036.0_1.0.png,664.0,640.0,640.0,33.0,1,train,positive_annotated
515,515.0_1.0.png,463.0,640.0,640.0,10.0,1,train,positive_annotated
1581,1581.0_1.0.png,1581.0,640.0,640.0,23.0,1,train,positive_annotated
765,765.0_1.0.png,1018.0,640.0,640.0,2.0,1,train,positive_annotated
863,863.0_1.0.png,1116.0,640.0,640.0,48.0,1,train,positive_annotated
2382,2382.0_1.0.png,2382.0,640.0,640.0,13.0,1,train,positive_annotated
2185,2185.0_1.0.png,2185.0,640.0,640.0,5.0,1,train,positive_annotated
822,822.0_1.0.png,1075.0,640.0,640.0,26.0,1,train,positive_annotated
2250,2250.0_1.0.png,2250.0,640.0,640.0,14.0,1,train,positive_annotated
1561,1561.0_1.0.png,1561.0,640.0,640.0,29.0,1,train,positive_annotated
464,464.0_1.0.png,406.0,640.0,640.0,13.0,1,train,positive_annotated
1229,1229.0_1.0.png,857.0,640.0,640.0,9.0,1,train,positive_annotated
1689,1689.0_1.0.png,1689.0,640.0,640.0,25.0,1,train,positive_annotated
1835,1835.0_1.0.png,1835.0,640.0,640.0,17.0,1,train,positive_annotated
1697,1697.0_1.0.png,1697.0,640.0,640.0,6.0,1,train,positive_annotated
932,932.0_1.0.png,1185.0,640.0,640.0,9.0,1,train,positive_annotated
2045,2045.0_1.0.png,2045.0,640.0,640.0,17.0,1,train,positive_annotated
696,696.0_1.0.png,949.0,640.0,640.0,5.0,1,train,positive_annotated
126,126.0_1.0.png,31.0,640.0,640.0,42.0,1,train,positive_annotated
469,469.0_1.0.png,411.0,640.0,640.0,7.0,1,train,positive_annotated
2443,2443.0_1.0.png,2443.0,640.0,640.0,16.0,1,train,positive_annotated
1810,1810.0_1.0.png,1810.0,640.0,640.0,22.0,1,train,positive_annotated
1093,1093.0_1.0.png,721.0,640.0,640.0,17.0,1,train,positive_annotated
680,680.0_1.0.png,933.0,640.0,640.0,13.0,1,train,positive_annotated
2447,2447.0_1.0.png,2447.0,640.0,640.0,7.0,1,train,positive_annotated
96,96.0_1.0.png,622.0,640.0,640.0,7.0,1,train,positive_annotated
958,958.0_1.0.png,1211.0,640.0,640.0,3.0,1,train,positive_annotated
2077,2077.0_1.0.png,2077.0,640.0,640.0,8.0,1,train,positive_annotated
2446,2446.0_1.0.png,2446.0,640.0,640.0,15.0,1,train,positive_annotated
855,855.0_1.0.png,1108.0,640.0,640.0,46.0,1,train,positive_annotated
559,559.0_1.0.png,511.0,640.0,640.0,5.0,1,train,positive_annotated
1424,1424.0_1.0.png,1424.0,640.0,640.0,14.0,1,train,positive_annotated
1476,1476.0_1.0.png,1476.0,640.0,640.0,25.0,1,train,positive_annotated
1815,1815.0_1.0.png,1815.0,640.0,640.0,11.0,1,train,positive_annotated
12,12.0_1.0.png,24.0,640.0,640.0,16.0,1,train,positive_annotated
441,441.0_1.0.png,381.0,640.0,640.0,7.0,1,train,positive_annotated
313,313.0_1.0.png,239.0,640.0,640.0,17.0,1,train,positive_annotated
2439,2439.0_1.0.png,2439.0,640.0,640.0,9.0,1,train,positive_annotated
1196,1196.0_1.0.png,824.0,640.0,640.0,14.0,1,train,positive_annotated
1333,1333.0_1.0.png,1333.0,640.0,640.0,21.0,1,train,positive_annotated
1604,1604.0_1.0.png,1604.0,640.0,640.0,5.0,1,train,positive_annotated
1781,1781.0_1.0.png,1781.0,640.0,640.0,7.0,1,train,positive_annotated
2337,2337.0_1.0.png,2337.0,640.0,640.0,14.0,1,train,positive_annotated
2336,2336.0_1.0.png,2336.0,640.0,640.0,7.0,1,train,positive_annotated
1614,1614.0_1.0.png,1614.0,640.0,640.0,37.0,1,train,positive_annotated
784,784.0_1.0.png,1037.0,640.0,640.0,10.0,1,train,positive_annotated
2228,2228.0_1.0.png,2228.0,640.0,640.0,12.0,1,train,positive_annotated
1747,1747.0_1.0.png,1747.0,640.0,640.0,13.0,1,train,positive_annotated
2424,2424.0_1.0.png,2424.0,640.0,640.0,10.0,1,train,positive_annotated
2410,2410.0_1.0.png,2410.0,640.0,640.0,12.0,1,train,positive_annotated
783,783.0_1.0.png,1036.0,640.0,640.0,8.0,1,train,positive_annotated
1878,1878.0_1.0.png,1878.0,640.0,640.0,12.0,1,train,positive_annotated
961,961.0_1.0.png,1213.0,640.0,640.0,13.0,1,train,positive_annotated
1669,1669.0_1.0.png,1669.0,640.0,640.0,11.0,1,train,positive_annotated
174,174.0_1.0.png,84.0,640.0,640.0,5.0,1,train,positive_annotated
1007,1007.0_1.0.png,635.0,640.0,640.0,8.0,1,train,positive_annotated
2150,2150.0_1.0.png,2150.0,640.0,640.0,22.0,1,train,positive_annotated
282,282.0_1.0.png,204.0,640.0,640.0,14.0,1,train,positive_annotated
375,375.0_1.0.png,307.0,640.0,640.0,6.0,1,train,positive_annotated
2426,2426.0_1.0.png,2426.0,640.0,640.0,6.0,1,train,positive_annotated
1168,1168.0_1.0.png,796.0,640.0,640.0,15.0,1,train,positive_annotated
579,579.0_1.0.png,533.0,640.0,640.0,7.0,1,train,positive_annotated
1503,1503.0_1.0.png,1503.0,640.0,640.0,17.0,1,train,positive_annotated
1141,1141.0_1.0.png,769.0,640.0,640.0,9.0,1,train,positive_annotated
871,871.0_1.0.png,1124.0,640.0,640.0,15.0,1,train,positive_annotated
2343,2343.0_1.0.png,2343.0,640.0,640.0,2.0,1,train,positive_annotated
497,497.0_1.0.png,442.0,640.0,640.0,9.0,1,train,positive_annotated
2078,2078.0_1.0.png,2078.0,640.0,640.0,2.0,1,train,positive_annotated
864,864.0_1.0.png,1117.0,640.0,640.0,26.0,1,train,positive_annotated
1391,1391.0_1.0.png,1391.0,640.0,640.0,19.0,1,train,positive_annotated
1345,1345.0_1.0.png,1345.0,640.0,640.0,35.0,1,train,positive_annotated
2008,2008.0_1.0.png,2008.0,640.0,640.0,5.0,1,train,positive_annotated
1259,1259.0_1.0.png,1259.0,640.0,640.0,32.0,1,train,positive_annotated
585,585.0_1.0.png,540.0,640.0,640.0,11.0,1,train,positive_annotated
23,23.0_1.0.png,146.0,640.0,640.0,5.0,1,train,positive_annotated
398,398.0_1.0.png,332.0,640.0,640.0,14.0,1,train,positive_annotated
2487,2487.0_1.0.png,2487.0,640.0,640.0,5.0,1,train,positive_annotated
1425,1425.0_1.0.png,1425.0,640.0,640.0,6.0,1,train,positive_annotated
1462,1462.0_1.0.png,1462.0,640.0,640.0,11.0,1,train,positive_annotated
1820,1820.0_1.0.png,1820.0,640.0,640.0,16.0,1,train,positive_annotated
616,616.0_1.0.png,575.0,640.0,640.0,5.0,1,train,positive_annotated
381,381.0_1.0.png,314.0,640.0,640.0,10.0,1,train,positive_annotated
486,486.0_1.0.png,430.0,640.0,640.0,18.0,1,train,positive_annotated
533,533.0_1.0.png,483.0,640.0,640.0,8.0,1,train,positive_annotated
239,239.0_1.0.png,156.0,640.0,640.0,8.0,1,train,positive_annotated
1025,1025.0_1.0.png,653.0,640.0,640.0,15.0,1,train,positive_annotated
1370,1370.0_1.0.png,1370.0,640.0,640.0,9.0,1,train,positive_annotated
2176,2176.0_1.0.png,2176.0,640.0,640.0,35.0,1,train,positive_annotated
1137,1137.0_1.0.png,765.0,640.0,640.0,8.0,1,train,positive_annotated
1081,1081.0_1.0.png,709.0,640.0,640.0,7.0,1,train,positive_annotated
1973,1973.0_1.0.png,1973.0,640.0,640.0,16.0,1,train,positive_annotated
101,101.0_1.0.png,4.0,640.0,640.0,7.0,1,train,positive_annotated
1134,1134.0_1.0.png,762.0,640.0,640.0,8.0,1,train,positive_annotated
1201,1201.0_1.0.png,829.0,640.0,640.0,28.0,1,train,positive_annotated
1223,1223.0_1.0.png,851.0,640.0,640.0,3.0,1,train,positive_annotated
2162,2162.0_1.0.png,2162.0,640.0,640.0,13.0,1,train,positive_annotated
1457,1457.0_1.0.png,1457.0,640.0,640.0,25.0,1,train,positive_annotated
790,790.0_1.0.png,1043.0,640.0,640.0,13.0,1,train,positive_annotated
1243,1243.0_1.0.png,871.0,640.0,640.0,5.0,1,train,positive_annotated
1121,1121.0_1.0.png,749.0,640.0,640.0,8.0,1,train,positive_annotated
1622,1622.0_1.0.png,1622.0,640.0,640.0,23.0,1,train,positive_annotated
1870,1870.0_1.0.png,1870.0,640.0,640.0,21.0,1,train,positive_annotated
167,167.0_1.0.png,76.0,640.0,640.0,1.0,1,train,positive_annotated
1230,1230.0_1.0.png,858.0,640.0,640.0,11.0,1,train,positive_annotated
270,270.0_1.0.png,191.0,640.0,640.0,8.0,1,train,positive_annotated
2499,2499.0_1.0.png,2499.0,640.0,640.0,21.0,1,train,positive_annotated
896,896.0_1.0.png,1149.0,640.0,640.0,17.0,1,train,positive_annotated
653,653.0_1.0.png,906.0,640.0,640.0,10.0,1,train,positive_annotated
1635,1635.0_1.0.png,1635.0,640.0,640.0,7.0,1,train,positive_annotated
797,797.0_1.0.png,1050.0,640.0,640.0,7.0,1,train,positive_annotated
1354,1354.0_1.0.png,1354.0,640.0,640.0,34.0,1,train,positive_annotated
1443,1443.0_1.0.png,1443.0,640.0,640.0,17.0,1,train,positive_annotated
1008,1008.0_1.0.png,636.0,640.0,640.0,4.0,1,train,positive_annotated
1407,1407.0_1.0.png,1407.0,640.0,640.0,2.0,1,train,positive_annotated
548,548.0_1.0.png,499.0,640.0,640.0,25.0,1,train,positive_annotated
1809,1809.0_1.0.png,1809.0,640.0,640.0,30.0,1,train,positive_annotated
626,626.0_1.0.png,879.0,640.0,640.0,8.0,1,train,positive_annotated
1278,1278.0_1.0.png,1278.0,640.0,640.0,11.0,1,train,positive_annotated
2406,2406.0_1.0.png,2406.0,640.0,640.0,13.0,1,train,positive_annotated
1255,1255.0_1.0.png,1255.0,640.0,640.0,10.0,1,train,positive_annotated
908,908.0_1.0.png,1161.0,640.0,640.0,4.0,1,train,positive_annotated
1974,1974.0_1.0.png,1974.0,640.0,640.0,10.0,1,train,positive_annotated
576,576.0_1.0.png,530.0,640.0,640.0,17.0,1,train,positive_annotated
715,715.0_1.0.png,968.0,640.0,640.0,4.0,1,train,positive_annotated
2022,2022.0_1.0.png,2022.0,640.0,640.0,1.0,1,train,positive_annotated
1852,1852.0_1.0.png,1852.0,640.0,640.0,37.0,1,train,positive_annotated
1138,1138.0_1.0.png,766.0,640.0,640.0,17.0,1,train,positive_annotated
2113,2113.0_1.0.png,2113.0,640.0,640.0,3.0,1,train,positive_annotated
1288,1288.0_1.0.png,1288.0,640.0,640.0,8.0,1,train,positive_annotated
897,897.0_1.0.png,1150.0,640.0,640.0,13.0,1,train,positive_annotated
128,128.0_1.0.png,33.0,640.0,640.0,15.0,1,train,positive_annotated
1667,1667.0_1.0.png,1667.0,640.0,640.0,41.0,1,train,positive_annotated
839,839.0_1.0.png,1092.0,640.0,640.0,8.0,1,train,positive_annotated
2303,2303.0_1.0.png,2303.0,640.0,640.0,8.0,1,train,positive_annotated
1212,1212.0_1.0.png,840.0,640.0,640.0,2.0,1,train,positive_annotated
1812,1812.0_1.0.png,1812.0,640.0,640.0,8.0,1,train,positive_annotated
2015,2015.0_1.0.png,2015.0,640.0,640.0,7.0,1,train,positive_annotated
938,938.0_1.0.png,1191.0,640.0,640.0,26.0,1,train,positive_annotated
131,131.0_1.0.png,37.0,640.0,640.0,10.0,1,train,positive_annotated
742,742.0_1.0.png,995.0,640.0,640.0,15.0,1,train,positive_annotated
2267,2267.0_1.0.png,2267.0,640.0,640.0,5.0,1,train,positive_annotated
2197,2197.0_1.0.png,2197.0,640.0,640.0,13.0,1,train,positive_annotated
2442,2442.0_1.0.png,2442.0,640.0,640.0,3.0,1,train,positive_annotated
717,717.0_1.0.png,970.0,640.0,640.0,2.0,1,train,positive_annotated
411,411.0_1.0.png,348.0,640.0,640.0,2.0,1,train,positive_annotated
294,294.0_1.0.png,217.0,640.0,640.0,11.0,1,train,positive_annotated
741,741.0_1.0.png,994.0,640.0,640.0,15.0,1,train,positive_annotated
1058,1058.0_1.0.png,686.0,640.0,640.0,12.0,1,train,positive_annotated
929,929.0_1.0.png,1182.0,640.0,640.0,21.0,1,train,positive_annotated
977,977.0_1.0.png,1229.0,640.0,640.0,8.0,1,train,positive_annotated
49,49.0_1.0.png,434.0,640.0,640.0,8.0,1,train,positive_annotated
1529,1529.0_1.0.png,1529.0,640.0,640.0,4.0,1,train,positive_annotated
994,994.0_1.0.png,1245.0,640.0,640.0,21.0,1,train,positive_annotated
1116,1116.0_1.0.png,744.0,640.0,640.0,16.0,1,train,positive_annotated
987,987.0_1.0.png,1239.0,640.0,640.0,24.0,1,train,positive_annotated
876,876.0_1.0.png,1129.0,640.0,640.0,14.0,1,train,positive_annotated
1362,1362.0_1.0.png,1362.0,640.0,640.0,13.0,1,train,positive_annotated
1262,1262.0_1.0.png,1262.0,640.0,640.0,7.0,1,train,positive_annotated
5,5.0_1.0.png,445.0,640.0,640.0,9.0,1,train,positive_annotated
2367,2367.0_1.0.png,2367.0,640.0,640.0,4.0,1,train,positive_annotated
1129,1129.0_1.0.png,757.0,640.0,640.0,29.0,1,train,positive_annotated
1776,1776.0_1.0.png,1776.0,640.0,640.0,12.0,1,train,positive_annotated
2325,2325.0_1.0.png,2325.0,640.0,640.0,9.0,1,train,positive_annotated
289,289.0_1.0.png,211.0,640.0,640.0,7.0,1,train,positive_annotated
2144,2144.0_1.0.png,2144.0,640.0,640.0,2.0,1,train,positive_annotated
691,691.0_1.0.png,944.0,640.0,640.0,16.0,1,train,positive_annotated
499,499.0_1.0.png,444.0,640.0,640.0,6.0,1,train,positive_annotated
1128,1128.0_1.0.png,756.0,640.0,640.0,16.0,1,train,positive_annotated
1208,1208.0_1.0.png,836.0,640.0,640.0,8.0,1,train,positive_annotated
2467,2467.0_1.0.png,2467.0,640.0,640.0,5.0,1,train,positive_annotated
945,945.0_1.0.png,1198.0,640.0,640.0,10.0,1,train,positive_annotated
773,773.0_1.0.png,1026.0,640.0,640.0,9.0,1,train,positive_annotated
1910,1910.0_1.0.png,1910.0,640.0,640.0,21.0,1,train,positive_annotated
338,338.0_1.0.png,266.0,640.0,640.0,11.0,1,train,positive_annotated
1521,1521.0_1.0.png,1521.0,640.0,640.0,12.0,1,train,positive_annotated
2130,2130.0_1.0.png,2130.0,640.0,640.0,8.0,1,train,positive_annotated
349,349.0_1.0.png,278.0,640.0,640.0,4.0,1,train,positive_annotated
163,163.0_1.0.png,72.0,640.0,640.0,5.0,1,train,positive_annotated
1286,1286.0_1.0.png,1286.0,640.0,640.0,2.0,1,train,positive_annotated
1355,1355.0_1.0.png,1355.0,640.0,640.0,18.0,1,train,positive_annotated
643,643.0_1.0.png,896.0,640.0,640.0,3.0,1,train,positive_annotated
1916,1916.0_1.0.png,1916.0,640.0,640.0,4.0,1,train,positive_annotated
1879,1879.0_1.0.png,1879.0,640.0,640.0,24.0,1,train,positive_annotated
54,54.0_1.0.png,490.0,640.0,640.0,6.0,1,train,positive_annotated
2122,2122.0_1.0.png,2122.0,640.0,640.0,31.0,1,train,positive_annotated
820,820.0_1.0.png,1073.0,640.0,640.0,31.0,1,train,positive_annotated
2029,2029.0_1.0.png,2029.0,640.0,640.0,5.0,1,train,positive_annotated
941,941.0_1.0.png,1194.0,640.0,640.0,16.0,1,train,positive_annotated
1534,1534.0_1.0.png,1534.0,640.0,640.0,7.0,1,train,positive_annotated
1251,1251.0_1.0.png,1251.0,640.0,640.0,19.0,1,train,positive_annotated
1306,1306.0_1.0.png,1306.0,640.0,640.0,11.0,1,train,positive_annotated
530,530.0_1.0.png,480.0,640.0,640.0,6.0,1,train,positive_annotated
1095,1095.0_1.0.png,723.0,640.0,640.0,14.0,1,train,positive_annotated
739,739.0_1.0.png,992.0,640.0,640.0,10.0,1,train,positive_annotated
446,446.0_1.0.png,386.0,640.0,640.0,7.0,1,train,positive_annotated
575,575.0_1.0.png,529.0,640.0,640.0,13.0,1,train,positive_annotated
2190,2190.0_1.0.png,2190.0,640.0,640.0,16.0,1,train,positive_annotated
358,358.0_1.0.png,288.0,640.0,640.0,10.0,1,train,positive_annotated
20,20.0_1.0.png,113.0,640.0,640.0,20.0,1,train,positive_annotated
777,777.0_1.0.png,1030.0,640.0,640.0,16.0,1,train,positive_annotated
36,36.0_1.0.png,290.0,640.0,640.0,8.0,1,train,positive_annotated
2055,2055.0_1.0.png,2055.0,640.0,640.0,27.0,1,train,positive_annotated
1015,1015.0_1.0.png,643.0,640.0,640.0,37.0,1,train,positive_annotated
2361,2361.0_1.0.png,2361.0,640.0,640.0,12.0,1,train,positive_annotated
934,934.0_1.0.png,1187.0,640.0,640.0,20.0,1,train,positive_annotated
589,589.0_1.0.png,544.0,640.0,640.0,10.0,1,train,positive_annotated
455,455.0_1.0.png,396.0,640.0,640.0,4.0,1,train,positive_annotated
1037,1037.0_1.0.png,665.0,640.0,640.0,7.0,1,train,positive_annotated
2047,2047.0_1.0.png,2047.0,640.0,640.0,2.0,1,train,positive_annotated
2101,2101.0_1.0.png,2101.0,640.0,640.0,1.0,1,train,positive_annotated
602,602.0_1.0.png,560.0,640.0,640.0,5.0,1,train,positive_annotated
861,861.0_1.0.png,1114.0,640.0,640.0,10.0,1,train,positive_annotated
1898,1898.0_1.0.png,1898.0,640.0,640.0,22.0,1,train,positive_annotated
2441,2441.0_1.0.png,2441.0,640.0,640.0,9.0,1,train,positive_annotated
1192,1192.0_1.0.png,820.0,640.0,640.0,9.0,1,train,positive_annotated
1341,1341.0_1.0.png,1341.0,640.0,640.0,22.0,1,train,positive_annotated
269,269.0_1.0.png,189.0,640.0,640.0,10.0,1,train,positive_annotated
2040,2040.0_1.0.png,2040.0,640.0,640.0,13.0,1,train,positive_annotated
1579,1579.0_1.0.png,1579.0,640.0,640.0,11.0,1,train,positive_annotated
1264,1264.0_1.0.png,1264.0,640.0,640.0,5.0,1,train,positive_annotated
888,888.0_1.0.png,1141.0,640.0,640.0,18.0,1,train,positive_annotated
1572,1572.0_1.0.png,1572.0,640.0,640.0,19.0,1,train,positive_annotated
550,550.0_1.0.png,502.0,640.0,640.0,9.0,1,train,positive_annotated
168,168.0_1.0.png,77.0,640.0,640.0,10.0,1,train,positive_annotated
1850,1850.0_1.0.png,1850.0,640.0,640.0,21.0,1,train,positive_annotated
1085,1085.0_1.0.png,713.0,640.0,640.0,15.0,1,train,positive_annotated
1877,1877.0_1.0.png,1877.0,640.0,640.0,7.0,1,train,positive_annotated
963,963.0_1.0.png,1215.0,640.0,640.0,13.0,1,train,positive_annotated
1461,1461.0_1.0.png,1461.0,640.0,640.0,15.0,1,train,positive_annotated
707,707.0_1.0.png,960.0,640.0,640.0,38.0,1,train,positive_annotated
2020,2020.0_1.0.png,2020.0,640.0,640.0,16.0,1,train,positive_annotated
778,778.0_1.0.png,1031.0,640.0,640.0,9.0,1,train,positive_annotated
2398,2398.0_1.0.png,2398.0,640.0,640.0,2.0,1,train,positive_annotated
2380,2380.0_1.0.png,2380.0,640.0,640.0,10.0,1,train,positive_annotated
638,638.0_1.0.png,891.0,640.0,640.0,10.0,1,train,positive_annotated
634,634.0_1.0.png,887.0,640.0,640.0,19.0,1,train,positive_annotated
1958,1958.0_1.0.png,1958.0,640.0,640.0,19.0,1,train,positive_annotated
2021,2021.0_1.0.png,2021.0,640.0,640.0,15.0,1,train,positive_annotated
18,18.0_1.0.png,90.0,640.0,640.0,14.0,1,train,positive_annotated
139,139.0_1.0.png,45.0,640.0,640.0,10.0,1,train,positive_annotated
1501,1501.0_1.0.png,1501.0,640.0,640.0,5.0,1,train,positive_annotated
1427,1427.0_1.0.png,1427.0,640.0,640.0,5.0,1,train,positive_annotated
2479,2479.0_1.0.png,2479.0,640.0,640.0,10.0,1,train,positive_annotated
1047,1047.0_1.0.png,675.0,640.0,640.0,6.0,1,train,positive_annotated
1104,1104.0_1.0.png,732.0,640.0,640.0,8.0,1,train,positive_annotated
277,277.0_1.0.png,198.0,640.0,640.0,9.0,1,train,positive_annotated
208,208.0_1.0.png,122.0,640.0,640.0,15.0,1,train,positive_annotated
1276,1276.0_1.0.png,1276.0,640.0,640.0,5.0,1,train,positive_annotated
1117,1117.0_1.0.png,745.0,640.0,640.0,5.0,1,train,positive_annotated
793,793.0_1.0.png,1046.0,640.0,640.0,32.0,1,train,positive_annotated
2360,2360.0_1.0.png,2360.0,640.0,640.0,13.0,1,train,positive_annotated
682,682.0_1.0.png,935.0,640.0,640.0,16.0,1,train,positive_annotated
198,198.0_1.0.png,110.0,640.0,640.0,5.0,1,train,positive_annotated
334,334.0_1.0.png,262.0,640.0,640.0,2.0,1,train,positive_annotated
557,557.0_1.0.png,509.0,640.0,640.0,8.0,1,train,positive_annotated
1528,1528.0_1.0.png,1528.0,640.0,640.0,8.0,1,train,positive_annotated
307,307.0_1.0.png,232.0,640.0,640.0,7.0,1,train,positive_annotated
2277,2277.0_1.0.png,2277.0,640.0,640.0,15.0,1,train,positive_annotated
2354,2354.0_1.0.png,2354.0,640.0,640.0,2.0,1,train,positive_annotated
2128,2128.0_1.0.png,2128.0,640.0,640.0,23.0,1,train,positive_annotated
2241,2241.0_1.0.png,2241.0,640.0,640.0,4.0,1,train,positive_annotated
581,581.0_1.0.png,536.0,640.0,640.0,6.0,1,train,positive_annotated
1555,1555.0_1.0.png,1555.0,640.0,640.0,5.0,1,train,positive_annotated
1200,1200.0_1.0.png,828.0,640.0,640.0,12.0,1,train,positive_annotated
536,536.0_1.0.png,486.0,640.0,640.0,4.0,1,train,positive_annotated
172,172.0_1.0.png,82.0,640.0,640.0,8.0,1,train,positive_annotated
1387,1387.0_1.0.png,1387.0,640.0,640.0,5.0,1,train,positive_annotated
1337,1337.0_1.0.png,1337.0,640.0,640.0,8.0,1,train,positive_annotated
17,17.0_1.0.png,79.0,640.0,640.0,4.0,1,train,positive_annotated
1708,1708.0_1.0.png,1708.0,640.0,640.0,11.0,1,train,positive_annotated
1203,1203.0_1.0.png,831.0,640.0,640.0,29.0,1,train,positive_annotated
2482,2482.0_1.0.png,2482.0,640.0,640.0,7.0,1,train,positive_annotated
611,611.0_1.0.png,570.0,640.0,640.0,1.0,1,train,positive_annotated
1712,1712.0_1.0.png,1712.0,640.0,640.0,17.0,1,train,positive_annotated
744,744.0_1.0.png,997.0,640.0,640.0,6.0,1,train,positive_annotated
2220,2220.0_1.0.png,2220.0,640.0,640.0,1.0,1,train,positive_annotated
2060,2060.0_1.0.png,2060.0,640.0,640.0,4.0,1,train,positive_annotated
1145,1145.0_1.0.png,773.0,640.0,640.0,28.0,1,train,positive_annotated
2278,2278.0_1.0.png,2278.0,640.0,640.0,8.0,1,train,positive_annotated
1676,1676.0_1.0.png,1676.0,640.0,640.0,5.0,1,train,positive_annotated
1083,1083_1.png,711.0,640.0,640.0,18.0,1,train,positive_annotated
2429,2429.0_1.0.png,2429.0,640.0,640.0,8.0,1,train,positive_annotated
311,311.0_1.0.png,237.0,640.0,640.0,4.0,1,train,positive_annotated
1817,1817.0_1.0.png,1817.0,640.0,640.0,8.0,1,train,positive_annotated
904,904.0_1.0.png,1157.0,640.0,640.0,28.0,1,train,positive_annotated
2222,2222.0_1.0.png,2222.0,640.0,640.0,8.0,1,train,positive_annotated
247,247.0_1.0.png,165.0,640.0,640.0,10.0,1,train,positive_annotated
27,27.0_1.0.png,190.0,640.0,640.0,3.0,1,train,positive_annotated
2356,2356.0_1.0.png,2356.0,640.0,640.0,11.0,1,train,positive_annotated
2003,2003.0_1.0.png,2003.0,640.0,640.0,3.0,1,train,positive_annotated
493,493.0_1.0.png,438.0,640.0,640.0,13.0,1,train,positive_annotated
2465,2465.0_1.0.png,2465.0,640.0,640.0,20.0,1,train,positive_annotated
1546,1546.0_1.0.png,1546.0,640.0,640.0,5.0,1,train,positive_annotated
251,251.0_1.0.png,170.0,640.0,640.0,8.0,1,train,positive_annotated
38,38.0_1.0.png,312.0,640.0,640.0,5.0,1,train,positive_annotated
1884,1884.0_1.0.png,1884.0,640.0,640.0,6.0,1,train,positive_annotated
851,851.0_1.0.png,1104.0,640.0,640.0,3.0,1,train,positive_annotated
1174,1174.0_1.0.png,802.0,640.0,640.0,27.0,1,train,positive_annotated
1559,1559.0_1.0.png,1559.0,640.0,640.0,2.0,1,train,positive_annotated
529,529.0_1.0.png,478.0,640.0,640.0,9.0,1,train,positive_annotated
2118,2118.0_1.0.png,2118.0,640.0,640.0,7.0,1,train,positive_annotated
1078,1078.0_1.0.png,706.0,640.0,640.0,12.0,1,train,positive_annotated
2478,2478.0_1.0.png,2478.0,640.0,640.0,19.0,1,train,positive_annotated
781,781.0_1.0.png,1034.0,640.0,640.0,10.0,1,train,positive_annotated
1185,1185.0_1.0.png,813.0,640.0,640.0,18.0,1,train,positive_annotated
722,722.0_1.0.png,975.0,640.0,640.0,31.0,1,train,positive_annotated
2317,2317.0_1.0.png,2317.0,640.0,640.0,9.0,1,train,positive_annotated
1361,1361.0_1.0.png,1361.0,640.0,640.0,33.0,1,train,positive_annotated
1298,1298.0_1.0.png,1298.0,640.0,640.0,10.0,1,train,positive_annotated
1578,1578.0_1.0.png,1578.0,640.0,640.0,14.0,1,train,positive_annotated
2235,2235.0_1.0.png,2235.0,640.0,640.0,16.0,1,train,positive_annotated
1700,1700.0_1.0.png,1700.0,640.0,640.0,28.0,1,train,positive_annotated
2152,2152.0_1.0.png,2152.0,640.0,640.0,8.0,1,train,positive_annotated
2266,2266.0_1.0.png,2266.0,640.0,640.0,11.0,1,train,positive_annotated
1448,1448.0_1.0.png,1448.0,640.0,640.0,10.0,1,train,positive_annotated
2392,2392.0_1.0.png,2392.0,640.0,640.0,10.0,1,train,positive_annotated
907,907.0_1.0.png,1160.0,640.0,640.0,20.0,1,train,positive_annotated
1785,1785.0_1.0.png,1785.0,640.0,640.0,7.0,1,train,positive_annotated
175,175.0_1.0.png,85.0,640.0,640.0,1.0,1,train,positive_annotated
1897,1897.0_1.0.png,1897.0,640.0,640.0,5.0,1,train,positive_annotated
1080,1080.0_1.0.png,708.0,640.0,640.0,12.0,1,train,positive_annotated
1940,1940.0_1.0.png,1940.0,640.0,640.0,16.0,1,train,positive_annotated
1326,1326.0_1.0.png,1326.0,640.0,640.0,10.0,1,train,positive_annotated
928,928.0_1.0.png,1181.0,640.0,640.0,7.0,1,train,positive_annotated
1926,1926.0_1.0.png,1926.0,640.0,640.0,3.0,1,train,positive_annotated
2430,2430.0_1.0.png,2430.0,640.0,640.0,13.0,1,train,positive_annotated
988,0988_1.png,627.0,640.0,640.0,11.0,1,train,positive_annotated
2132,2132.0_1.0.png,2132.0,640.0,640.0,10.0,1,train,positive_annotated
1028,1028.0_1.0.png,656.0,640.0,640.0,12.0,1,train,positive_annotated
2095,2095.0_1.0.png,2095.0,640.0,640.0,14.0,1,train,positive_annotated
166,166.0_1.0.png,75.0,640.0,640.0,8.0,1,train,positive_annotated
107,107.0_1.0.png,10.0,640.0,640.0,22.0,1,train,positive_annotated
2359,2359.0_1.0.png,2359.0,640.0,640.0,6.0,1,train,positive_annotated
571,571.0_1.0.png,525.0,640.0,640.0,1.0,1,train,positive_annotated
1272,1272.0_1.0.png,1272.0,640.0,640.0,28.0,1,train,positive_annotated
1396,1396.0_1.0.png,1396.0,640.0,640.0,10.0,1,train,positive_annotated
2471,2471.0_1.0.png,2471.0,640.0,640.0,4.0,1,train,positive_annotated
2084,2084.0_1.0.png,2084.0,640.0,640.0,8.0,1,train,positive_annotated
113,113.0_1.0.png,17.0,640.0,640.0,22.0,1,train,positive_annotated
1609,1609.0_1.0.png,1609.0,640.0,640.0,5.0,1,train,positive_annotated
1607,1607.0_1.0.png,1607.0,640.0,640.0,36.0,1,train,positive_annotated
2212,2212.0_1.0.png,2212.0,640.0,640.0,11.0,1,train,positive_annotated
1834,1834.0_1.0.png,1834.0,640.0,640.0,11.0,1,train,positive_annotated
660,660.0_1.0.png,913.0,640.0,640.0,19.0,1,train,positive_annotated
709,709.0_1.0.png,962.0,640.0,640.0,30.0,1,train,positive_annotated
2156,2156.0_1.0.png,2156.0,640.0,640.0,22.0,1,train,positive_annotated
1889,1889.0_1.0.png,1889.0,640.0,640.0,6.0,1,train,positive_annotated
1281,1281.0_1.0.png,1281.0,640.0,640.0,15.0,1,train,positive_annotated
58,58.0_1.0.png,534.0,640.0,640.0,8.0,1,train,positive_annotated
165,165.0_1.0.png,74.0,640.0,640.0,7.0,1,train,positive_annotated
451,451.0_1.0.png,392.0,640.0,640.0,7.0,1,train,positive_annotated
1293,1293.0_1.0.png,1293.0,640.0,640.0,24.0,1,train,positive_annotated
229,229.0_1.0.png,145.0,640.0,640.0,5.0,1,train,positive_annotated
2434,2434.0_1.0.png,2434.0,640.0,640.0,8.0,1,train,positive_annotated
1873,1873.0_1.0.png,1873.0,640.0,640.0,8.0,1,train,positive_annotated
1258,1258.0_1.0.png,1258.0,640.0,640.0,23.0,1,train,positive_annotated
1403,1403.0_1.0.png,1403.0,640.0,640.0,19.0,1,train,positive_annotated
9,9.0_1.0.png,615.0,640.0,640.0,3.0,1,train,positive_annotated
1140,1140.0_1.0.png,768.0,640.0,640.0,12.0,1,train,positive_annotated
2273,2273.0_1.0.png,2273.0,640.0,640.0,8.0,1,train,positive_annotated
2375,2375.0_1.0.png,2375.0,640.0,640.0,6.0,1,train,positive_annotated
1190,1190.0_1.0.png,818.0,640.0,640.0,14.0,1,train,positive_annotated
510,510.0_1.0.png,458.0,640.0,640.0,10.0,1,train,positive_annotated
1866,1866.0_1.0.png,1866.0,640.0,640.0,22.0,1,train,positive_annotated
278,278.0_1.0.png,199.0,640.0,640.0,14.0,1,train,positive_annotated
1478,1478.0_1.0.png,1478.0,640.0,640.0,25.0,1,train,positive_annotated
991,991.0_1.0.png,1242.0,640.0,640.0,12.0,1,train,positive_annotated
2431,2431.0_1.0.png,2431.0,640.0,640.0,21.0,1,train,positive_annotated
705,705.0_1.0.png,958.0,640.0,640.0,17.0,1,train,positive_annotated
1988,1988.0_1.0.png,1988.0,640.0,640.0,19.0,1,train,positive_annotated
288,288.0_1.0.png,210.0,640.0,640.0,15.0,1,train,positive_annotated
1819,1819.0_1.0.png,1819.0,640.0,640.0,22.0,1,train,positive_annotated
1602,1602.0_1.0.png,1602.0,640.0,640.0,22.0,1,train,positive_annotated
2186,2186.0_1.0.png,2186.0,640.0,640.0,15.0,1,train,positive_annotated
2006,2006.0_1.0.png,2006.0,640.0,640.0,1.0,1,train,positive_annotated
723,723.0_1.0.png,976.0,640.0,640.0,10.0,1,train,positive_annotated
2362,2362.0_1.0.png,2362.0,640.0,640.0,10.0,1,train,positive_annotated
2174,2174.0_1.0.png,2174.0,640.0,640.0,21.0,1,train,positive_annotated
549,549.0_1.0.png,500.0,640.0,640.0,2.0,1,train,positive_annotated
2049,2049.0_1.0.png,2049.0,640.0,640.0,4.0,1,train,positive_annotated
1931,1931.0_1.0.png,1931.0,640.0,640.0,12.0,1,train,positive_annotated
160,160.0_1.0.png,69.0,640.0,640.0,16.0,1,train,positive_annotated
1707,1707.0_1.0.png,1707.0,640.0,640.0,14.0,1,train,positive_annotated
2207,2207.0_1.0.png,2207.0,640.0,640.0,10.0,1,train,positive_annotated
1525,1525.0_1.0.png,1525.0,640.0,640.0,23.0,1,train,positive_annotated
2445,2445.0_1.0.png,2445.0,640.0,640.0,1.0,1,train,positive_annotated
745,745.0_1.0.png,998.0,640.0,640.0,4.0,1,train,positive_annotated
1998,1998.0_1.0.png,1998.0,640.0,640.0,12.0,1,train,positive_annotated
204,204.0_1.0.png,118.0,640.0,640.0,10.0,1,train,positive_annotated
1285,1285.0_1.0.png,1285.0,640.0,640.0,3.0,1,train,positive_annotated
685,685.0_1.0.png,938.0,640.0,640.0,18.0,1,train,positive_annotated
2143,2143.0_1.0.png,2143.0,640.0,640.0,2.0,1,train,positive_annotated
219,219.0_1.0.png,134.0,640.0,640.0,10.0,1,train,positive_annotated
325,325.0_1.0.png,252.0,640.0,640.0,14.0,1,train,positive_annotated
869,869.0_1.0.png,1122.0,640.0,640.0,2.0,1,train,positive_annotated
448,448.0_1.0.png,388.0,640.0,640.0,7.0,1,train,positive_annotated
134,134.0_1.0.png,40.0,640.0,640.0,4.0,1,train,positive_annotated
224,224.0_1.0.png,140.0,640.0,640.0,10.0,1,train,positive_annotated
943,943.0_1.0.png,1196.0,640.0,640.0,8.0,1,train,positive_annotated
1603,1603.0_1.0.png,1603.0,640.0,640.0,11.0,1,train,positive_annotated
1930,1930.0_1.0.png,1930.0,640.0,640.0,3.0,1,train,positive_annotated
1888,1888.0_1.0.png,1888.0,640.0,640.0,11.0,1,train,positive_annotated
1902,1902.0_1.0.png,1902.0,640.0,640.0,6.0,1,train,positive_annotated
2428,2428.0_1.0.png,2428.0,640.0,640.0,14.0,1,train,positive_annotated
1291,1291.0_1.0.png,1291.0,640.0,640.0,15.0,1,train,positive_annotated
1849,1849.0_1.0.png,1849.0,640.0,640.0,10.0,1,train,positive_annotated
1959,1959.0_1.0.png,1959.0,640.0,640.0,16.0,1,train,positive_annotated
964,964.0_1.0.png,1216.0,640.0,640.0,30.0,1,train,positive_annotated
1770,1770.0_1.0.png,1770.0,640.0,640.0,22.0,1,train,positive_annotated
724,724.0_1.0.png,977.0,640.0,640.0,19.0,1,train,positive_annotated
2,2.0_1.0.png,112.0,640.0,640.0,10.0,1,train,positive_annotated
792,792.0_1.0.png,1045.0,640.0,640.0,28.0,1,train,positive_annotated
1822,1822.0_1.0.png,1822.0,640.0,640.0,16.0,1,train,positive_annotated
1439,1439.0_1.0.png,1439.0,640.0,640.0,16.0,1,train,positive_annotated
2450,2450.0_1.0.png,2450.0,640.0,640.0,9.0,1,train,positive_annotated
1693,1693.0_1.0.png,1693.0,640.0,640.0,16.0,1,train,positive_annotated
2061,2061.0_1.0.png,2061.0,640.0,640.0,20.0,1,train,positive_annotated
1273,1273.0_1.0.png,1273.0,640.0,640.0,17.0,1,train,positive_annotated
2493,2493.0_1.0.png,2493.0,640.0,640.0,14.0,1,train,positive_annotated
1816,1816.0_1.0.png,1816.0,640.0,640.0,20.0,1,train,positive_annotated
2223,2223.0_1.0.png,2223.0,640.0,640.0,2.0,1,train,positive_annotated
750,750.0_1.0.png,1003.0,640.0,640.0,5.0,1,train,positive_annotated
776,776.0_1.0.png,1029.0,640.0,640.0,5.0,1,train,positive_annotated
1404,1404.0_1.0.png,1404.0,640.0,640.0,28.0,1,train,positive_annotated
353,353.0_1.0.png,283.0,640.0,640.0,24.0,1,train,positive_annotated
733,733.0_1.0.png,986.0,640.0,640.0,21.0,1,train,positive_annotated
1598,1598.0_1.0.png,1598.0,640.0,640.0,2.0,1,train,positive_annotated
1648,1648.0_1.0.png,1648.0,640.0,640.0,6.0,1,train,positive_annotated
803,803.0_1.0.png,1056.0,640.0,640.0,4.0,1,train,positive_annotated
1430,1430.0_1.0.png,1430.0,640.0,640.0,1.0,1,train,positive_annotated
1968,1968.0_1.0.png,1968.0,640.0,640.0,4.0,1,train,positive_annotated
1096,1096.0_1.0.png,724.0,640.0,640.0,44.0,1,train,positive_annotated
1454,1454.0_1.0.png,1454.0,640.0,640.0,13.0,1,train,positive_annotated
1562,1562.0_1.0.png,1562.0,640.0,640.0,24.0,1,train,positive_annotated
1571,1571.0_1.0.png,1571.0,640.0,640.0,42.0,1,train,positive_annotated
1666,1666.0_1.0.png,1666.0,640.0,640.0,15.0,1,train,positive_annotated
2268,2268.0_1.0.png,2268.0,640.0,640.0,4.0,1,train,positive_annotated
1702,1702.0_1.0.png,1702.0,640.0,640.0,19.0,1,train,positive_annotated
1851,1851.0_1.0.png,1851.0,640.0,640.0,32.0,1,train,positive_annotated
1509,1509.0_1.0.png,1509.0,640.0,640.0,7.0,1,train,positive_annotated
2436,2436.0_1.0.png,2436.0,640.0,640.0,16.0,1,train,positive_annotated
2451,2451.0_1.0.png,2451.0,640.0,640.0,19.0,1,train,positive_annotated
1829,1829.0_1.0.png,1829.0,640.0,640.0,10.0,1,train,positive_annotated
1180,1180.0_1.0.png,808.0,640.0,640.0,19.0,1,train,positive_annotated
902,902.0_1.0.png,1155.0,640.0,640.0,14.0,1,train,positive_annotated
1778,1778.0_1.0.png,1778.0,640.0,640.0,15.0,1,train,positive_annotated
2024,2024.0_1.0.png,2024.0,640.0,640.0,3.0,1,train,positive_annotated
1917,1917.0_1.0.png,1917.0,640.0,640.0,35.0,1,train,positive_annotated
1323,1323.0_1.0.png,1323.0,640.0,640.0,7.0,1,train,positive_annotated
1188,1188.0_1.0.png,816.0,640.0,640.0,1.0,1,train,positive_annotated
605,605.0_1.0.png,563.0,640.0,640.0,13.0,1,train,positive_annotated
1869,1869.0_1.0.png,1869.0,640.0,640.0,19.0,1,train,positive_annotated
1957,1957.0_1.0.png,1957.0,640.0,640.0,14.0,1,train,positive_annotated
2136,2136.0_1.0.png,2136.0,640.0,640.0,2.0,1,train,positive_annotated
103,103.0_1.0.png,6.0,640.0,640.0,4.0,1,train,positive_annotated
1146,1146.0_1.0.png,774.0,640.0,640.0,2.0,1,train,positive_annotated
632,632.0_1.0.png,885.0,640.0,640.0,11.0,1,train,positive_annotated
973,973.0_1.0.png,1225.0,640.0,640.0,18.0,1,train,positive_annotated
1654,1654.0_1.0.png,1654.0,640.0,640.0,16.0,1,train,positive_annotated
2091,2091.0_1.0.png,2091.0,640.0,640.0,7.0,1,train,positive_annotated
1167,1167.0_1.0.png,795.0,640.0,640.0,7.0,1,train,positive_annotated
228,228.0_1.0.png,144.0,640.0,640.0,10.0,1,train,positive_annotated
436,436.0_1.0.png,375.0,640.0,640.0,6.0,1,train,positive_annotated
981,981.0_1.0.png,1233.0,640.0,640.0,8.0,1,train,positive_annotated
442,442.0_1.0.png,382.0,640.0,640.0,5.0,1,train,positive_annotated
2402,2402.0_1.0.png,2402.0,640.0,640.0,6.0,1,train,positive_annotated
1155,1155.0_1.0.png,783.0,640.0,640.0,4.0,1,train,positive_annotated
1655,1655.0_1.0.png,1655.0,640.0,640.0,3.0,1,train,positive_annotated
1084,1084.0_1.0.png,712.0,640.0,640.0,20.0,1,train,positive_annotated
1749,1749.0_1.0.png,1749.0,640.0,640.0,7.0,1,train,positive_annotated
2106,2106.0_1.0.png,2106.0,640.0,640.0,3.0,1,train,positive_annotated
2391,2391.0_1.0.png,2391.0,640.0,640.0,5.0,1,train,positive_annotated
911,911.0_1.0.png,1164.0,640.0,640.0,18.0,1,train,positive_annotated
1950,1950.0_1.0.png,1950.0,640.0,640.0,17.0,1,train,positive_annotated
564,564.0_1.0.png,517.0,640.0,640.0,22.0,1,train,positive_annotated
883,883.0_1.0.png,1136.0,640.0,640.0,23.0,1,train,positive_annotated
2071,2071.0_1.0.png,2071.0,640.0,640.0,7.0,1,train,positive_annotated
222,222.0_1.0.png,138.0,640.0,640.0,13.0,1,train,positive_annotated
2327,2327.0_1.0.png,2327.0,640.0,640.0,24.0,1,train,positive_annotated
2000,2000.0_1.0.png,2000.0,640.0,640.0,20.0,1,train,positive_annotated
421,421.0_1.0.png,359.0,640.0,640.0,11.0,1,train,positive_annotated
470,470.0_1.0.png,413.0,640.0,640.0,6.0,1,train,positive_annotated
1891,1891.0_1.0.png,1891.0,640.0,640.0,3.0,1,train,positive_annotated
435,435.0_1.0.png,374.0,640.0,640.0,6.0,1,train,positive_annotated
1695,1695.0_1.0.png,1695.0,640.0,640.0,10.0,1,train,positive_annotated
1302,1302.0_1.0.png,1302.0,640.0,640.0,15.0,1,train,positive_annotated
1665,1665.0_1.0.png,1665.0,640.0,640.0,5.0,1,train,positive_annotated
2254,2254.0_1.0.png,2254.0,640.0,640.0,14.0,1,train,positive_annotated
1290,1290.0_1.0.png,1290.0,640.0,640.0,14.0,1,train,positive_annotated
1523,1523.0_1.0.png,1523.0,640.0,640.0,27.0,1,train,positive_annotated
71,71.0_1.0.png,595.0,640.0,640.0,19.0,1,train,positive_annotated
2297,2297.0_1.0.png,2297.0,640.0,640.0,13.0,1,train,positive_annotated
1320,1320.0_1.0.png,1320.0,640.0,640.0,13.0,1,train,positive_annotated
553,553.0_1.0.png,505.0,640.0,640.0,11.0,1,train,positive_annotated
422,422.0_1.0.png,360.0,640.0,640.0,4.0,1,train,positive_annotated
866,866.0_1.0.png,1119.0,640.0,640.0,27.0,1,train,positive_annotated
898,898.0_1.0.png,1151.0,640.0,640.0,11.0,1,train,positive_annotated
1207,1207.0_1.0.png,835.0,640.0,640.0,24.0,1,train,positive_annotated
989,989.0_1.0.png,1240.0,640.0,640.0,34.0,1,train,positive_annotated
378,378.0_1.0.png,310.0,640.0,640.0,10.0,1,train,positive_annotated
1142,1142.0_1.0.png,770.0,640.0,640.0,21.0,1,train,positive_annotated
1423,1423.0_1.0.png,1423.0,640.0,640.0,35.0,1,train,positive_annotated
514,514.0_1.0.png,462.0,640.0,640.0,1.0,1,train,positive_annotated
922,922.0_1.0.png,1175.0,640.0,640.0,4.0,1,train,positive_annotated
1120,1120.0_1.0.png,748.0,640.0,640.0,12.0,1,train,positive_annotated
2200,2200.0_1.0.png,2200.0,640.0,640.0,6.0,1,train,positive_annotated
223,223.0_1.0.png,139.0,640.0,640.0,19.0,1,train,positive_annotated
176,176.0_1.0.png,86.0,640.0,640.0,21.0,1,train,positive_annotated
1759,1759.0_1.0.png,1759.0,640.0,640.0,11.0,1,train,positive_annotated
796,796.0_1.0.png,1049.0,640.0,640.0,28.0,1,train,positive_annotated
1672,1672.0_1.0.png,1672.0,640.0,640.0,11.0,1,train,positive_annotated
1266,1266.0_1.0.png,1266.0,640.0,640.0,19.0,1,train,positive_annotated
1147,1147.0_1.0.png,775.0,640.0,640.0,24.0,1,train,positive_annotated
1765,1765.0_1.0.png,1765.0,640.0,640.0,19.0,1,train,positive_annotated
2169,2169.0_1.0.png,2169.0,640.0,640.0,17.0,1,train,positive_annotated
35,35.0_1.0.png,279.0,640.0,640.0,5.0,1,train,positive_annotated
879,879.0_1.0.png,1132.0,640.0,640.0,6.0,1,train,positive_annotated
1645,1645.0_1.0.png,1645.0,640.0,640.0,35.0,1,train,positive_annotated
1548,1548.0_1.0.png,1548.0,640.0,640.0,24.0,1,train,positive_annotated
2383,2383.0_1.0.png,2383.0,640.0,640.0,7.0,1,train,positive_annotated
1518,1518.0_1.0.png,1518.0,640.0,640.0,30.0,1,train,positive_annotated
2272,2272.0_1.0.png,2272.0,640.0,640.0,5.0,1,train,positive_annotated
264,264.0_1.0.png,184.0,640.0,640.0,8.0,1,train,positive_annotated
2296,2296.0_1.0.png,2296.0,640.0,640.0,16.0,1,train,positive_annotated
676,676.0_1.0.png,929.0,640.0,640.0,6.0,1,train,positive_annotated
1445,1445.0_1.0.png,1445.0,640.0,640.0,10.0,1,train,positive_annotated
2304,2304.0_1.0.png,2304.0,640.0,640.0,15.0,1,train,positive_annotated
730,730.0_1.0.png,983.0,640.0,640.0,26.0,1,train,positive_annotated
1701,1701.0_1.0.png,1701.0,640.0,640.0,4.0,1,train,positive_annotated
1415,1415.0_1.0.png,1415.0,640.0,640.0,16.0,1,train,positive_annotated
2110,2110.0_1.0.png,2110.0,640.0,640.0,17.0,1,train,positive_annotated
630,630.0_1.0.png,883.0,640.0,640.0,17.0,1,train,positive_annotated
207,207.0_1.0.png,121.0,640.0,640.0,8.0,1,train,positive_annotated
2011,2011.0_1.0.png,2011.0,640.0,640.0,6.0,1,train,positive_annotated
1099,1099.0_1.0.png,727.0,640.0,640.0,7.0,1,train,positive_annotated
2280,2280.0_1.0.png,2280.0,640.0,640.0,10.0,1,train,positive_annotated
1213,1213.0_1.0.png,841.0,640.0,640.0,8.0,1,train,positive_annotated
534,534.0_1.0.png,484.0,640.0,640.0,2.0,1,train,positive_annotated
849,849.0_1.0.png,1102.0,640.0,640.0,8.0,1,train,positive_annotated
22,22.0_1.0.png,135.0,640.0,640.0,2.0,1,train,positive_annotated
518,518.0_1.0.png,466.0,640.0,640.0,16.0,1,train,positive_annotated
1324,1324.0_1.0.png,1324.0,640.0,640.0,12.0,1,train,positive_annotated
1079,1079.0_1.0.png,707.0,640.0,640.0,6.0,1,train,positive_annotated
1358,1358.0_1.0.png,1358.0,640.0,640.0,17.0,1,train,positive_annotated
1688,1688.0_1.0.png,1688.0,640.0,640.0,6.0,1,train,positive_annotated
872,872.0_1.0.png,1125.0,640.0,640.0,21.0,1,train,positive_annotated
1876,1876.0_1.0.png,1876.0,640.0,640.0,4.0,1,train,positive_annotated
143,143.0_1.0.png,50.0,640.0,640.0,20.0,1,train,positive_annotated
2379,2379.0_1.0.png,2379.0,640.0,640.0,14.0,1,train,positive_annotated
1651,1651.0_1.0.png,1651.0,640.0,640.0,13.0,1,train,positive_annotated
370,370.0_1.0.png,302.0,640.0,640.0,17.0,1,train,positive_annotated
1381,1381.0_1.0.png,1381.0,640.0,640.0,8.0,1,train,positive_annotated
526,526.0_1.0.png,475.0,640.0,640.0,13.0,1,train,positive_annotated
2415,2415.0_1.0.png,2415.0,640.0,640.0,8.0,1,train,positive_annotated
1824,1824.0_1.0.png,1824.0,640.0,640.0,28.0,1,train,positive_annotated
1226,1226.0_1.0.png,854.0,640.0,640.0,22.0,1,train,positive_annotated
1267,1267.0_1.0.png,1267.0,640.0,640.0,17.0,1,train,positive_annotated
1442,1442.0_1.0.png,1442.0,640.0,640.0,23.0,1,train,positive_annotated
970,970.0_1.0.png,1222.0,640.0,640.0,14.0,1,train,positive_annotated
821,821.0_1.0.png,1074.0,640.0,640.0,16.0,1,val,positive_annotated
1020,1020.0_1.0.png,648.0,640.0,640.0,29.0,1,val,positive_annotated
1720,1720.0_1.0.png,1720.0,640.0,640.0,34.0,1,val,positive_annotated
263,263.0_1.0.png,183.0,640.0,640.0,13.0,1,val,positive_annotated
779,779.0_1.0.png,1032.0,640.0,640.0,38.0,1,val,positive_annotated
1714,1714.0_1.0.png,1714.0,640.0,640.0,25.0,1,val,positive_annotated
540,540.0_1.0.png,491.0,640.0,640.0,16.0,1,val,positive_annotated
757,757.0_1.0.png,1010.0,640.0,640.0,9.0,1,val,positive_annotated
1838,1838.0_1.0.png,1838.0,640.0,640.0,6.0,1,val,positive_annotated
1151,1151.0_1.0.png,779.0,640.0,640.0,12.0,1,val,positive_annotated
1730,1730.0_1.0.png,1730.0,640.0,640.0,12.0,1,val,positive_annotated
1097,1097.0_1.0.png,725.0,640.0,640.0,18.0,1,val,positive_annotated
147,147.0_1.0.png,54.0,640.0,640.0,4.0,1,val,positive_annotated
2246,2246.0_1.0.png,2246.0,640.0,640.0,6.0,1,val,positive_annotated
1789,1789.0_1.0.png,1789.0,640.0,640.0,10.0,1,val,positive_annotated
1929,1929.0_1.0.png,1929.0,640.0,640.0,7.0,1,val,positive_annotated
1118,1118.0_1.0.png,746.0,640.0,640.0,14.0,1,val,positive_annotated
2009,2009.0_1.0.png,2009.0,640.0,640.0,21.0,1,val,positive_annotated
1144,1144.0_1.0.png,772.0,640.0,640.0,3.0,1,val,positive_annotated
1469,1469.0_1.0.png,1469.0,640.0,640.0,11.0,1,val,positive_annotated
2286,2286.0_1.0.png,2286.0,640.0,640.0,22.0,1,val,positive_annotated
942,942.0_1.0.png,1195.0,640.0,640.0,24.0,1,val,positive_annotated
1927,1927.0_1.0.png,1927.0,640.0,640.0,16.0,1,val,positive_annotated
337,337.0_1.0.png,265.0,640.0,640.0,7.0,1,val,positive_annotated
1161,1161.0_1.0.png,789.0,640.0,640.0,15.0,1,val,positive_annotated
1473,1473_1.png,1473.0,640.0,640.0,14.0,1,val,positive_annotated
714,714.0_1.0.png,967.0,640.0,640.0,24.0,1,val,positive_annotated
240,240.0_1.0.png,158.0,640.0,640.0,1.0,1,val,positive_annotated
809,809.0_1.0.png,1062.0,640.0,640.0,24.0,1,val,positive_annotated
1353,1353.0_1.0.png,1353.0,640.0,640.0,5.0,1,val,positive_annotated
2048,2048.0_1.0.png,2048.0,640.0,640.0,17.0,1,val,positive_annotated
1344,1344.0_1.0.png,1344.0,640.0,640.0,36.0,1,val,positive_annotated
2330,2330.0_1.0.png,2330.0,640.0,640.0,25.0,1,val,positive_annotated
1742,1742.0_1.0.png,1742.0,640.0,640.0,14.0,1,val,positive_annotated
490,490.0_1.0.png,435.0,640.0,640.0,17.0,1,val,positive_annotated
364,364.0_1.0.png,295.0,640.0,640.0,8.0,1,val,positive_annotated
2253,2253.0_1.0.png,2253.0,640.0,640.0,3.0,1,val,positive_annotated
1313,1313.0_1.0.png,1313.0,640.0,640.0,28.0,1,val,positive_annotated
271,271.0_1.0.png,192.0,640.0,640.0,15.0,1,val,positive_annotated
969,969.0_1.0.png,1221.0,640.0,640.0,17.0,1,val,positive_annotated
966,966.0_1.0.png,1218.0,640.0,640.0,28.0,1,val,positive_annotated
1368,1368.0_1.0.png,1368.0,640.0,640.0,14.0,1,val,positive_annotated
556,556.0_1.0.png,508.0,640.0,640.0,1.0,1,val,positive_annotated
2489,2489.0_1.0.png,2489.0,640.0,640.0,16.0,1,val,positive_annotated
310,310.0_1.0.png,236.0,640.0,640.0,11.0,1,val,positive_annotated
2399,2399.0_1.0.png,2399.0,640.0,640.0,29.0,1,val,positive_annotated
1760,1760.0_1.0.png,1760.0,640.0,640.0,16.0,1,val,positive_annotated
619,619.0_1.0.png,578.0,640.0,640.0,5.0,1,val,positive_annotated
121,121.0_1.0.png,26.0,640.0,640.0,11.0,1,val,positive_annotated
1050,1050.0_1.0.png,678.0,640.0,640.0,24.0,1,val,positive_annotated
276,276.0_1.0.png,197.0,640.0,640.0,2.0,1,val,positive_annotated
1271,1271.0_1.0.png,1271.0,640.0,640.0,26.0,1,val,positive_annotated
1540,1540.0_1.0.png,1540.0,640.0,640.0,22.0,1,val,positive_annotated
681,681.0_1.0.png,934.0,640.0,640.0,10.0,1,val,positive_annotated
1434,1434.0_1.0.png,1434.0,640.0,640.0,2.0,1,val,positive_annotated
104,104.0_1.0.png,7.0,640.0,640.0,5.0,1,val,positive_annotated
569,569.0_1.0.png,522.0,640.0,640.0,1.0,1,val,positive_annotated
1086,1086.0_1.0.png,714.0,640.0,640.0,14.0,1,val,positive_annotated
1248,1248.0_1.0.png,876.0,640.0,640.0,2.0,1,val,positive_annotated
924,924.0_1.0.png,1177.0,640.0,640.0,10.0,1,val,positive_annotated
62,62.0_1.0.png,579.0,640.0,640.0,12.0,1,val,positive_annotated
1719,1719.0_1.0.png,1719.0,640.0,640.0,14.0,1,val,positive_annotated
2408,2408.0_1.0.png,2408.0,640.0,640.0,9.0,1,val,positive_annotated
2201,2201.0_1.0.png,2201.0,640.0,640.0,27.0,1,val,positive_annotated
832,832.0_1.0.png,1085.0,640.0,640.0,16.0,1,val,positive_annotated
409,409.0_1.0.png,345.0,640.0,640.0,15.0,1,val,positive_annotated
410,410.0_1.0.png,347.0,640.0,640.0,10.0,1,val,positive_annotated
727,727.0_1.0.png,980.0,640.0,640.0,11.0,1,val,positive_annotated
1352,1352.0_1.0.png,1352.0,640.0,640.0,3.0,1,val,positive_annotated
609,609.0_1.0.png,567.0,640.0,640.0,12.0,1,val,positive_annotated
946,946.0_1.0.png,1199.0,640.0,640.0,19.0,1,val,positive_annotated
253,253.0_1.0.png,172.0,640.0,640.0,7.0,1,val,positive_annotated
1176,1176.0_1.0.png,804.0,640.0,640.0,12.0,1,val,positive_annotated
1990,1990.0_1.0.png,1990.0,640.0,640.0,18.0,1,val,positive_annotated
919,919.0_1.0.png,1172.0,640.0,640.0,19.0,1,val,positive_annotated
1859,1859.0_1.0.png,1859.0,640.0,640.0,13.0,1,val,positive_annotated
1755,1755.0_1.0.png,1755.0,640.0,640.0,4.0,1,val,positive_annotated
1270,1270.0_1.0.png,1270.0,640.0,640.0,9.0,1,val,positive_annotated
109,109.0_1.0.png,12.0,640.0,640.0,10.0,1,val,positive_annotated
555,555.0_1.0.png,507.0,640.0,640.0,17.0,1,val,positive_annotated
2384,2384.0_1.0.png,2384.0,640.0,640.0,7.0,1,val,positive_annotated
1169,1169.0_1.0.png,797.0,640.0,640.0,23.0,1,val,positive_annotated
1524,1524.0_1.0.png,1524.0,640.0,640.0,10.0,1,val,positive_annotated
1470,1470.0_1.0.png,1470.0,640.0,640.0,16.0,1,val,positive_annotated
692,692.0_1.0.png,945.0,640.0,640.0,13.0,1,val,positive_annotated
77,77.0_1.0.png,601.0,640.0,640.0,17.0,1,val,positive_annotated
1574,1574.0_1.0.png,1574.0,640.0,640.0,11.0,1,val,positive_annotated
538,538.0_1.0.png,488.0,640.0,640.0,1.0,1,val,positive_annotated
1494,1494.0_1.0.png,1494.0,640.0,640.0,18.0,1,val,positive_annotated
284,284.0_1.0.png,206.0,640.0,640.0,27.0,1,val,positive_annotated
450,450.0_1.0.png,391.0,640.0,640.0,11.0,1,val,positive_annotated
1194,1194.0_1.0.png,822.0,640.0,640.0,7.0,1,val,positive_annotated
1935,1935.0_1.0.png,1935.0,640.0,640.0,2.0,1,val,positive_annotated
2066,2066.0_1.0.png,2066.0,640.0,640.0,15.0,1,val,positive_annotated
459,459.0_1.0.png,400.0,640.0,640.0,11.0,1,val,positive_annotated
1830,1830.0_1.0.png,1830.0,640.0,640.0,7.0,1,val,positive_annotated
2202,2202.0_1.0.png,2202.0,640.0,640.0,2.0,1,val,positive_annotated
1420,1420.0_1.0.png,1420.0,640.0,640.0,12.0,1,val,positive_annotated
659,659.0_1.0.png,912.0,640.0,640.0,27.0,1,val,positive_annotated
30,30.0_1.0.png,224.0,640.0,640.0,3.0,1,val,positive_annotated
1566,1566.0_1.0.png,1566.0,640.0,640.0,23.0,1,val,positive_annotated
1797,1797.0_1.0.png,1797.0,640.0,640.0,13.0,1,val,positive_annotated
1575,1575.0_1.0.png,1575.0,640.0,640.0,19.0,1,val,positive_annotated
494,494.0_1.0.png,439.0,640.0,640.0,1.0,1,val,positive_annotated
395,395.0_1.0.png,329.0,640.0,640.0,7.0,1,val,positive_annotated
321,321.0_1.0.png,248.0,640.0,640.0,14.0,1,val,positive_annotated
2127,2127.0_1.0.png,2127.0,640.0,640.0,3.0,1,val,positive_annotated
1072,1072.0_1.0.png,700.0,640.0,640.0,4.0,1,val,positive_annotated
1506,1506.0_1.0.png,1506.0,640.0,640.0,8.0,1,val,positive_annotated
1335,1335.0_1.0.png,1335.0,640.0,640.0,4.0,1,val,positive_annotated
1218,1218.0_1.0.png,846.0,640.0,640.0,1.0,1,val,positive_annotated
867,867.0_1.0.png,1120.0,640.0,640.0,6.0,1,val,positive_annotated
592,592.0_1.0.png,548.0,640.0,640.0,11.0,1,val,positive_annotated
2285,2285.0_1.0.png,2285.0,640.0,640.0,15.0,1,val,positive_annotated
1756,1756.0_1.0.png,1756.0,640.0,640.0,9.0,1,val,positive_annotated
196,196.0_1.0.png,108.0,640.0,640.0,15.0,1,val,positive_annotated
1322,1322.0_1.0.png,1322.0,640.0,640.0,4.0,1,val,positive_annotated
1246,1246.0_1.0.png,874.0,640.0,640.0,18.0,1,val,positive_annotated
1131,1131.0_1.0.png,759.0,640.0,640.0,29.0,1,val,positive_annotated
2094,2094.0_1.0.png,2094.0,640.0,640.0,19.0,1,val,positive_annotated
1956,1956.0_1.0.png,1956.0,640.0,640.0,14.0,1,val,positive_annotated
546,546.0_1.0.png,497.0,640.0,640.0,9.0,1,val,positive_annotated
218,218.0_1.0.png,133.0,640.0,640.0,7.0,1,val,positive_annotated
1890,1890.0_1.0.png,1890.0,640.0,640.0,23.0,1,val,positive_annotated
255,255.0_1.0.png,174.0,640.0,640.0,7.0,1,val,positive_annotated
2141,2141.0_1.0.png,2141.0,640.0,640.0,8.0,1,val,positive_annotated
359,359.0_1.0.png,289.0,640.0,640.0,5.0,1,val,positive_annotated
675,675.0_1.0.png,928.0,640.0,640.0,29.0,1,val,positive_annotated
2044,2044.0_1.0.png,2044.0,640.0,640.0,16.0,1,val,positive_annotated
508,508.0_1.0.png,455.0,640.0,640.0,17.0,1,val,positive_annotated
542,542.0_1.0.png,493.0,640.0,640.0,15.0,1,val,positive_annotated
1710,1710.0_1.0.png,1710.0,640.0,640.0,15.0,1,val,positive_annotated
76,76.0_1.0.png,600.0,640.0,640.0,14.0,1,val,positive_annotated
454,454.0_1.0.png,395.0,640.0,640.0,4.0,1,val,positive_annotated
1238,1238.0_1.0.png,866.0,640.0,640.0,16.0,1,val,positive_annotated
570,570.0_1.0.png,524.0,640.0,640.0,4.0,1,val,positive_annotated
771,771.0_1.0.png,1024.0,640.0,640.0,11.0,1,val,positive_annotated
408,408.0_1.0.png,344.0,640.0,640.0,8.0,1,val,positive_annotated
600,600.0_1.0.png,558.0,640.0,640.0,14.0,1,val,positive_annotated
320,320.0_1.0.png,247.0,640.0,640.0,9.0,1,val,positive_annotated
1621,1621.0_1.0.png,1621.0,640.0,640.0,20.0,1,val,positive_annotated
1791,1791.0_1.0.png,1791.0,640.0,640.0,27.0,1,val,positive_annotated
2390,2390.0_1.0.png,2390.0,640.0,640.0,9.0,1,val,positive_annotated
547,547.0_1.0.png,498.0,640.0,640.0,10.0,1,val,positive_annotated
233,233.0_1.0.png,150.0,640.0,640.0,3.0,1,val,positive_annotated
1115,1115.0_1.0.png,743.0,640.0,640.0,33.0,1,val,positive_annotated
608,608.0_1.0.png,566.0,640.0,640.0,2.0,1,val,positive_annotated
2079,2079.0_1.0.png,2079.0,640.0,640.0,1.0,1,val,positive_annotated
80,80.0_1.0.png,605.0,640.0,640.0,20.0,1,val,positive_annotated
119,119.0_1.0.png,23.0,640.0,640.0,11.0,1,val,positive_annotated
980,980.0_1.0.png,1232.0,640.0,640.0,24.0,1,val,positive_annotated
1220,1220.0_1.0.png,848.0,640.0,640.0,16.0,1,val,positive_annotated
1663,1663.0_1.0.png,1663.0,640.0,640.0,3.0,1,val,positive_annotated
2376,2376.0_1.0.png,2376.0,640.0,640.0,7.0,1,val,positive_annotated
52,52.0_1.0.png,468.0,640.0,640.0,4.0,1,val,positive_annotated
2002,2002.0_1.0.png,2002.0,640.0,640.0,15.0,1,val,positive_annotated
583,583.0_1.0.png,538.0,640.0,640.0,4.0,1,val,positive_annotated
2459,2459.0_1.0.png,2459.0,640.0,640.0,22.0,1,val,positive_annotated
1004,1004.0_1.0.png,632.0,640.0,640.0,14.0,1,val,positive_annotated
1111,1111.0_1.0.png,739.0,640.0,640.0,8.0,1,val,positive_annotated
2063,2063.0_1.0.png,2063.0,640.0,640.0,19.0,1,val,positive_annotated
2419,2419.0_1.0.png,2419.0,640.0,640.0,13.0,1,val,positive_annotated
2017,2017.0_1.0.png,2017.0,640.0,640.0,6.0,1,val,positive_annotated
396,396.0_1.0.png,330.0,640.0,640.0,17.0,1,val,positive_annotated
1143,1143.0_1.0.png,771.0,640.0,640.0,6.0,1,val,positive_annotated
524,524.0_1.0.png,473.0,640.0,640.0,10.0,1,val,positive_annotated
539,539.0_1.0.png,489.0,640.0,640.0,10.0,1,val,positive_annotated
1675,1675.0_1.0.png,1675.0,640.0,640.0,12.0,1,val,positive_annotated
2452,2452.0_1.0.png,2452.0,640.0,640.0,11.0,1,val,positive_annotated
1610,1610.0_1.0.png,1610.0,640.0,640.0,39.0,1,val,positive_annotated
1269,1269.0_1.0.png,1269.0,640.0,640.0,8.0,1,val,positive_annotated
1960,1960.0_1.0.png,1960.0,640.0,640.0,1.0,1,val,positive_annotated
466,466.0_1.0.png,408.0,640.0,640.0,18.0,1,val,positive_annotated
19,19.0_1.0.png,101.0,640.0,640.0,10.0,1,val,positive_annotated
383,383.0_1.0.png,316.0,640.0,640.0,8.0,1,val,positive_annotated
1447,1447.0_1.0.png,1447.0,640.0,640.0,25.0,1,val,positive_annotated
1991,1991.0_1.0.png,1991.0,640.0,640.0,7.0,1,val,positive_annotated
1421,1421.0_1.0.png,1421.0,640.0,640.0,27.0,1,val,positive_annotated
874,874.0_1.0.png,1127.0,640.0,640.0,11.0,1,val,positive_annotated
74,74.0_1.0.png,598.0,640.0,640.0,20.0,1,val,positive_annotated
391,391.0_1.0.png,325.0,640.0,640.0,3.0,1,val,positive_annotated
496,496.0_1.0.png,441.0,640.0,640.0,16.0,1,val,positive_annotated
206,206.0_1.0.png,120.0,640.0,640.0,6.0,1,val,positive_annotated
1359,1359.0_1.0.png,1359.0,640.0,640.0,10.0,1,val,positive_annotated
2189,2189.0_1.0.png,2189.0,640.0,640.0,22.0,1,val,positive_annotated
2483,2483.0_1.0.png,2483.0,640.0,640.0,19.0,1,val,positive_annotated
184,184.0_1.0.png,95.0,640.0,640.0,25.0,1,val,positive_annotated
1684,1684.0_1.0.png,1684.0,640.0,640.0,30.0,1,val,positive_annotated
1240,1240.0_1.0.png,868.0,640.0,640.0,8.0,1,val,positive_annotated
2052,2052.0_1.0.png,2052.0,640.0,640.0,4.0,1,val,positive_annotated
1731,1731.0_1.0.png,1731.0,640.0,640.0,16.0,1,val,positive_annotated
487,487.0_1.0.png,431.0,640.0,640.0,17.0,1,val,positive_annotated
1964,1964.0_1.0.png,1964.0,640.0,640.0,21.0,1,val,positive_annotated
985,985.0_1.0.png,1237.0,640.0,640.0,9.0,1,val,positive_annotated
1553,1553.0_1.0.png,1553.0,640.0,640.0,34.0,1,val,positive_annotated
1102,1102.0_1.0.png,730.0,640.0,640.0,24.0,1,val,positive_annotated
1787,1787.0_1.0.png,1787.0,640.0,640.0,10.0,1,val,positive_annotated
2312,2312.0_1.0.png,2312.0,640.0,640.0,5.0,1,val,positive_annotated
1315,1315.0_1.0.png,1315.0,640.0,640.0,5.0,1,val,positive_annotated
2133,2133.0_1.0.png,2133.0,640.0,640.0,10.0,1,val,positive_annotated
1775,1775.0_1.0.png,1775.0,640.0,640.0,26.0,1,val,positive_annotated
1334,1334.0_1.0.png,1334.0,640.0,640.0,6.0,1,val,positive_annotated
1515,1515.0_1.0.png,1515.0,640.0,640.0,8.0,1,val,positive_annotated
759,759.0_1.0.png,1012.0,640.0,640.0,8.0,1,val,positive_annotated
2172,2172.0_1.0.png,2172.0,640.0,640.0,11.0,1,val,positive_annotated
520,520.0_1.0.png,469.0,640.0,640.0,8.0,1,val,positive_annotated
1932,1932.0_1.0.png,1932.0,640.0,640.0,3.0,1,val,positive_annotated
2346,2346.0_1.0.png,2346.0,640.0,640.0,20.0,1,val,positive_annotated
148,148.0_1.0.png,55.0,640.0,640.0,21.0,1,val,positive_annotated
26,26.0_1.0.png,179.0,640.0,640.0,13.0,1,val,positive_annotated
629,629.0_1.0.png,882.0,640.0,640.0,2.0,1,val,positive_annotated
2192,2192.0_1.0.png,2192.0,640.0,640.0,12.0,1,val,positive_annotated
1217,1217.0_1.0.png,845.0,640.0,640.0,2.0,1,val,positive_annotated
1987,1987.0_1.0.png,1987.0,640.0,640.0,17.0,1,val,positive_annotated
870,870.0_1.0.png,1123.0,640.0,640.0,22.0,1,val,positive_annotated
1122,1122.0_1.0.png,750.0,640.0,640.0,6.0,1,val,positive_annotated
886,886.0_1.0.png,1139.0,640.0,640.0,18.0,1,val,positive_annotated
2140,2140.0_1.0.png,2140.0,640.0,640.0,10.0,1,val,positive_annotated
211,211.0_1.0.png,126.0,640.0,640.0,19.0,1,val,positive_annotated
1053,1053.0_1.0.png,681.0,640.0,640.0,20.0,1,val,positive_annotated
1215,1215.0_1.0.png,843.0,640.0,640.0,9.0,1,val,positive_annotated
1743,1743.0_1.0.png,1743.0,640.0,640.0,12.0,1,val,positive_annotated
2163,2163.0_1.0.png,2163.0,640.0,640.0,5.0,1,val,positive_annotated
1405,1405.0_1.0.png,1405.0,640.0,640.0,15.0,1,val,positive_annotated
1305,1305.0_1.0.png,1305.0,640.0,640.0,19.0,1,val,positive_annotated
1510,1510.0_1.0.png,1510.0,640.0,640.0,15.0,1,val,positive_annotated
2195,2195.0_1.0.png,2195.0,640.0,640.0,7.0,1,val,positive_annotated
140,140.0_1.0.png,47.0,640.0,640.0,28.0,1,val,positive_annotated
1253,1253.0_1.0.png,1253.0,640.0,640.0,32.0,1,val,positive_annotated
1729,1729.0_1.0.png,1729.0,640.0,640.0,41.0,1,val,positive_annotated
2034,2034.0_1.0.png,2034.0,640.0,640.0,12.0,1,val,positive_annotated
734,734.0_1.0.png,987.0,640.0,640.0,39.0,1,val,positive_annotated
976,976.0_1.0.png,1228.0,640.0,640.0,7.0,1,val,positive_annotated
2315,2315.0_1.0.png,2315.0,640.0,640.0,10.0,1,val,positive_annotated
55,55.0_1.0.png,501.0,640.0,640.0,12.0,1,val,positive_annotated
47,47.0_1.0.png,412.0,640.0,640.0,8.0,1,val,positive_annotated
279,279.0_1.0.png,200.0,640.0,640.0,8.0,1,val,positive_annotated
1686,1686.0_1.0.png,1686.0,640.0,640.0,10.0,1,val,positive_annotated
372,372.0_1.0.png,304.0,640.0,640.0,8.0,1,val,positive_annotated
482,482.0_1.0.png,426.0,640.0,640.0,6.0,1,val,positive_annotated
1408,1408.0_1.0.png,1408.0,640.0,640.0,14.0,1,val,positive_annotated
947,947.0_1.0.png,1200.0,640.0,640.0,8.0,1,val,positive_annotated
1249,1249.0_1.0.png,877.0,640.0,640.0,6.0,1,val,positive_annotated
461,461.0_1.0.png,403.0,640.0,640.0,4.0,1,val,positive_annotated
330,330.0_1.0.png,258.0,640.0,640.0,7.0,1,val,positive_annotated
2283,2283.0_1.0.png,2283.0,640.0,640.0,7.0,1,val,positive_annotated
1539,1539.0_1.0.png,1539.0,640.0,640.0,14.0,1,val,positive_annotated
1637,1637.0_1.0.png,1637.0,640.0,640.0,28.0,1,val,positive_annotated
1406,1406.0_1.0.png,1406.0,640.0,640.0,20.0,1,val,positive_annotated
100,100.0_1.0.png,3.0,640.0,640.0,18.0,1,test,positive_annotated
106,106.0_1.0.png,9.0,640.0,640.0,19.0,1,test,positive_annotated
110,110.0_1.0.png,14.0,640.0,640.0,13.0,1,test,positive_annotated
122,122.0_1.0.png,27.0,640.0,640.0,9.0,1,test,positive_annotated
125,125.0_1.0.png,30.0,640.0,640.0,9.0,1,test,positive_annotated
141,141.0_1.0.png,48.0,640.0,640.0,18.0,1,test,positive_annotated
153,153.0_1.0.png,61.0,640.0,640.0,24.0,1,test,positive_annotated
170,170.0_1.0.png,80.0,640.0,640.0,15.0,1,test,positive_annotated
177,177.0_1.0.png,87.0,640.0,640.0,7.0,1,test,positive_annotated
191,191.0_1.0.png,103.0,640.0,640.0,4.0,1,test,positive_annotated
197,197.0_1.0.png,109.0,640.0,640.0,7.0,1,test,positive_annotated
209,209.0_1.0.png,123.0,640.0,640.0,13.0,1,test,positive_annotated
214,214.0_1.0.png,129.0,640.0,640.0,1.0,1,test,positive_annotated
216,216.0_1.0.png,131.0,640.0,640.0,11.0,1,test,positive_annotated
217,217.0_1.0.png,132.0,640.0,640.0,6.0,1,test,positive_annotated
259,259.0_1.0.png,178.0,640.0,640.0,10.0,1,test,positive_annotated
268,268.0_1.0.png,188.0,640.0,640.0,11.0,1,test,positive_annotated
272,272.0_1.0.png,193.0,640.0,640.0,8.0,1,test,positive_annotated
286,286.0_1.0.png,208.0,640.0,640.0,17.0,1,test,positive_annotated
299,299.0_1.0.png,222.0,640.0,640.0,16.0,1,test,positive_annotated
305,305.0_1.0.png,230.0,640.0,640.0,5.0,1,test,positive_annotated
312,312.0_1.0.png,238.0,640.0,640.0,4.0,1,test,positive_annotated
315,315.0_1.0.png,241.0,640.0,640.0,21.0,1,test,positive_annotated
316,316.0_1.0.png,242.0,640.0,640.0,18.0,1,test,positive_annotated
322,322.0_1.0.png,249.0,640.0,640.0,19.0,1,test,positive_annotated
333,333.0_1.0.png,261.0,640.0,640.0,14.0,1,test,positive_annotated
335,335.0_1.0.png,263.0,640.0,640.0,18.0,1,test,positive_annotated
343,343.0_1.0.png,272.0,640.0,640.0,10.0,1,test,positive_annotated
348,348.0_1.0.png,277.0,640.0,640.0,6.0,1,test,positive_annotated
354,354.0_1.0.png,284.0,640.0,640.0,6.0,1,test,positive_annotated
355,355.0_1.0.png,285.0,640.0,640.0,2.0,1,test,positive_annotated
360,360.0_1.0.png,291.0,640.0,640.0,17.0,1,test,positive_annotated
362,362.0_1.0.png,293.0,640.0,640.0,5.0,1,test,positive_annotated
377,377.0_1.0.png,309.0,640.0,640.0,17.0,1,test,positive_annotated
39,39.0_1.0.png,323.0,640.0,640.0,3.0,1,test,positive_annotated
393,393.0_1.0.png,327.0,640.0,640.0,4.0,1,test,positive_annotated
414,414.0_1.0.png,351.0,640.0,640.0,14.0,1,test,positive_annotated
42,42.0_1.0.png,357.0,640.0,640.0,11.0,1,test,positive_annotated
434,434.0_1.0.png,373.0,640.0,640.0,4.0,1,test,positive_annotated
440,440.0_1.0.png,380.0,640.0,640.0,7.0,1,test,positive_annotated
443,443.0_1.0.png,383.0,640.0,640.0,9.0,1,test,positive_annotated
444,444.0_1.0.png,384.0,640.0,640.0,11.0,1,test,positive_annotated
447,447.0_1.0.png,387.0,640.0,640.0,5.0,1,test,positive_annotated
456,456.0_1.0.png,397.0,640.0,640.0,10.0,1,test,positive_annotated
457,457.0_1.0.png,398.0,640.0,640.0,7.0,1,test,positive_annotated
460,460.0_1.0.png,402.0,640.0,640.0,7.0,1,test,positive_annotated
462,462.0_1.0.png,404.0,640.0,640.0,4.0,1,test,positive_annotated
471,471.0_1.0.png,414.0,640.0,640.0,9.0,1,test,positive_annotated
476,476.0_1.0.png,419.0,640.0,640.0,5.0,1,test,positive_annotated
477,477.0_1.0.png,420.0,640.0,640.0,2.0,1,test,positive_annotated
491,491.0_1.0.png,436.0,640.0,640.0,8.0,1,test,positive_annotated
501,501.0_1.0.png,448.0,640.0,640.0,10.0,1,test,positive_annotated
503,503.0_1.0.png,450.0,640.0,640.0,7.0,1,test,positive_annotated
51,51.0_1.0.png,457.0,640.0,640.0,5.0,1,test,positive_annotated
511,511.0_1.0.png,459.0,640.0,640.0,4.0,1,test,positive_annotated
521,521.0_1.0.png,470.0,640.0,640.0,8.0,1,test,positive_annotated
545,545.0_1.0.png,496.0,640.0,640.0,16.0,1,test,positive_annotated
56,56.0_1.0.png,512.0,640.0,640.0,7.0,1,test,positive_annotated
563,563.0_1.0.png,516.0,640.0,640.0,15.0,1,test,positive_annotated
573,573.0_1.0.png,527.0,640.0,640.0,6.0,1,test,positive_annotated
588,588.0_1.0.png,543.0,640.0,640.0,22.0,1,test,positive_annotated
61,61.0_1.0.png,568.0,640.0,640.0,30.0,1,test,positive_annotated
614,614.0_1.0.png,573.0,640.0,640.0,11.0,1,test,positive_annotated
617,617.0_1.0.png,576.0,640.0,640.0,5.0,1,test,positive_annotated
64,64.0_1.0.png,587.0,640.0,640.0,4.0,1,test,positive_annotated
1000,1000.0_1.0.png,628.0,640.0,640.0,30.0,1,test,positive_annotated
1010,1010.0_1.0.png,638.0,640.0,640.0,5.0,1,test,positive_annotated
1021,1021.0_1.0.png,649.0,640.0,640.0,13.0,1,test,positive_annotated
1027,1027.0_1.0.png,655.0,640.0,640.0,19.0,1,test,positive_annotated
1029,1029.0_1.0.png,657.0,640.0,640.0,18.0,1,test,positive_annotated
1035,1035.0_1.0.png,663.0,640.0,640.0,8.0,1,test,positive_annotated
1041,1041.0_1.0.png,669.0,640.0,640.0,9.0,1,test,positive_annotated
1044,1044.0_1.0.png,672.0,640.0,640.0,3.0,1,test,positive_annotated
1049,1049.0_1.0.png,677.0,640.0,640.0,21.0,1,test,positive_annotated
1051,1051.0_1.0.png,679.0,640.0,640.0,9.0,1,test,positive_annotated
1056,1056.0_1.0.png,684.0,640.0,640.0,21.0,1,test,positive_annotated
1075,1075.0_1.0.png,703.0,640.0,640.0,6.0,1,test,positive_annotated
1106,1106.0_1.0.png,734.0,640.0,640.0,11.0,1,test,positive_annotated
1126,1126.0_1.0.png,754.0,640.0,640.0,11.0,1,test,positive_annotated
1154,1154.0_1.0.png,782.0,640.0,640.0,12.0,1,test,positive_annotated
1159,1159.0_1.0.png,787.0,640.0,640.0,11.0,1,test,positive_annotated
1162,1162.0_1.0.png,790.0,640.0,640.0,11.0,1,test,positive_annotated
1189,1189.0_1.0.png,817.0,640.0,640.0,17.0,1,test,positive_annotated
1198,1198.0_1.0.png,826.0,640.0,640.0,19.0,1,test,positive_annotated
1233,1233.0_1.0.png,861.0,640.0,640.0,14.0,1,test,positive_annotated
1239,1239.0_1.0.png,867.0,640.0,640.0,12.0,1,test,positive_annotated
1242,1242.0_1.0.png,870.0,640.0,640.0,28.0,1,test,positive_annotated
1245,1245.0_1.0.png,873.0,640.0,640.0,15.0,1,test,positive_annotated
1250,1250.0_1.0.png,878.0,640.0,640.0,8.0,1,test,positive_annotated
627,627.0_1.0.png,880.0,640.0,640.0,7.0,1,test,positive_annotated
631,631.0_1.0.png,884.0,640.0,640.0,7.0,1,test,positive_annotated
645,645.0_1.0.png,898.0,640.0,640.0,15.0,1,test,positive_annotated
648,648.0_1.0.png,901.0,640.0,640.0,10.0,1,test,positive_annotated
649,649.0_1.0.png,902.0,640.0,640.0,44.0,1,test,positive_annotated
652,652.0_1.0.png,905.0,640.0,640.0,10.0,1,test,positive_annotated
665,665.0_1.0.png,918.0,640.0,640.0,12.0,1,test,positive_annotated
671,671.0_1.0.png,924.0,640.0,640.0,29.0,1,test,positive_annotated
684,684.0_1.0.png,937.0,640.0,640.0,16.0,1,test,positive_annotated
688,688.0_1.0.png,941.0,640.0,640.0,9.0,1,test,positive_annotated
689,689.0_1.0.png,942.0,640.0,640.0,23.0,1,test,positive_annotated
693,693.0_1.0.png,946.0,640.0,640.0,25.0,1,test,positive_annotated
703,703.0_1.0.png,956.0,640.0,640.0,28.0,1,test,positive_annotated
704,704.0_1.0.png,957.0,640.0,640.0,15.0,1,test,positive_annotated
719,719.0_1.0.png,972.0,640.0,640.0,11.0,1,test,positive_annotated
725,725.0_1.0.png,978.0,640.0,640.0,2.0,1,test,positive_annotated
731,731.0_1.0.png,984.0,640.0,640.0,12.0,1,test,positive_annotated
737,737.0_1.0.png,990.0,640.0,640.0,36.0,1,test,positive_annotated
746,746.0_1.0.png,999.0,640.0,640.0,5.0,1,test,positive_annotated
753,753.0_1.0.png,1006.0,640.0,640.0,34.0,1,test,positive_annotated
754,754.0_1.0.png,1007.0,640.0,640.0,18.0,1,test,positive_annotated
761,761.0_1.0.png,1014.0,640.0,640.0,14.0,1,test,positive_annotated
766,766.0_1.0.png,1019.0,640.0,640.0,6.0,1,test,positive_annotated
769,769.0_1.0.png,1022.0,640.0,640.0,5.0,1,test,positive_annotated
774,774.0_1.0.png,1027.0,640.0,640.0,15.0,1,test,positive_annotated
780,780.0_1.0.png,1033.0,640.0,640.0,16.0,1,test,positive_annotated
827,827.0_1.0.png,1080.0,640.0,640.0,9.0,1,test,positive_annotated
829,829.0_1.0.png,1082.0,640.0,640.0,17.0,1,test,positive_annotated
834,834.0_1.0.png,1087.0,640.0,640.0,6.0,1,test,positive_annotated
835,835.0_1.0.png,1088.0,640.0,640.0,8.0,1,test,positive_annotated
836,836.0_1.0.png,1089.0,640.0,640.0,12.0,1,test,positive_annotated
843,843.0_1.0.png,1096.0,640.0,640.0,12.0,1,test,positive_annotated
844,844.0_1.0.png,1097.0,640.0,640.0,28.0,1,test,positive_annotated
847,847.0_1.0.png,1100.0,640.0,640.0,34.0,1,test,positive_annotated
856,856.0_1.0.png,1109.0,640.0,640.0,21.0,1,test,positive_annotated
877,877.0_1.0.png,1130.0,640.0,640.0,30.0,1,test,positive_annotated
889,889.0_1.0.png,1142.0,640.0,640.0,34.0,1,test,positive_annotated
890,890.0_1.0.png,1143.0,640.0,640.0,6.0,1,test,positive_annotated
891,891.0_1.0.png,1144.0,640.0,640.0,12.0,1,test,positive_annotated
936,936.0_1.0.png,1189.0,640.0,640.0,3.0,1,test,positive_annotated
951,951.0_1.0.png,1204.0,640.0,640.0,15.0,1,test,positive_annotated
953,953.0_1.0.png,1206.0,640.0,640.0,25.0,1,test,positive_annotated
974,974.0_1.0.png,1226.0,640.0,640.0,4.0,1,test,positive_annotated
1263,1263.0_1.0.png,1263.0,640.0,640.0,6.0,1,test,positive_annotated
1280,1280.0_1.0.png,1280.0,640.0,640.0,10.0,1,test,positive_annotated
1292,1292.0_1.0.png,1292.0,640.0,640.0,28.0,1,test,positive_annotated
1296,1296.0_1.0.png,1296.0,640.0,640.0,24.0,1,test,positive_annotated
1331,1331.0_1.0.png,1331.0,640.0,640.0,16.0,1,test,positive_annotated
1332,1332.0_1.0.png,1332.0,640.0,640.0,17.0,1,test,positive_annotated
1357,1357.0_1.0.png,1357.0,640.0,640.0,6.0,1,test,positive_annotated
1382,1382.0_1.0.png,1382.0,640.0,640.0,8.0,1,test,positive_annotated
1388,1388.0_1.0.png,1388.0,640.0,640.0,42.0,1,test,positive_annotated
1393,1393.0_1.0.png,1393.0,640.0,640.0,21.0,1,test,positive_annotated
1397,1397.0_1.0.png,1397.0,640.0,640.0,25.0,1,test,positive_annotated
1412,1412.0_1.0.png,1412.0,640.0,640.0,24.0,1,test,positive_annotated
1455,1455.0_1.0.png,1455.0,640.0,640.0,16.0,1,test,positive_annotated
1459,1459.0_1.0.png,1459.0,640.0,640.0,20.0,1,test,positive_annotated
1474,1474.0_1.0.png,1474.0,640.0,640.0,12.0,1,test,positive_annotated
1485,1485.0_1.0.png,1485.0,640.0,640.0,41.0,1,test,positive_annotated
1486,1486.0_1.0.png,1486.0,640.0,640.0,16.0,1,test,positive_annotated
1490,1490.0_1.0.png,1490.0,640.0,640.0,11.0,1,test,positive_annotated
1498,1498.0_1.0.png,1498.0,640.0,640.0,12.0,1,test,positive_annotated
1520,1520.0_1.0.png,1520.0,640.0,640.0,1.0,1,test,positive_annotated
1533,1533.0_1.0.png,1533.0,640.0,640.0,24.0,1,test,positive_annotated
1535,1535.0_1.0.png,1535.0,640.0,640.0,14.0,1,test,positive_annotated
1554,1554.0_1.0.png,1554.0,640.0,640.0,33.0,1,test,positive_annotated
1556,1556.0_1.0.png,1556.0,640.0,640.0,12.0,1,test,positive_annotated
1558,1558.0_1.0.png,1558.0,640.0,640.0,19.0,1,test,positive_annotated
1560,1560.0_1.0.png,1560.0,640.0,640.0,29.0,1,test,positive_annotated
1567,1567.0_1.0.png,1567.0,640.0,640.0,17.0,1,test,positive_annotated
1580,1580.0_1.0.png,1580.0,640.0,640.0,34.0,1,test,positive_annotated
1624,1624.0_1.0.png,1624.0,640.0,640.0,40.0,1,test,positive_annotated
1638,1638.0_1.0.png,1638.0,640.0,640.0,30.0,1,test,positive_annotated
1639,1639.0_1.0.png,1639.0,640.0,640.0,9.0,1,test,positive_annotated
1646,1646.0_1.0.png,1646.0,640.0,640.0,5.0,1,test,positive_annotated
1647,1647.0_1.0.png,1647.0,640.0,640.0,8.0,1,test,positive_annotated
1653,1653.0_1.0.png,1653.0,640.0,640.0,8.0,1,test,positive_annotated
1668,1668.0_1.0.png,1668.0,640.0,640.0,10.0,1,test,positive_annotated
1671,1671.0_1.0.png,1671.0,640.0,640.0,17.0,1,test,positive_annotated
1687,1687.0_1.0.png,1687.0,640.0,640.0,9.0,1,test,positive_annotated
1722,1722.0_1.0.png,1722.0,640.0,640.0,24.0,1,test,positive_annotated
1732,1732.0_1.0.png,1732.0,640.0,640.0,34.0,1,test,positive_annotated
1733,1733.0_1.0.png,1733.0,640.0,640.0,33.0,1,test,positive_annotated
1735,1735.0_1.0.png,1735.0,640.0,640.0,8.0,1,test,positive_annotated
1737,1737.0_1.0.png,1737.0,640.0,640.0,10.0,1,test,positive_annotated
1738,1738.0_1.0.png,1738.0,640.0,640.0,12.0,1,test,positive_annotated
1758,1758.0_1.0.png,1758.0,640.0,640.0,18.0,1,test,positive_annotated
1769,1769.0_1.0.png,1769.0,640.0,640.0,26.0,1,test,positive_annotated
1784,1784.0_1.0.png,1784.0,640.0,640.0,15.0,1,test,positive_annotated
1800,1800.0_1.0.png,1800.0,640.0,640.0,8.0,1,test,positive_annotated
1821,1821.0_1.0.png,1821.0,640.0,640.0,21.0,1,test,positive_annotated
1843,1843.0_1.0.png,1843.0,640.0,640.0,25.0,1,test,positive_annotated
1845,1845.0_1.0.png,1845.0,640.0,640.0,19.0,1,test,positive_annotated
1855,1855.0_1.0.png,1855.0,640.0,640.0,32.0,1,test,positive_annotated
1863,1863.0_1.0.png,1863.0,640.0,640.0,4.0,1,test,positive_annotated
1864,1864.0_1.0.png,1864.0,640.0,640.0,33.0,1,test,positive_annotated
1885,1885.0_1.0.png,1885.0,640.0,640.0,8.0,1,test,positive_annotated
1887,1887.0_1.0.png,1887.0,640.0,640.0,14.0,1,test,positive_annotated
1899,1899.0_1.0.png,1899.0,640.0,640.0,9.0,1,test,positive_annotated
1900,1900.0_1.0.png,1900.0,640.0,640.0,11.0,1,test,positive_annotated
1918,1918.0_1.0.png,1918.0,640.0,640.0,4.0,1,test,positive_annotated
1923,1923.0_1.0.png,1923.0,640.0,640.0,11.0,1,test,positive_annotated
1942,1942.0_1.0.png,1942.0,640.0,640.0,5.0,1,test,positive_annotated
1943,1943.0_1.0.png,1943.0,640.0,640.0,19.0,1,test,positive_annotated
1952,1952.0_1.0.png,1952.0,640.0,640.0,10.0,1,test,positive_annotated
1977,1977.0_1.0.png,1977.0,640.0,640.0,4.0,1,test,positive_annotated
1994,1994.0_1.0.png,1994.0,640.0,640.0,25.0,1,test,positive_annotated
1995,1995.0_1.0.png,1995.0,640.0,640.0,8.0,1,test,positive_annotated
1996,1996.0_1.0.png,1996.0,640.0,640.0,8.0,1,test,positive_annotated
2007,2007.0_1.0.png,2007.0,640.0,640.0,5.0,1,test,positive_annotated
2027,2027.0_1.0.png,2027.0,640.0,640.0,12.0,1,test,positive_annotated
2050,2050.0_1.0.png,2050.0,640.0,640.0,8.0,1,test,positive_annotated
2056,2056.0_1.0.png,2056.0,640.0,640.0,14.0,1,test,positive_annotated
2075,2075.0_1.0.png,2075.0,640.0,640.0,15.0,1,test,positive_annotated
2085,2085.0_1.0.png,2085.0,640.0,640.0,8.0,1,test,positive_annotated
2093,2093.0_1.0.png,2093.0,640.0,640.0,8.0,1,test,positive_annotated
2111,2111.0_1.0.png,2111.0,640.0,640.0,15.0,1,test,positive_annotated
2125,2125.0_1.0.png,2125.0,640.0,640.0,25.0,1,test,positive_annotated
2167,2167.0_1.0.png,2167.0,640.0,640.0,13.0,1,test,positive_annotated
2173,2173.0_1.0.png,2173.0,640.0,640.0,5.0,1,test,positive_annotated
2178,2178.0_1.0.png,2178.0,640.0,640.0,10.0,1,test,positive_annotated
2188,2188.0_1.0.png,2188.0,640.0,640.0,9.0,1,test,positive_annotated
2194,2194.0_1.0.png,2194.0,640.0,640.0,22.0,1,test,positive_annotated
2203,2203.0_1.0.png,2203.0,640.0,640.0,15.0,1,test,positive_annotated
2206,2206.0_1.0.png,2206.0,640.0,640.0,9.0,1,test,positive_annotated
2214,2214.0_1.0.png,2214.0,640.0,640.0,14.0,1,test,positive_annotated
2215,2215.0_1.0.png,2215.0,640.0,640.0,15.0,1,test,positive_annotated
2216,2216.0_1.0.png,2216.0,640.0,640.0,4.0,1,test,positive_annotated
2221,2221.0_1.0.png,2221.0,640.0,640.0,7.0,1,test,positive_annotated
2239,2239.0_1.0.png,2239.0,640.0,640.0,10.0,1,test,positive_annotated
2240,2240.0_1.0.png,2240.0,640.0,640.0,7.0,1,test,positive_annotated
2258,2258.0_1.0.png,2258.0,640.0,640.0,6.0,1,test,positive_annotated
2261,2261.0_1.0.png,2261.0,640.0,640.0,13.0,1,test,positive_annotated
2269,2269.0_1.0.png,2269.0,640.0,640.0,9.0,1,test,positive_annotated
2274,2274.0_1.0.png,2274.0,640.0,640.0,4.0,1,test,positive_annotated
2276,2276.0_1.0.png,2276.0,640.0,640.0,4.0,1,test,positive_annotated
2289,2289.0_1.0.png,2289.0,640.0,640.0,20.0,1,test,positive_annotated
2293,2293.0_1.0.png,2293.0,640.0,640.0,21.0,1,test,positive_annotated
2302,2302.0_1.0.png,2302.0,640.0,640.0,2.0,1,test,positive_annotated
2306,2306.0_1.0.png,2306.0,640.0,640.0,11.0,1,test,positive_annotated
2307,2307.0_1.0.png,2307.0,640.0,640.0,16.0,1,test,positive_annotated
2311,2311.0_1.0.png,2311.0,640.0,640.0,9.0,1,test,positive_annotated
2329,2329.0_1.0.png,2329.0,640.0,640.0,11.0,1,test,positive_annotated
2331,2331.0_1.0.png,2331.0,640.0,640.0,14.0,1,test,positive_annotated
2364,2364.0_1.0.png,2364.0,640.0,640.0,6.0,1,test,positive_annotated
2373,2373.0_1.0.png,2373.0,640.0,640.0,21.0,1,test,positive_annotated
2389,2389.0_1.0.png,2389.0,640.0,640.0,25.0,1,test,positive_annotated
2412,2412.0_1.0.png,2412.0,640.0,640.0,7.0,1,test,positive_annotated
2422,2422.0_1.0.png,2422.0,640.0,640.0,8.0,1,test,positive_annotated
2427,2427.0_1.0.png,2427.0,640.0,640.0,2.0,1,test,positive_annotated
2453,2453.0_1.0.png,2453.0,640.0,640.0,26.0,1,test,positive_annotated
2456,2456.0_1.0.png,2456.0,640.0,640.0,3.0,1,test,positive_annotated
2463,2463.0_1.0.png,2463.0,640.0,640.0,11.0,1,test,positive_annotated
2469,2469.0_1.0.png,2469.0,640.0,640.0,3.0,1,test,positive_annotated
2470,2470.0_1.0.png,2470.0,640.0,640.0,7.0,1,test,positive_annotated
2474,2474.0_1.0.png,2474.0,640.0,640.0,4.0,1,test,positive_annotated
2477,2477.0_1.0.png,2477.0,640.0,640.0,19.0,1,test,positive_annotated
2480,2480.0_1.0.png,2480.0,640.0,640.0,15.0,1,test,positive_annotated
2490,2490.0_1.0.png,2490.0,640.0,640.0,29.0,1,test,positive_annotated
2495,2495.0_1.0.png,2495.0,640.0,640.0,7.0,1,test,positive_annotated
2500,2500.0_1.0.png,2500.0,640.0,640.0,15.0,1,test,positive_annotated
2562,2562.0_0.0.png,,,,,0,train,negative
2580,2580.0_0.0.png,,,,,0,train,negative
2539,2539.0_0.0.png,,,,,0,train,negative
2977,2977.0_0.0.png,,,,,0,train,negative
2957,2957.0_0.0.png,,,,,0,train,negative
2745,2745.0_0.0.png,,,,,0,train,negative
2723,2723.0_0.0.png,,,,,0,train,negative
2511,2511.0_0.0.png,,,,,0,train,negative
2879,2879.0_0.0.png,,,,,0,train,negative
2577,2577.0_0.0.png,,,,,0,train,negative
2585,2585.0_0.0.png,,,,,0,train,negative
2974,2974.0_0.0.png,,,,,0,train,negative
2939,2939.0_0.0.png,,,,,0,train,negative
2961,2961.0_0.0.png,,,,,0,train,negative
2988,2988.0_0.0.png,,,,,0,train,negative
2950,2950.0_0.0.png,,,,,0,train,negative
2668,2668.0_0.0.png,,,,,0,train,negative
2600,2600.0_0.0.png,,,,,0,train,negative
2958,2958.0_0.0.png,,,,,0,train,negative
2584,2584.0_0.0.png,,,,,0,train,negative
2501,2501.0_0.0.png,,,,,0,train,negative
2996,2996.0_0.0.png,,,,,0,train,negative
2513,2513.0_0.0.png,,,,,0,train,negative
2767,2767.0_0.0.png,,,,,0,train,negative
2583,2583.0_0.0.png,,,,,0,train,negative
2721,2721.0_0.0.png,,,,,0,train,negative
2972,2972.0_0.0.png,,,,,0,train,negative
2582,2582.0_0.0.png,,,,,0,train,negative
2534,2534.0_0.0.png,,,,,0,train,negative
2693,2693.0_0.0.png,,,,,0,train,negative
2622,2622.0_0.0.png,,,,,0,train,negative
2756,2756.0_0.0.png,,,,,0,train,negative
2609,2609.0_0.0.png,,,,,0,train,negative
2937,2937.0_0.0.png,,,,,0,train,negative
2521,2521.0_0.0.png,,,,,0,train,negative
2545,2545.0_0.0.png,,,,,0,train,negative
2914,2914.0_0.0.png,,,,,0,train,negative
2995,2995.0_0.0.png,,,,,0,train,negative
2822,2822.0_0.0.png,,,,,0,train,negative
2651,2651.0_0.0.png,,,,,0,train,negative
2804,2804.0_0.0.png,,,,,0,train,negative
2768,2768.0_0.0.png,,,,,0,train,negative
2665,2665.0_0.0.png,,,,,0,train,negative
2685,2685.0_0.0.png,,,,,0,train,negative
2854,2854.0_0.0.png,,,,,0,train,negative
2627,2627.0_0.0.png,,,,,0,train,negative
2817,2817.0_0.0.png,,,,,0,train,negative
2579,2579.0_0.0.png,,,,,0,train,negative
2597,2597.0_0.0.png,,,,,0,train,negative
2634,2634.0_0.0.png,,,,,0,train,negative
2947,2947.0_0.0.png,,,,,0,train,negative
2797,2797.0_0.0.png,,,,,0,train,negative
2709,2709.0_0.0.png,,,,,0,train,negative
2944,2944.0_0.0.png,,,,,0,train,negative
2733,2733.0_0.0.png,,,,,0,train,negative
2642,2642.0_0.0.png,,,,,0,train,negative
2586,2586.0_0.0.png,,,,,0,train,negative
2966,2966.0_0.0.png,,,,,0,train,negative
2570,2570.0_0.0.png,,,,,0,train,negative
2659,2659.0_0.0.png,,,,,0,train,negative
2816,2816.0_0.0.png,,,,,0,train,negative
2823,2823.0_0.0.png,,,,,0,train,negative
2992,2992.0_0.0.png,,,,,0,train,negative
2688,2688.0_0.0.png,,,,,0,train,negative
2589,2589.0_0.0.png,,,,,0,train,negative
2825,2825.0_0.0.png,,,,,0,train,negative
2748,2748.0_0.0.png,,,,,0,train,negative
2986,2986.0_0.0.png,,,,,0,train,negative
2735,2735.0_0.0.png,,,,,0,train,negative
2890,2890.0_0.0.png,,,,,0,train,negative
2978,2978.0_0.0.png,,,,,0,train,negative
2518,2518.0_0.0.png,,,,,0,train,negative
2664,2664.0_0.0.png,,,,,0,train,negative
2892,2892.0_0.0.png,,,,,0,train,negative
2522,2522.0_0.0.png,,,,,0,train,negative
2912,2912.0_0.0.png,,,,,0,train,negative
2833,2833.0_0.0.png,,,,,0,train,negative
2563,2563.0_0.0.png,,,,,0,train,negative
2716,2716.0_0.0.png,,,,,0,train,negative
2922,2922.0_0.0.png,,,,,0,train,negative
2832,2832.0_0.0.png,,,,,0,train,negative
2791,2791.0_0.0.png,,,,,0,train,negative
2818,2818.0_0.0.png,,,,,0,train,negative
2930,2930.0_0.0.png,,,,,0,train,negative
2528,2528.0_0.0.png,,,,,0,train,negative
2932,2932.0_0.0.png,,,,,0,train,negative
2910,2910.0_0.0.png,,,,,0,train,negative
2666,2666.0_0.0.png,,,,,0,train,negative
2548,2548.0_0.0.png,,,,,0,train,negative
2975,2975.0_0.0.png,,,,,0,train,negative
2647,2647.0_0.0.png,,,,,0,train,negative
2641,2641.0_0.0.png,,,,,0,train,negative
2928,2928.0_0.0.png,,,,,0,train,negative
2842,2842.0_0.0.png,,,,,0,train,negative
2946,2946.0_0.0.png,,,,,0,train,negative
2826,2826.0_0.0.png,,,,,0,train,negative
2525,2525.0_0.0.png,,,,,0,train,negative
2828,2828.0_0.0.png,,,,,0,train,negative
2552,2552.0_0.0.png,,,,,0,train,negative
2991,2991.0_0.0.png,,,,,0,train,negative
2636,2636.0_0.0.png,,,,,0,train,negative
2810,2810.0_0.0.png,,,,,0,train,negative
2899,2899.0_0.0.png,,,,,0,train,negative
2564,2564.0_0.0.png,,,,,0,train,negative
2689,2689.0_0.0.png,,,,,0,train,negative
2982,2982.0_0.0.png,,,,,0,train,negative
2924,2924.0_0.0.png,,,,,0,train,negative
2527,2527.0_0.0.png,,,,,0,train,negative
2520,2520.0_0.0.png,,,,,0,train,negative
2573,2573.0_0.0.png,,,,,0,train,negative
2694,2694.0_0.0.png,,,,,0,train,negative
2593,2593.0_0.0.png,,,,,0,train,negative
2535,2535.0_0.0.png,,,,,0,train,negative
2591,2591.0_0.0.png,,,,,0,train,negative
2844,2844.0_0.0.png,,,,,0,train,negative
2782,2782.0_0.0.png,,,,,0,train,negative
2712,2712.0_0.0.png,,,,,0,train,negative
2980,2980.0_0.0.png,,,,,0,train,negative
2602,2602.0_0.0.png,,,,,0,train,negative
2807,2807.0_0.0.png,,,,,0,train,negative
2897,2897.0_0.0.png,,,,,0,train,negative
2845,2845.0_0.0.png,,,,,0,train,negative
2835,2835.0_0.0.png,,,,,0,train,negative
2764,2764.0_0.0.png,,,,,0,train,negative
2706,2706.0_0.0.png,,,,,0,train,negative
2612,2612.0_0.0.png,,,,,0,train,negative
2752,2752.0_0.0.png,,,,,0,train,negative
2684,2684.0_0.0.png,,,,,0,train,negative
2507,2507.0_0.0.png,,,,,0,train,negative
2626,2626.0_0.0.png,,,,,0,train,negative
2551,2551.0_0.0.png,,,,,0,train,negative
2519,2519.0_0.0.png,,,,,0,train,negative
2999,2999.0_0.0.png,,,,,0,train,negative
2860,2860.0_0.0.png,,,,,0,train,negative
2505,2505.0_0.0.png,,,,,0,train,negative
2871,2871.0_0.0.png,,,,,0,train,negative
2567,2567.0_0.0.png,,,,,0,train,negative
2618,2618.0_0.0.png,,,,,0,train,negative
2819,2819.0_0.0.png,,,,,0,train,negative
2837,2837.0_0.0.png,,,,,0,train,negative
2533,2533.0_0.0.png,,,,,0,train,negative
2705,2705.0_0.0.png,,,,,0,train,negative
2769,2769.0_0.0.png,,,,,0,train,negative
2529,2529.0_0.0.png,,,,,0,train,negative
2509,2509.0_0.0.png,,,,,0,train,negative
2960,2960.0_0.0.png,,,,,0,train,negative
2616,2616.0_0.0.png,,,,,0,train,negative
2765,2765.0_0.0.png,,,,,0,train,negative
2971,2971.0_0.0.png,,,,,0,train,negative
2628,2628.0_0.0.png,,,,,0,train,negative
2624,2624.0_0.0.png,,,,,0,train,negative
2917,2917.0_0.0.png,,,,,0,train,negative
2895,2895.0_0.0.png,,,,,0,train,negative
2970,2970.0_0.0.png,,,,,0,train,negative
2998,2998.0_0.0.png,,,,,0,train,negative
2886,2886.0_0.0.png,,,,,0,train,negative
2680,2680.0_0.0.png,,,,,0,train,negative
2743,2743.0_0.0.png,,,,,0,train,negative
2994,2994.0_0.0.png,,,,,0,train,negative
2952,2952.0_0.0.png,,,,,0,train,negative
2652,2652.0_0.0.png,,,,,0,train,negative
2959,2959.0_0.0.png,,,,,0,train,negative
2898,2898.0_0.0.png,,,,,0,train,negative
2770,2770.0_0.0.png,,,,,0,train,negative
2881,2881.0_0.0.png,,,,,0,train,negative
2722,2722.0_0.0.png,,,,,0,train,negative
2757,2757.0_0.0.png,,,,,0,train,negative
2617,2617.0_0.0.png,,,,,0,train,negative
2866,2866.0_0.0.png,,,,,0,train,negative
2656,2656.0_0.0.png,,,,,0,train,negative
2814,2814.0_0.0.png,,,,,0,train,negative
2663,2663.0_0.0.png,,,,,0,train,negative
2920,2920.0_0.0.png,,,,,0,train,negative
2969,2969.0_0.0.png,,,,,0,train,negative
2590,2590.0_0.0.png,,,,,0,train,negative
2906,2906.0_0.0.png,,,,,0,train,negative
2677,2677.0_0.0.png,,,,,0,train,negative
2859,2859.0_0.0.png,,,,,0,train,negative
2942,2942.0_0.0.png,,,,,0,train,negative
2581,2581.0_0.0.png,,,,,0,train,negative
2981,2981.0_0.0.png,,,,,0,train,negative
2698,2698.0_0.0.png,,,,,0,train,negative
2856,2856.0_0.0.png,,,,,0,train,negative
2629,2629.0_0.0.png,,,,,0,train,negative
2934,2934.0_0.0.png,,,,,0,train,negative
2800,2800.0_0.0.png,,,,,0,train,negative
2839,2839.0_0.0.png,,,,,0,train,negative
2857,2857.0_0.0.png,,,,,0,train,negative
2708,2708.0_0.0.png,,,,,0,train,negative
2738,2738.0_0.0.png,,,,,0,train,negative
2717,2717.0_0.0.png,,,,,0,train,negative
2889,2889.0_0.0.png,,,,,0,train,negative
2773,2773.0_0.0.png,,,,,0,train,negative
2542,2542.0_0.0.png,,,,,0,train,negative
2650,2650.0_0.0.png,,,,,0,train,negative
2888,2888.0_0.0.png,,,,,0,train,negative
2724,2724.0_0.0.png,,,,,0,train,negative
2786,2786.0_0.0.png,,,,,0,train,negative
2949,2949.0_0.0.png,,,,,0,train,negative
2566,2566.0_0.0.png,,,,,0,train,negative
2619,2619.0_0.0.png,,,,,0,train,negative
2781,2781.0_0.0.png,,,,,0,train,negative
2755,2755.0_0.0.png,,,,,0,train,negative
2508,2508.0_0.0.png,,,,,0,train,negative
2938,2938.0_0.0.png,,,,,0,train,negative
2847,2847.0_0.0.png,,,,,0,train,negative
2669,2669.0_0.0.png,,,,,0,train,negative
2661,2661.0_0.0.png,,,,,0,train,negative
2690,2690.0_0.0.png,,,,,0,train,negative
2697,2697.0_0.0.png,,,,,0,train,negative
2512,2512.0_0.0.png,,,,,0,train,negative
2929,2929.0_0.0.png,,,,,0,train,negative
2611,2611.0_0.0.png,,,,,0,train,negative
2588,2588.0_0.0.png,,,,,0,train,negative
2544,2544.0_0.0.png,,,,,0,train,negative
2907,2907.0_0.0.png,,,,,0,train,negative
2679,2679.0_0.0.png,,,,,0,train,negative
2973,2973.0_0.0.png,,,,,0,train,negative
2794,2794.0_0.0.png,,,,,0,train,negative
2711,2711.0_0.0.png,,,,,0,train,negative
2798,2798.0_0.0.png,,,,,0,train,negative
2744,2744.0_0.0.png,,,,,0,train,negative
2741,2741.0_0.0.png,,,,,0,train,negative
2707,2707.0_0.0.png,,,,,0,train,negative
2596,2596.0_0.0.png,,,,,0,train,negative
2657,2657.0_0.0.png,,,,,0,train,negative
2675,2675.0_0.0.png,,,,,0,train,negative
2811,2811.0_0.0.png,,,,,0,train,negative
2658,2658.0_0.0.png,,,,,0,train,negative
2504,2504.0_0.0.png,,,,,0,train,negative
2599,2599.0_0.0.png,,,,,0,train,negative
2905,2905.0_0.0.png,,,,,0,train,negative
2576,2576.0_0.0.png,,,,,0,train,negative
2788,2788.0_0.0.png,,,,,0,train,negative
2633,2633.0_0.0.png,,,,,0,train,negative
2872,2872.0_0.0.png,,,,,0,train,negative
2604,2604.0_0.0.png,,,,,0,train,negative
2654,2654.0_0.0.png,,,,,0,train,negative
2883,2883.0_0.0.png,,,,,0,train,negative
2903,2903.0_0.0.png,,,,,0,train,negative
2851,2851.0_0.0.png,,,,,0,train,negative
2605,2605.0_0.0.png,,,,,0,train,negative
2809,2809.0_0.0.png,,,,,0,train,negative
2575,2575.0_0.0.png,,,,,0,train,negative
2526,2526.0_0.0.png,,,,,0,train,negative
2543,2543.0_0.0.png,,,,,0,train,negative
2655,2655.0_0.0.png,,,,,0,train,negative
2632,2632.0_0.0.png,,,,,0,train,negative
2696,2696.0_0.0.png,,,,,0,train,negative
2715,2715.0_0.0.png,,,,,0,train,negative
2695,2695.0_0.0.png,,,,,0,train,negative
2574,2574.0_0.0.png,,,,,0,train,negative
2766,2766.0_0.0.png,,,,,0,train,negative
2775,2775.0_0.0.png,,,,,0,train,negative
2806,2806.0_0.0.png,,,,,0,train,negative
2987,2987.0_0.0.png,,,,,0,train,negative
2989,2989.0_0.0.png,,,,,0,train,negative
2801,2801.0_0.0.png,,,,,0,train,negative
2901,2901.0_0.0.png,,,,,0,train,negative
2785,2785.0_0.0.png,,,,,0,train,negative
2635,2635.0_0.0.png,,,,,0,train,negative
2893,2893.0_0.0.png,,,,,0,train,negative
2739,2739.0_0.0.png,,,,,0,train,negative
2925,2925.0_0.0.png,,,,,0,train,negative
2734,2734.0_0.0.png,,,,,0,train,negative
2639,2639.0_0.0.png,,,,,0,train,negative
2927,2927.0_0.0.png,,,,,0,train,negative
2911,2911.0_0.0.png,,,,,0,train,negative
2921,2921.0_0.0.png,,,,,0,train,negative
2882,2882.0_0.0.png,,,,,0,train,negative
2792,2792.0_0.0.png,,,,,0,train,negative
2858,2858.0_0.0.png,,,,,0,train,negative
2795,2795.0_0.0.png,,,,,0,train,negative
2941,2941.0_0.0.png,,,,,0,train,negative
2841,2841.0_0.0.png,,,,,0,train,negative
2620,2620.0_0.0.png,,,,,0,train,negative
2692,2692.0_0.0.png,,,,,0,train,negative
2880,2880.0_0.0.png,,,,,0,train,negative
2956,2956.0_0.0.png,,,,,0,train,negative
2831,2831.0_0.0.png,,,,,0,train,negative
2984,2984.0_0.0.png,,,,,0,train,negative
2862,2862.0_0.0.png,,,,,0,train,negative
2751,2751.0_0.0.png,,,,,0,train,negative
2865,2865.0_0.0.png,,,,,0,train,negative
2676,2676.0_0.0.png,,,,,0,train,negative
2646,2646.0_0.0.png,,,,,0,train,negative
2710,2710.0_0.0.png,,,,,0,train,negative
2778,2778.0_0.0.png,,,,,0,train,negative
2749,2749.0_0.0.png,,,,,0,train,negative
2625,2625.0_0.0.png,,,,,0,train,negative
2630,2630.0_0.0.png,,,,,0,train,negative
2951,2951.0_0.0.png,,,,,0,train,negative
2740,2740.0_0.0.png,,,,,0,train,negative
2908,2908.0_0.0.png,,,,,0,train,negative
2838,2838.0_0.0.png,,,,,0,train,negative
2637,2637.0_0.0.png,,,,,0,train,negative
2805,2805.0_0.0.png,,,,,0,train,negative
2926,2926.0_0.0.png,,,,,0,train,negative
2615,2615.0_0.0.png,,,,,0,train,negative
2876,2876.0_0.0.png,,,,,0,train,negative
2954,2954.0_0.0.png,,,,,0,val,negative
2643,2643.0_0.0.png,,,,,0,val,negative
2867,2867.0_0.0.png,,,,,0,val,negative
2550,2550.0_0.0.png,,,,,0,val,negative
2965,2965.0_0.0.png,,,,,0,val,negative
2572,2572.0_0.0.png,,,,,0,val,negative
2803,2803.0_0.0.png,,,,,0,val,negative
2592,2592.0_0.0.png,,,,,0,val,negative
2762,2762.0_0.0.png,,,,,0,val,negative
2699,2699.0_0.0.png,,,,,0,val,negative
2671,2671.0_0.0.png,,,,,0,val,negative
2514,2514.0_0.0.png,,,,,0,val,negative
2541,2541.0_0.0.png,,,,,0,val,negative
2532,2532.0_0.0.png,,,,,0,val,negative
2682,2682.0_0.0.png,,,,,0,val,negative
2653,2653.0_0.0.png,,,,,0,val,negative
2904,2904.0_0.0.png,,,,,0,val,negative
2843,2843.0_0.0.png,,,,,0,val,negative
2737,2737.0_0.0.png,,,,,0,val,negative
2603,2603.0_0.0.png,,,,,0,val,negative
2558,2558.0_0.0.png,,,,,0,val,negative
2759,2759.0_0.0.png,,,,,0,val,negative
2878,2878.0_0.0.png,,,,,0,val,negative
2885,2885.0_0.0.png,,,,,0,val,negative
2691,2691.0_0.0.png,,,,,0,val,negative
2547,2547.0_0.0.png,,,,,0,val,negative
2902,2902.0_0.0.png,,,,,0,val,negative
2719,2719.0_0.0.png,,,,,0,val,negative
2802,2802.0_0.0.png,,,,,0,val,negative
2774,2774.0_0.0.png,,,,,0,val,negative
2919,2919.0_0.0.png,,,,,0,val,negative
2506,2506.0_0.0.png,,,,,0,val,negative
2776,2776.0_0.0.png,,,,,0,val,negative
2955,2955.0_0.0.png,,,,,0,val,negative
2608,2608.0_0.0.png,,,,,0,val,negative
2742,2742.0_0.0.png,,,,,0,val,negative
2933,2933.0_0.0.png,,,,,0,val,negative
2727,2727.0_0.0.png,,,,,0,val,negative
2683,2683.0_0.0.png,,,,,0,val,negative
2606,2606.0_0.0.png,,,,,0,val,negative
2812,2812.0_0.0.png,,,,,0,val,negative
2729,2729.0_0.0.png,,,,,0,val,negative
2568,2568.0_0.0.png,,,,,0,val,negative
2553,2553.0_0.0.png,,,,,0,val,negative
2537,2537.0_0.0.png,,,,,0,val,negative
2787,2787.0_0.0.png,,,,,0,val,negative
2849,2849.0_0.0.png,,,,,0,val,negative
2713,2713.0_0.0.png,,,,,0,val,negative
2953,2953.0_0.0.png,,,,,0,val,negative
2530,2530.0_0.0.png,,,,,0,val,negative
2896,2896.0_0.0.png,,,,,0,val,negative
2747,2747.0_0.0.png,,,,,0,val,negative
2780,2780.0_0.0.png,,,,,0,val,negative
2808,2808.0_0.0.png,,,,,0,val,negative
2674,2674.0_0.0.png,,,,,0,val,negative
2931,2931.0_0.0.png,,,,,0,val,negative
2649,2649.0_0.0.png,,,,,0,val,negative
2569,2569.0_0.0.png,,,,,0,val,negative
2645,2645.0_0.0.png,,,,,0,val,negative
2638,2638.0_0.0.png,,,,,0,val,negative
2979,2979.0_0.0.png,,,,,0,val,negative
2510,2510.0_0.0.png,,,,,0,val,negative
2848,2848.0_0.0.png,,,,,0,val,negative
2968,2968.0_0.0.png,,,,,0,val,negative
2571,2571.0_0.0.png,,,,,0,val,negative
2820,2820.0_0.0.png,,,,,0,val,negative
2516,2516.0_0.0.png,,,,,0,val,negative
2667,2667.0_0.0.png,,,,,0,val,negative
2546,2546.0_0.0.png,,,,,0,val,negative
2964,2964.0_0.0.png,,,,,0,val,negative
2909,2909.0_0.0.png,,,,,0,val,negative
2730,2730.0_0.0.png,,,,,0,val,negative
2799,2799.0_0.0.png,,,,,0,val,negative
2940,2940.0_0.0.png,,,,,0,val,negative
2936,2936.0_0.0.png,,,,,0,val,negative
2861,2861.0_0.0.png,,,,,0,test,negative
2754,2754.0_0.0.png,,,,,0,test,negative
2720,2720.0_0.0.png,,,,,0,test,negative
2725,2725.0_0.0.png,,,,,0,test,negative
2815,2815.0_0.0.png,,,,,0,test,negative
2962,2962.0_0.0.png,,,,,0,test,negative
2771,2771.0_0.0.png,,,,,0,test,negative
2990,2990.0_0.0.png,,,,,0,test,negative
2963,2963.0_0.0.png,,,,,0,test,negative
2824,2824.0_0.0.png,,,,,0,test,negative
2877,2877.0_0.0.png,,,,,0,test,negative
2789,2789.0_0.0.png,,,,,0,test,negative
2714,2714.0_0.0.png,,,,,0,test,negative
2673,2673.0_0.0.png,,,,,0,test,negative
2549,2549.0_0.0.png,,,,,0,test,negative
2732,2732.0_0.0.png,,,,,0,test,negative
2703,2703.0_0.0.png,,,,,0,test,negative
2830,2830.0_0.0.png,,,,,0,test,negative
2779,2779.0_0.0.png,,,,,0,test,negative
2613,2613.0_0.0.png,,,,,0,test,negative
2560,2560.0_0.0.png,,,,,0,test,negative
2918,2918.0_0.0.png,,,,,0,test,negative
2502,2502.0_0.0.png,,,,,0,test,negative
2948,2948.0_0.0.png,,,,,0,test,negative
2985,2985.0_0.0.png,,,,,0,test,negative
2556,2556.0_0.0.png,,,,,0,test,negative
2587,2587.0_0.0.png,,,,,0,test,negative
2718,2718.0_0.0.png,,,,,0,test,negative
2540,2540.0_0.0.png,,,,,0,test,negative
2783,2783.0_0.0.png,,,,,0,test,negative
2894,2894.0_0.0.png,,,,,0,test,negative
2598,2598.0_0.0.png,,,,,0,test,negative
2864,2864.0_0.0.png,,,,,0,test,negative
2976,2976.0_0.0.png,,,,,0,test,negative
2559,2559.0_0.0.png,,,,,0,test,negative
2870,2870.0_0.0.png,,,,,0,test,negative
2784,2784.0_0.0.png,,,,,0,test,negative
2761,2761.0_0.0.png,,,,,0,test,negative
2515,2515.0_0.0.png,,,,,0,test,negative
2836,2836.0_0.0.png,,,,,0,test,negative
2595,2595.0_0.0.png,,,,,0,test,negative
2916,2916.0_0.0.png,,,,,0,test,negative
2793,2793.0_0.0.png,,,,,0,test,negative
2678,2678.0_0.0.png,,,,,0,test,negative
2850,2850.0_0.0.png,,,,,0,test,negative
2993,2993.0_0.0.png,,,,,0,test,negative
2644,2644.0_0.0.png,,,,,0,test,negative
2827,2827.0_0.0.png,,,,,0,test,negative
2983,2983.0_0.0.png,,,,,0,test,negative
2840,2840.0_0.0.png,,,,,0,test,negative
2763,2763.0_0.0.png,,,,,0,test,negative
2561,2561.0_0.0.png,,,,,0,test,negative
2891,2891.0_0.0.png,,,,,0,test,negative
2557,2557.0_0.0.png,,,,,0,test,negative
2687,2687.0_0.0.png,,,,,0,test,negative
2702,2702.0_0.0.png,,,,,0,test,negative
2997,2997.0_0.0.png,,,,,0,test,negative
2700,2700.0_0.0.png,,,,,0,test,negative
2681,2681.0_0.0.png,,,,,0,test,negative
2565,2565.0_0.0.png,,,,,0,test,negative
2554,2554.0_0.0.png,,,,,0,test,negative
2869,2869.0_0.0.png,,,,,0,test,negative
2753,2753.0_0.0.png,,,,,0,test,negative
2772,2772.0_0.0.png,,,,,0,test,negative
2524,2524.0_0.0.png,,,,,0,test,negative
2834,2834.0_0.0.png,,,,,0,test,negative
2672,2672.0_0.0.png,,,,,0,test,negative
2796,2796.0_0.0.png,,,,,0,test,negative
2704,2704.0_0.0.png,,,,,0,test,negative
2913,2913.0_0.0.png,,,,,0,test,negative
2813,2813.0_0.0.png,,,,,0,test,negative
2945,2945.0_0.0.png,,,,,0,test,negative
2868,2868.0_0.0.png,,,,,0,test,negative
2777,2777.0_0.0.png,,,,,0,test,negative
2829,2829.0_0.0.png,,,,,0,test,negative
2660,2660.0_0.0.png,,,,,0,test,negative
2640,2640.0_0.0.png,,,,,0,test,negative
2662,2662.0_0.0.png,,,,,0,test,negative
2887,2887.0_0.0.png,,,,,0,test,negative
2607,2607.0_0.0.png,,,,,0,test,negative
2900,2900.0_0.0.png,,,,,0,test,negative
2594,2594.0_0.0.png,,,,,0,test,negative
2852,2852.0_0.0.png,,,,,0,test,negative
2728,2728.0_0.0.png,,,,,0,test,negative
2631,2631.0_0.0.png,,,,,0,test,negative
3000,3000.0_0.0.png,,,,,0,test,negative
2523,2523.0_0.0.png,,,,,0,test,negative
2701,2701.0_0.0.png,,,,,0,test,negative
2578,2578.0_0.0.png,,,,,0,test,negative
2614,2614.0_0.0.png,,,,,0,test,negative
2790,2790.0_0.0.png,,,,,0,test,negative
2874,2874.0_0.0.png,,,,,0,test,negative
2967,2967.0_0.0.png,,,,,0,test,negative
2610,2610.0_0.0.png,,,,,0,test,negative
572,572.0_1.0.png,526.0,640.0,640.0,0.0,1,excluded,zero_annotation
1039,1039.0_1.0.png,667.0,640.0,640.0,0.0,1,excluded,zero_annotation
658,658.0_1.0.png,911.0,640.0,640.0,0.0,1,excluded,zero_annotation
1793,1793.0_1.0.png,1793.0,640.0,640.0,0.0,1,excluded,zero_annotation
1794,1794.0_1.0.png,1794.0,640.0,640.0,0.0,1,excluded,zero_annotation
2180,2180.0_1.0.png,2180.0,640.0,640.0,0.0,1,excluded,zero_annotation
2265,2265.0_1.0.png,2265.0,640.0,640.0,0.0,1,excluded,zero_annotation
2371,2371.0_1.0.png,2371.0,640.0,640.0,0.0,1,excluded,zero_annotation
2503,2503.0_0.0.png,,,,,1,excluded,positive_unannotated
2517,2517.0_0.0.png,,,,,1,excluded,positive_unannotated
2531,2531.0_0.0.png,,,,,1,excluded,positive_unannotated
2536,2536.0_0.0.png,,,,,1,excluded,positive_unannotated
2538,2538.0_0.0.png,,,,,1,excluded,positive_unannotated
2555,2555.0_0.0.png,,,,,1,excluded,positive_unannotated
2601,2601.0_0.0.png,,,,,1,excluded,positive_unannotated
2621,2621.0_0.0.png,,,,,1,excluded,positive_unannotated
2623,2623.0_0.0.png,,,,,1,excluded,positive_unannotated
2648,2648.0_0.0.png,,,,,1,excluded,positive_unannotated
2670,2670.0_0.0.png,,,,,1,excluded,positive_unannotated
2686,2686.0_0.0.png,,,,,1,excluded,positive_unannotated
2726,2726.0_0.0.png,,,,,1,excluded,positive_unannotated
2731,2731.0_0.0.png,,,,,1,excluded,positive_unannotated
2736,2736.0_0.0.png,,,,,1,excluded,positive_unannotated
2746,2746.0_0.0.png,,,,,1,excluded,positive_unannotated
2750,2750.0_0.0.png,,,,,1,excluded,positive_unannotated
2758,2758.0_0.0.png,,,,,1,excluded,positive_unannotated
2760,2760.0_0.0.png,,,,,1,excluded,positive_unannotated
2821,2821.0_0.0.png,,,,,1,excluded,positive_unannotated
2846,2846.0_0.0.png,,,,,1,excluded,positive_unannotated
2853,2853.0_0.0.png,,,,,1,excluded,positive_unannotated
2855,2855.0_0.0.png,,,,,1,excluded,positive_unannotated
2863,2863.0_0.0.png,,,,,1,excluded,positive_unannotated
2873,2873.0_0.0.png,,,,,1,excluded,positive_unannotated
2875,2875.0_0.0.png,,,,,1,excluded,positive_unannotated
2884,2884.0_0.0.png,,,,,1,excluded,positive_unannotated
2915,2915.0_0.0.png,,,,,1,excluded,positive_unannotated
2923,2923.0_0.0.png,,,,,1,excluded,positive_unannotated
2935,2935.0_0.0.png,,,,,1,excluded,positive_unannotated
2943,2943.0_0.0.png,,,,,1,excluded,positive_unannotated
