sampleid,filename,coco_image_id,width,height,annotation_count,has_solar,split,dataset_type
202,202.0_1.0.png,116,640,640,8,1,train,positive_annotated
621,621.0_1.0.png,581,640,640,11,1,train,positive_annotated
2326,2326.0_1.0.png,2326,640,640,4,1,train,positive_annotated
532,532.0_1.0.png,482,640,640,3,1,train,positive_annotated
735,735.0_1.0.png,988,640,640,13,1,train,positive_annotated
1440,1440.0_1.0.png,1440,640,640,32,1,train,positive_annotated
2151,2151.0_1.0.png,2151,640,640,6,1,train,positive_annotated
2498,2498.0_1.0.png,2498,640,640,10,1,train,positive_annotated
1860,1860.0_1.0.png,1860,640,640,16,1,train,positive_annotated
1601,1601.0_1.0.png,1601,640,640,20,1,train,positive_annotated
2148,2148.0_1.0.png,2148,640,640,4,1,train,positive_annotated
999,999.0_1.0.png,1250,640,640,39,1,train,positive_annotated
895,895.0_1.0.png,1148,640,640,25,1,train,positive_annotated
917,917.0_1.0.png,1170,640,640,22,1,train,positive_annotated
594,594.0_1.0.png,550,640,640,5,1,train,positive_annotated
1901,1901.0_1.0.png,1901,640,640,14,1,train,positive_annotated
2041,2041.0_1.0.png,2041,640,640,15,1,train,positive_annotated
1311,1311.0_1.0.png,1311,640,640,14,1,train,positive_annotated
768,768.0_1.0.png,1021,640,640,54,1,train,positive_annotated
1436,1436.0_1.0.png,1436,640,640,22,1,train,positive_annotated
1183,1183.0_1.0.png,811,640,640,9,1,train,positive_annotated
2497,2497.0_1.0.png,2497,640,640,11,1,train,positive_annotated
341,341.0_1.0.png,270,640,640,3,1,train,positive_annotated
1620,1620.0_1.0.png,1620,640,640,7,1,train,positive_annotated
858,858.0_1.0.png,1111,640,640,1,1,train,positive_annotated
1685,1685.0_1.0.png,1685,640,640,20,1,train,positive_annotated
2166,2166.0_1.0.png,2166,640,640,7,1,train,positive_annotated
1163,1163.0_1.0.png,791,640,640,10,1,train,positive_annotated
794,794.0_1.0.png,1047,640,640,12,1,train,positive_annotated
1346,1346.0_1.0.png,1346,640,640,20,1,train,positive_annotated
884,884.0_1.0.png,1137,640,640,6,1,train,positive_annotated
190,190.0_1.0.png,102,640,640,17,1,train,positive_annotated
1925,1925.0_1.0.png,1925,640,640,3,1,train,positive_annotated
132,132.0_1.0.png,38,640,640,20,1,train,positive_annotated
2182,2182.0_1.0.png,2182,640,640,3,1,train,positive_annotated
1599,1599.0_1.0.png,1599,640,640,5,1,train,positive_annotated
1372,1372.0_1.0.png,1372,640,640,8,1,train,positive_annotated
2484,2484.0_1.0.png,2484,640,640,24,1,train,positive_annotated
2030,2030.0_1.0.png,2030,640,640,7,1,train,positive_annotated
302,302.0_1.0.png,227,640,640,9,1,train,positive_annotated
687,687.0_1.0.png,940,640,640,24,1,train,positive_annotated
868,868.0_1.0.png,1121,640,640,9,1,train,positive_annotated
1803,1803.0_1.0.png,1803,640,640,12,1,train,positive_annotated
2323,2323.0_1.0.png,2323,640,640,6,1,train,positive_annotated
516,516.0_1.0.png,464,640,640,1,1,train,positive_annotated
1329,1329.0_1.0.png,1329,640,640,32,1,train,positive_annotated
1394,1394.0_1.0.png,1394,640,640,22,1,train,positive_annotated
1678,1678.0_1.0.png,1678,640,640,16,1,train,positive_annotated
1363,1363.0_1.0.png,1363,640,640,30,1,train,positive_annotated
1402,1402.0_1.0.png,1402,640,640,21,1,train,positive_annotated
179,179.0_1.0.png,89,640,640,41,1,train,positive_annotated
1748,1748.0_1.0.png,1748,640,640,24,1,train,positive_annotated
949,949.0_1.0.png,1202,640,640,10,1,train,positive_annotated
2444,2444.0_1.0.png,2444,640,640,6,1,train,positive_annotated
1481,1481.0_1.0.png,1481,640,640,29,1,train,positive_annotated
1451,1451.0_1.0.png,1451,640,640,12,1,train,positive_annotated
1252,1252.0_1.0.png,1252,640,640,17,1,train,positive_annotated
1606,1606.0_1.0.png,1606,640,640,12,1,train,positive_annotated
603,603.0_1.0.png,561,640,640,2,1,train,positive_annotated
1340,1340.0_1.0.png,1340,640,640,3,1,train,positive_annotated
252,252.0_1.0.png,171,640,640,6,1,train,positive_annotated
2333,2333.0_1.0.png,2333,640,640,14,1,train,positive_annotated
1591,1591.0_1.0.png,1591,640,640,11,1,train,positive_annotated
1782,1782.0_1.0.png,1782,640,640,5,1,train,positive_annotated
1123,1123.0_1.0.png,751,640,640,6,1,train,positive_annotated
1699,1699.0_1.0.png,1699,640,640,12,1,train,positive_annotated
1385,1385.0_1.0.png,1385,640,640,3,1,train,positive_annotated
329,329.0_1.0.png,256,640,640,6,1,train,positive_annotated
2087,2087.0_1.0.png,2087,640,640,14,1,train,positive_annotated
262,262.0_1.0.png,182,640,640,7,1,train,positive_annotated
108,108.0_1.0.png,11,640,640,14,1,train,positive_annotated
1577,1577.0_1.0.png,1577,640,640,24,1,train,positive_annotated
309,309.0_1.0.png,234,640,640,4,1,train,positive_annotated
502,502.0_1.0.png,449,640,640,10,1,train,positive_annotated
597,597.0_1.0.png,553,640,640,19,1,train,positive_annotated
711,711.0_1.0.png,964,640,640,5,1,train,positive_annotated
1244,1244.0_1.0.png,872,640,640,8,1,train,positive_annotated
2481,2481.0_1.0.png,2481,640,640,5,1,train,positive_annotated
1627,1627.0_1.0.png,1627,640,640,13,1,train,positive_annotated
915,915.0_1.0.png,1168,640,640,9,1,train,positive_annotated
136,136.0_1.0.png,42,640,640,5,1,train,positive_annotated
2464,2464.0_1.0.png,2464,640,640,14,1,train,positive_annotated
203,203.0_1.0.png,117,640,640,4,1,train,positive_annotated
2147,2147.0_1.0.png,2147,640,640,15,1,train,positive_annotated
672,672.0_1.0.png,925,640,640,22,1,train,positive_annotated
473,473.0_1.0.png,416,640,640,10,1,train,positive_annotated
2116,2116.0_1.0.png,2116,640,640,4,1,train,positive_annotated
72,72.0_1.0.png,596,640,640,6,1,train,positive_annotated
2468,2468.0_1.0.png,2468,640,640,6,1,train,positive_annotated
787,787.0_1.0.png,1040,640,640,13,1,train,positive_annotated
2369,2369.0_1.0.png,2369,640,640,15,1,train,positive_annotated
1625,1625.0_1.0.png,1625,640,640,31,1,train,positive_annotated
1456,1456.0_1.0.png,1456,640,640,22,1,train,positive_annotated
1209,1209.0_1.0.png,837,640,640,11,1,train,positive_annotated
53,53.0_1.0.png,479,640,640,7,1,train,positive_annotated
1136,1136.0_1.0.png,764,640,640,5,1,train,positive_annotated
772,772.0_1.0.png,1025,640,640,6,1,train,positive_annotated
241,241.0_1.0.png,159,640,640,12,1,train,positive_annotated
2310,2310.0_1.0.png,2310,640,640,4,1,train,positive_annotated
813,813.0_1.0.png,1066,640,640,12,1,train,positive_annotated
24,24.0_1.0.png,157,640,640,4,1,train,positive_annotated
926,926.0_1.0.png,1179,640,640,12,1,train,positive_annotated
234,234.0_1.0.png,151,640,640,3,1,train,positive_annotated
2351,2351.0_1.0.png,2351,640,640,4,1,train,positive_annotated
481,481.0_1.0.png,425,640,640,7,1,train,positive_annotated
2171,2171.0_1.0.png,2171,640,640,18,1,train,positive_annotated
1046,1046.0_1.0.png,674,640,640,13,1,train,positive_annotated
2388,2388.0_1.0.png,2388,640,640,13,1,train,positive_annotated
1514,1514.0_1.0.png,1514,640,640,26,1,train,positive_annotated
1906,1906.0_1.0.png,1906,640,640,7,1,train,positive_annotated
426,426.0_1.0.png,364,640,640,11,1,train,positive_annotated
1148,1148.0_1.0.png,776,640,640,15,1,train,positive_annotated
1705,1705.0_1.0.png,1705,640,640,22,1,train,positive_annotated
1202,1202.0_1.0.png,830,640,640,12,1,train,positive_annotated
402,402.0_1.0.png,338,640,640,11,1,train,positive_annotated
1042,1042.0_1.0.png,670,640,640,13,1,train,positive_annotated
392,392.0_1.0.png,326,640,640,5,1,train,positive_annotated
1016,1016.0_1.0.png,644,640,640,16,1,train,positive_annotated
2068,2068.0_1.0.png,2068,640,640,12,1,train,positive_annotated
232,232.0_1.0.png,149,640,640,4,1,train,positive_annotated
1504,1504.0_1.0.png,1504,640,640,13,1,train,positive_annotated
331,331.0_1.0.png,259,640,640,4,1,train,positive_annotated
340,340.0_1.0.png,269,640,640,15,1,train,positive_annotated
2342,2342.0_1.0.png,2342,640,640,19,1,train,positive_annotated
2368,2368.0_1.0.png,2368,640,640,13,1,train,positive_annotated
1618,1618.0_1.0.png,1618,640,640,4,1,train,positive_annotated
1113,1113.0_1.0.png,741,640,640,7,1,train,positive_annotated
242,242.0_1.0.png,160,640,640,12,1,train,positive_annotated
1464,1464.0_1.0.png,1464,640,640,14,1,train,positive_annotated
1330,1330.0_1.0.png,1330,640,640,16,1,train,positive_annotated
260,260.0_1.0.png,180,640,640,18,1,train,positive_annotated
990,990.0_1.0.png,1241,640,640,13,1,train,positive_annotated
2124,2124.0_1.0.png,2124,640,640,11,1,train,positive_annotated
485,485.0_1.0.png,429,640,640,3,1,train,positive_annotated
788,788.0_1.0.png,1041,640,640,4,1,train,positive_annotated
633,633.0_1.0.png,886,640,640,5,1,train,positive_annotated
1386,1386.0_1.0.png,1386,640,640,33,1,train,positive_annotated
823,823.0_1.0.png,1076,640,640,16,1,train,positive_annotated
1166,1166.0_1.0.png,794,640,640,4,1,train,positive_annotated
2103,2103.0_1.0.png,2103,640,640,6,1,train,positive_annotated
14,14.0_1.0.png,46,640,640,27,1,train,positive_annotated
403,403.0_1.0.png,339,640,640,11,1,train,positive_annotated
875,875.0_1.0.png,1128,640,640,8,1,train,positive_annotated
328,328.0_1.0.png,255,640,640,12,1,train,positive_annotated
2081,2081.0_1.0.png,2081,640,640,4,1,train,positive_annotated
1592,1592.0_1.0.png,1592,640,640,11,1,train,positive_annotated
1984,1984.0_1.0.png,1984,640,640,7,1,train,positive_annotated
1969,1969.0_1.0.png,1969,640,640,7,1,train,positive_annotated
2067,2067.0_1.0.png,2067,640,640,25,1,train,positive_annotated
475,475.0_1.0.png,418,640,640,9,1,train,positive_annotated
430,430.0_1.0.png,369,640,640,9,1,train,positive_annotated
2028,2028.0_1.0.png,2028,640,640,4,1,train,positive_annotated
2100,2100.0_1.0.png,2100,640,640,17,1,train,positive_annotated
622,622.0_1.0.png,582,640,640,14,1,train,positive_annotated
425,425.0_1.0.png,363,640,640,6,1,train,positive_annotated
2460,2460.0_1.0.png,2460,640,640,15,1,train,positive_annotated
2281,2281.0_1.0.png,2281,640,640,18,1,train,positive_annotated
458,458.0_1.0.png,399,640,640,6,1,train,positive_annotated
595,595.0_1.0.png,551,640,640,9,1,train,positive_annotated
2032,2032.0_1.0.png,2032,640,640,9,1,train,positive_annotated
1734,1734_1.png,1734,640,640,16,1,train,positive_annotated
194,194.0_1.0.png,106,640,640,12,1,train,positive_annotated
732,732.0_1.0.png,985,640,640,2,1,train,positive_annotated
2053,2053.0_1.0.png,2053,640,640,4,1,train,positive_annotated
225,225.0_1.0.png,141,640,640,5,1,train,positive_annotated
2033,2033.0_1.0.png,2033,640,640,18,1,train,positive_annotated
523,523.0_1.0.png,472,640,640,8,1,train,positive_annotated
2313,2313.0_1.0.png,2313,640,640,10,1,train,positive_annotated
1045,1045.0_1.0.png,673,640,640,7,1,train,positive_annotated
488,488.0_1.0.png,432,640,640,1,1,train,positive_annotated
965,965.0_1.0.png,1217,640,640,12,1,train,positive_annotated
2416,2416.0_1.0.png,2416,640,640,14,1,train,positive_annotated
1908,1908.0_1.0.png,1908,640,640,30,1,train,positive_annotated
1657,1657.0_1.0.png,1657,640,640,16,1,train,positive_annotated
2318,2318.0_1.0.png,2318,640,640,12,1,train,positive_annotated
352,352.0_1.0.png,282,640,640,11,1,train,positive_annotated
1179,1179.0_1.0.png,807,640,640,8,1,train,positive_annotated
2064,2064.0_1.0.png,2064,640,640,13,1,train,positive_annotated
417,417.0_1.0.png,354,640,640,4,1,train,positive_annotated
115,115.0_1.0.png,19,640,640,28,1,train,positive_annotated
2421,2421.0_1.0.png,2421,640,640,1,1,train,positive_annotated
133,133.0_1.0.png,39,640,640,3,1,train,positive_annotated
189,189.0_1.0.png,100,640,640,11,1,train,positive_annotated
1371,1371.0_1.0.png,1371,640,640,3,1,train,positive_annotated
1844,1844.0_1.0.png,1844,640,640,12,1,train,positive_annotated
2126,2126.0_1.0.png,2126,640,640,23,1,train,positive_annotated
2494,2494.0_1.0.png,2494,640,640,9,1,train,positive_annotated
1569,1569.0_1.0.png,1569,640,640,9,1,train,positive_annotated
1214,1214.0_1.0.png,842,640,640,6,1,train,positive_annotated
2365,2365.0_1.0.png,2365,640,640,11,1,train,positive_annotated
127,127.0_1.0.png,32,640,640,17,1,train,positive_annotated
83,83.0_1.0.png,608,640,640,19,1,train,positive_annotated
468,468.0_1.0.png,410,640,640,12,1,train,positive_annotated
1460,1460.0_1.0.png,1460,640,640,39,1,train,positive_annotated
654,654.0_1.0.png,907,640,640,24,1,train,positive_annotated
531,531.0_1.0.png,481,640,640,7,1,train,positive_annotated
1377,1377.0_1.0.png,1377,640,640,29,1,train,positive_annotated
2334,2334.0_1.0.png,2334,640,640,18,1,train,positive_annotated
701,701.0_1.0.png,954,640,640,14,1,train,positive_annotated
2363,2363.0_1.0.png,2363,640,640,6,1,train,positive_annotated
1623,1623.0_1.0.png,1623,640,640,18,1,train,positive_annotated
478,478.0_1.0.png,421,640,640,8,1,train,positive_annotated
1886,1886.0_1.0.png,1886,640,640,22,1,train,positive_annotated
862,862.0_1.0.png,1115,640,640,12,1,train,positive_annotated
1673,1673.0_1.0.png,1673,640,640,1,1,train,positive_annotated
2181,2181.0_1.0.png,2181,640,640,8,1,train,positive_annotated
1740,1740.0_1.0.png,1740,640,640,14,1,train,positive_annotated
789,789.0_1.0.png,1042,640,640,13,1,train,positive_annotated
2370,2370.0_1.0.png,2370,640,640,12,1,train,positive_annotated
1706,1706.0_1.0.png,1706,640,640,20,1,train,positive_annotated
2243,2243.0_1.0.png,2243,640,640,16,1,train,positive_annotated
1105,1105.0_1.0.png,733,640,640,17,1,train,positive_annotated
1839,1839.0_1.0.png,1839,640,640,17,1,train,positive_annotated
1235,1235.0_1.0.png,863,640,640,6,1,train,positive_annotated
1054,1054.0_1.0.png,682,640,640,26,1,train,positive_annotated
94,94.0_1.0.png,620,640,640,9,1,train,positive_annotated
195,195.0_1.0.png,107,640,640,17,1,train,positive_annotated
1071,1071.0_1.0.png,699,640,640,24,1,train,positive_annotated
1173,1173.0_1.0.png,801,640,640,21,1,train,positive_annotated
2411,2411.0_1.0.png,2411,640,640,7,1,train,positive_annotated
1762,1762.0_1.0.png,1762,640,640,14,1,train,positive_annotated
944,944.0_1.0.png,1197,640,640,22,1,train,positive_annotated
1939,1939.0_1.0.png,1939,640,640,28,1,train,positive_annotated
1336,1336.0_1.0.png,1336,640,640,3,1,train,positive_annotated
720,720.0_1.0.png,973,640,640,10,1,train,positive_annotated
2218,2218.0_1.0.png,2218,640,640,5,1,train,positive_annotated
1187,1187.0_1.0.png,815,640,640,6,1,train,positive_annotated
894,894.0_1.0.png,1147,640,640,11,1,train,positive_annotated
2417,2417.0_1.0.png,2417,640,640,22,1,train,positive_annotated
1779,1779.0_1.0.png,1779,640,640,11,1,train,positive_annotated
2233,2233.0_1.0.png,2233,640,640,10,1,train,positive_annotated
1369,1369.0_1.0.png,1369,640,640,16,1,train,positive_annotated
1216,1216.0_1.0.png,844,640,640,20,1,train,positive_annotated
848,848.0_1.0.png,1101,640,640,14,1,train,positive_annotated
1417,1417.0_1.0.png,1417,640,640,34,1,train,positive_annotated
770,770.0_1.0.png,1023,640,640,30,1,train,positive_annotated
2179,2179.0_1.0.png,2179,640,640,8,1,train,positive_annotated
1530,1530.0_1.0.png,1530,640,640,11,1,train,positive_annotated
70,70.0_1.0.png,594,640,640,5,1,train,positive_annotated
736,736.0_1.0.png,989,640,640,26,1,train,positive_annotated
78,78.0_1.0.png,602,640,640,2,1,train,positive_annotated
799,799.0_1.0.png,1052,640,640,3,1,train,positive_annotated
2042,2042.0_1.0.png,2042,640,640,10,1,train,positive_annotated
1496,1496.0_1.0.png,1496,640,640,4,1,train,positive_annotated
1491,1491.0_1.0.png,1491,640,640,7,1,train,positive_annotated
801,801.0_1.0.png,1054,640,640,12,1,train,positive_annotated
2057,2057.0_1.0.png,2057,640,640,3,1,train,positive_annotated
1836,1836.0_1.0.png,1836,640,640,5,1,train,positive_annotated
1551,1551.0_1.0.png,1551,640,640,5,1,train,positive_annotated
2271,2271.0_1.0.png,2271,640,640,5,1,train,positive_annotated
1751,1751.0_1.0.png,1751,640,640,25,1,train,positive_annotated
2177,2177.0_1.0.png,2177,640,640,21,1,train,positive_annotated
1349,1349.0_1.0.png,1349,640,640,10,1,train,positive_annotated
845,845.0_1.0.png,1098,640,640,21,1,train,positive_annotated
1954,1954.0_1.0.png,1954,640,640,11,1,train,positive_annotated
655,655.0_1.0.png,908,640,640,8,1,train,positive_annotated
227,227.0_1.0.png,143,640,640,6,1,train,positive_annotated
2294,2294.0_1.0.png,2294,640,640,16,1,train,positive_annotated
1019,1019.0_1.0.png,647,640,640,9,1,train,positive_annotated
1284,1284.0_1.0.png,1284,640,640,14,1,train,positive_annotated
1997,1997.0_1.0.png,1997,640,640,10,1,train,positive_annotated
2262,2262.0_1.0.png,2262,640,640,6,1,train,positive_annotated
578,578.0_1.0.png,532,640,640,8,1,train,positive_annotated
2139,2139.0_1.0.png,2139,640,640,9,1,train,positive_annotated
2279,2279.0_1.0.png,2279,640,640,5,1,train,positive_annotated
593,593.0_1.0.png,549,640,640,9,1,train,positive_annotated
220,220.0_1.0.png,136,640,640,12,1,train,positive_annotated
1038,1038.0_1.0.png,666,640,640,23,1,train,positive_annotated
342,342.0_1.0.png,271,640,640,11,1,train,positive_annotated
613,613.0_1.0.png,572,640,640,5,1,train,positive_annotated
66,66.0_1.0.png,589,640,640,7,1,train,positive_annotated
2264,2264.0_1.0.png,2264,640,640,26,1,train,positive_annotated
1792,1792.0_1.0.png,1792,640,640,5,1,train,positive_annotated
1547,1547.0_1.0.png,1547,640,640,6,1,train,positive_annotated
1690,1690.0_1.0.png,1690,640,640,12,1,train,positive_annotated
178,178.0_1.0.png,88,640,640,5,1,train,positive_annotated
1947,1947.0_1.0.png,1947,640,640,4,1,train,positive_annotated
281,281.0_1.0.png,203,640,640,5,1,train,positive_annotated
972,972.0_1.0.png,1224,640,640,9,1,train,positive_annotated
1736,1736.0_1.0.png,1736,640,640,12,1,train,positive_annotated
1970,1970.0_1.0.png,1970,640,640,9,1,train,positive_annotated
678,678.0_1.0.png,931,640,640,20,1,train,positive_annotated
1472,1472.0_1.0.png,1472,640,640,33,1,train,positive_annotated
21,21.0_1.0.png,124,640,640,17,1,train,positive_annotated
2435,2435.0_1.0.png,2435,640,640,7,1,train,positive_annotated
424,424.0_1.0.png,362,640,640,1,1,train,positive_annotated
2232,2232.0_1.0.png,2232,640,640,24,1,train,positive_annotated
2131,2131.0_1.0.png,2131,640,640,12,1,train,positive_annotated
90,90.0_1.0.png,616,640,640,8,1,train,positive_annotated
2096,2096.0_1.0.png,2096,640,640,26,1,train,positive_annotated
1247,1247.0_1.0.png,875,640,640,19,1,train,positive_annotated
1303,1303.0_1.0.png,1303,640,640,13,1,train,positive_annotated
296,296.0_1.0.png,219,640,640,14,1,train,positive_annotated
841,841.0_1.0.png,1094,640,640,7,1,train,positive_annotated
1289,1289.0_1.0.png,1289,640,640,32,1,train,positive_annotated
2244,2244.0_1.0.png,2244,640,640,8,1,train,positive_annotated
1507,1507.0_1.0.png,1507,640,640,11,1,train,positive_annotated
1568,1568.0_1.0.png,1568,640,640,16,1,train,positive_annotated
2089,2089.0_1.0.png,2089,640,640,27,1,train,positive_annotated
484,484.0_1.0.png,428,640,640,4,1,train,positive_annotated
1989,1989.0_1.0.png,1989,640,640,9,1,train,positive_annotated
1063,1063.0_1.0.png,691,640,640,8,1,train,positive_annotated
517,517.0_1.0.png,465,640,640,10,1,train,positive_annotated
85,85.0_1.0.png,610,640,640,3,1,train,positive_annotated
33,33.0_1.0.png,257,640,640,31,1,train,positive_annotated
840,840.0_1.0.png,1093,640,640,17,1,train,positive_annotated
690,690.0_1.0.png,943,640,640,34,1,train,positive_annotated
2205,2205.0_1.0.png,2205,640,640,20,1,train,positive_annotated
1130,1130.0_1.0.png,758,640,640,24,1,train,positive_annotated
1458,1458.0_1.0.png,1458,640,640,35,1,train,positive_annotated
1127,1127.0_1.0.png,755,640,640,3,1,train,positive_annotated
2109,2109.0_1.0.png,2109,640,640,8,1,train,positive_annotated
339,339.0_1.0.png,267,640,640,11,1,train,positive_annotated
231,231.0_1.0.png,148,640,640,4,1,train,positive_annotated
1549,1549.0_1.0.png,1549,640,640,24,1,train,positive_annotated
1467,1467.0_1.0.png,1467,640,640,19,1,train,positive_annotated
2476,2476.0_1.0.png,2476,640,640,1,1,train,positive_annotated
905,905.0_1.0.png,1158,640,640,22,1,train,positive_annotated
1764,1764.0_1.0.png,1764,640,640,38,1,train,positive_annotated
664,664.0_1.0.png,917,640,640,16,1,train,positive_annotated
1949,1949.0_1.0.png,1949,640,640,6,1,train,positive_annotated
1156,1156.0_1.0.png,784,640,640,3,1,train,positive_annotated
2454,2454.0_1.0.png,2454,640,640,6,1,train,positive_annotated
543,543.0_1.0.png,494,640,640,11,1,train,positive_annotated
1806,1806.0_1.0.png,1806,640,640,14,1,train,positive_annotated
2251,2251.0_1.0.png,2251,640,640,10,1,train,positive_annotated
726,726.0_1.0.png,979,640,640,34,1,train,positive_annotated
243,243.0_1.0.png,161,640,640,4,1,train,positive_annotated
899,899.0_1.0.png,1152,640,640,14,1,train,positive_annotated
640,640.0_1.0.png,893,640,640,29,1,train,positive_annotated
463,463.0_1.0.png,405,640,640,7,1,train,positive_annotated
2013,2013.0_1.0.png,2013,640,640,17,1,train,positive_annotated
1257,1257.0_1.0.png,1257,640,640,19,1,train,positive_annotated
1149,1149.0_1.0.png,777,640,640,23,1,train,positive_annotated
1631,1631.0_1.0.png,1631,640,640,40,1,train,positive_annotated
978,978.0_1.0.png,1230,640,640,22,1,train,positive_annotated
1804,1804.0_1.0.png,1804,640,640,11,1,train,positive_annotated
971,971.0_1.0.png,1223,640,640,13,1,train,positive_annotated
505,505.0_1.0.png,452,640,640,5,1,train,positive_annotated
1691,1691.0_1.0.png,1691,640,640,11,1,train,positive_annotated
1771,1771.0_1.0.png,1771,640,640,28,1,train,positive_annotated
1172,1172.0_1.0.png,800,640,640,27,1,train,positive_annotated
1433,1433.0_1.0.png,1433,640,640,38,1,train,positive_annotated
997,997.0_1.0.png,1248,640,640,9,1,train,positive_annotated
48,48.0_1.0.png,423,640,640,6,1,train,positive_annotated
2099,2099.0_1.0.png,2099,640,640,18,1,train,positive_annotated
718,718.0_1.0.png,971,640,640,10,1,train,positive_annotated
326,326.0_1.0.png,253,640,640,7,1,train,positive_annotated
1711,1711.0_1.0.png,1711,640,640,10,1,train,positive_annotated
662,662.0_1.0.png,915,640,640,12,1,train,positive_annotated
1937,1937.0_1.0.png,1937,640,640,14,1,train,positive_annotated
1003,1003.0_1.0.png,631,640,640,15,1,train,positive_annotated
1124,1124.0_1.0.png,752,640,640,14,1,train,positive_annotated
1963,1963.0_1.0.png,1963,640,640,14,1,train,positive_annotated
492,492.0_1.0.png,437,640,640,1,1,train,positive_annotated
698,698.0_1.0.png,951,640,640,5,1,train,positive_annotated
437,437.0_1.0.png,376,640,640,3,1,train,positive_annotated
859,859.0_1.0.png,1112,640,640,7,1,train,positive_annotated
599,599.0_1.0.png,555,640,640,5,1,train,positive_annotated
31,31.0_1.0.png,235,640,640,7,1,train,positive_annotated
697,697.0_1.0.png,950,640,640,4,1,train,positive_annotated
1543,1543.0_1.0.png,1543,640,640,11,1,train,positive_annotated
2014,2014.0_1.0.png,2014,640,640,10,1,train,positive_annotated
2275,2275.0_1.0.png,2275,640,640,4,1,train,positive_annotated
2142,2142.0_1.0.png,2142,640,640,1,1,train,positive_annotated
1536,1536.0_1.0.png,1536,640,640,24,1,train,positive_annotated
1801,1801.0_1.0.png,1801,640,640,20,1,train,positive_annotated
385,385.0_1.0.png,318,640,640,6,1,train,positive_annotated
623,623.0_1.0.png,583,640,640,8,1,train,positive_annotated
1013,1013.0_1.0.png,641,640,640,33,1,train,positive_annotated
700,700.0_1.0.png,953,640,640,4,1,train,positive_annotated
1125,1125.0_1.0.png,753,640,640,1,1,train,positive_annotated
394,394.0_1.0.png,328,640,640,14,1,train,positive_annotated
98,98.0_1.0.png,624,640,640,2,1,train,positive_annotated
1032,1032.0_1.0.png,660,640,640,5,1,train,positive_annotated
1938,1938.0_1.0.png,1938,640,640,8,1,train,positive_annotated
1153,1153.0_1.0.png,781,640,640,11,1,train,positive_annotated
764,764.0_1.0.png,1017,640,640,24,1,train,positive_annotated
287,287.0_1.0.png,209,640,640,12,1,train,positive_annotated
1342,1342.0_1.0.png,1342,640,640,18,1,train,positive_annotated
712,712.0_1.0.png,965,640,640,5,1,train,positive_annotated
1471,1471.0_1.0.png,1471,640,640,5,1,train,positive_annotated
636,636.0_1.0.png,889,640,640,18,1,train,positive_annotated
2234,2234.0_1.0.png,2234,640,640,6,1,train,positive_annotated
2396,2396.0_1.0.png,2396,640,640,7,1,train,positive_annotated
2472,2472.0_1.0.png,2472,640,640,11,1,train,positive_annotated
1670,1670.0_1.0.png,1670,640,640,12,1,train,positive_annotated
1992,1992.0_1.0.png,1992,640,640,12,1,train,positive_annotated
332,332.0_1.0.png,260,640,640,14,1,train,positive_annotated
914,914.0_1.0.png,1167,640,640,42,1,train,positive_annotated
2199,2199.0_1.0.png,2199,640,640,6,1,train,positive_annotated
2413,2413.0_1.0.png,2413,640,640,12,1,train,positive_annotated
351,351.0_1.0.png,281,640,640,5,1,train,positive_annotated
1862,1862.0_1.0.png,1862,640,640,3,1,train,positive_annotated
512,512.0_1.0.png,460,640,640,2,1,train,positive_annotated
677,677.0_1.0.png,930,640,640,31,1,train,positive_annotated
192,192.0_1.0.png,104,640,640,13,1,train,positive_annotated
2236,2236.0_1.0.png,2236,640,640,7,1,train,positive_annotated
1980,1980.0_1.0.png,1980,640,640,20,1,train,positive_annotated
2196,2196.0_1.0.png,2196,640,640,18,1,train,positive_annotated
135,135.0_1.0.png,41,640,640,17,1,train,positive_annotated
1364,1364.0_1.0.png,1364,640,640,7,1,train,positive_annotated
438,438.0_1.0.png,377,640,640,9,1,train,positive_annotated
1110,1110.0_1.0.png,738,640,640,17,1,train,positive_annotated
1921,1921.0_1.0.png,1921,640,640,8,1,train,positive_annotated
41,41.0_1.0.png,346,640,640,17,1,train,positive_annotated
522,522.0_1.0.png,471,640,640,5,1,train,positive_annotated
1301,1301.0_1.0.png,1301,640,640,12,1,train,positive_annotated
1661,1661.0_1.0.png,1661,640,640,4,1,train,positive_annotated
371,371.0_1.0.png,303,640,640,11,1,train,positive_annotated
213,213.0_1.0.png,128,640,640,4,1,train,positive_annotated
2349,2349.0_1.0.png,2349,640,640,11,1,train,positive_annotated
2377,2377.0_1.0.png,2377,640,640,10,1,train,positive_annotated
716,716.0_1.0.png,969,640,640,23,1,train,positive_annotated
361,361.0_1.0.png,292,640,640,5,1,train,positive_annotated
1893,1893.0_1.0.png,1893,640,640,16,1,train,positive_annotated
292,292.0_1.0.png,215,640,640,5,1,train,positive_annotated
1119,1119.0_1.0.png,747,640,640,4,1,train,positive_annotated
2217,2217.0_1.0.png,2217,640,640,5,1,train,positive_annotated
651,651.0_1.0.png,904,640,640,13,1,train,positive_annotated
1865,1865.0_1.0.png,1865,640,640,28,1,train,positive_annotated
916,916.0_1.0.png,1169,640,640,10,1,train,positive_annotated
2026,2026.0_1.0.png,2026,640,640,7,1,train,positive_annotated
1934,1934.0_1.0.png,1934,640,640,5,1,train,positive_annotated
893,893.0_1.0.png,1146,640,640,14,1,train,positive_annotated
1365,1365.0_1.0.png,1365,640,640,8,1,train,positive_annotated
1317,1317.0_1.0.png,1317,640,640,31,1,train,positive_annotated
1993,1993.0_1.0.png,1993,640,640,24,1,train,positive_annotated
2409,2409.0_1.0.png,2409,640,640,10,1,train,positive_annotated
2403,2403.0_1.0.png,2403,640,640,6,1,train,positive_annotated
641,641.0_1.0.png,894,640,640,12,1,train,positive_annotated
2386,2386.0_1.0.png,2386,640,640,4,1,train,positive_annotated
2255,2255.0_1.0.png,2255,640,640,14,1,train,positive_annotated
1260,1260.0_1.0.png,1260,640,640,15,1,train,positive_annotated
1831,1831.0_1.0.png,1831,640,640,16,1,train,positive_annotated
2259,2259.0_1.0.png,2259,640,640,9,1,train,positive_annotated
2263,2263.0_1.0.png,2263,640,640,10,1,train,positive_annotated
1366,1366.0_1.0.png,1366,640,640,28,1,train,positive_annotated
1098,1098.0_1.0.png,726,640,640,6,1,train,positive_annotated
2046,2046.0_1.0.png,2046,640,640,12,1,train,positive_annotated
2440,2440.0_1.0.png,2440,640,640,13,1,train,positive_annotated
1484,1484.0_1.0.png,1484,640,640,5,1,train,positive_annotated
937,937.0_1.0.png,1190,640,640,10,1,train,positive_annotated
407,407.0_1.0.png,343,640,640,1,1,train,positive_annotated
1419,1419.0_1.0.png,1419,640,640,10,1,train,positive_annotated
2407,2407.0_1.0.png,2407,640,640,8,1,train,positive_annotated
2120,2120.0_1.0.png,2120,640,640,32,1,train,positive_annotated
1225,1225.0_1.0.png,853,640,640,8,1,train,positive_annotated
2305,2305.0_1.0.png,2305,640,640,13,1,train,positive_annotated
656,656.0_1.0.png,909,640,640,7,1,train,positive_annotated
1828,1828.0_1.0.png,1828,640,640,16,1,train,positive_annotated
2338,2338.0_1.0.png,2338,640,640,11,1,train,positive_annotated
1664,1664.0_1.0.png,1664,640,640,26,1,train,positive_annotated
1103,1103.0_1.0.png,731,640,640,12,1,train,positive_annotated
1853,1853.0_1.0.png,1853,640,640,33,1,train,positive_annotated
1001,1001.0_1.0.png,629,640,640,12,1,train,positive_annotated
2155,2155.0_1.0.png,2155,640,640,4,1,train,positive_annotated
1545,1545.0_1.0.png,1545,640,640,5,1,train,positive_annotated
356,356.0_1.0.png,286,640,640,7,1,train,positive_annotated
1087,1087.0_1.0.png,715,640,640,13,1,train,positive_annotated
1928,1928.0_1.0.png,1928,640,640,20,1,train,positive_annotated
959,959.0_1.0.png,1212,640,640,13,1,train,positive_annotated
2170,2170.0_1.0.png,2170,640,640,13,1,train,positive_annotated
1374,1374.0_1.0.png,1374,640,640,10,1,train,positive_annotated
384,384.0_1.0.png,317,640,640,2,1,train,positive_annotated
445,445.0_1.0.png,385,640,640,14,1,train,positive_annotated
657,657.0_1.0.png,910,640,640,18,1,train,positive_annotated
1519,1519.0_1.0.png,1519,640,640,36,1,train,positive_annotated
1965,1965.0_1.0.png,1965,640,640,10,1,train,positive_annotated
1318,1318.0_1.0.png,1318,640,640,9,1,train,positive_annotated
324,324.0_1.0.png,251,640,640,11,1,train,positive_annotated
1060,1060.0_1.0.png,688,640,640,11,1,train,positive_annotated
1492,1492.0_1.0.png,1492,640,640,12,1,train,positive_annotated
1186,1186.0_1.0.png,814,640,640,8,1,train,positive_annotated
1757,1757.0_1.0.png,1757,640,640,11,1,train,positive_annotated
155,155.0_1.0.png,63,640,640,5,1,train,positive_annotated
1184,1184.0_1.0.png,812,640,640,19,1,train,positive_annotated
3,3.0_1.0.png,223,640,640,12,1,train,positive_annotated
1500,1500.0_1.0.png,1500,640,640,30,1,train,positive_annotated
646,646.0_1.0.png,899,640,640,33,1,train,positive_annotated
1584,1584.0_1.0.png,1584,640,640,8,1,train,positive_annotated
380,380.0_1.0.png,313,640,640,7,1,train,positive_annotated
1795,1795.0_1.0.png,1795,640,640,1,1,train,positive_annotated
291,291.0_1.0.png,214,640,640,19,1,train,positive_annotated
419,419.0_1.0.png,356,640,640,8,1,train,positive_annotated
1489,1489.0_1.0.png,1489,640,640,25,1,train,positive_annotated
495,495.0_1.0.png,440,640,640,6,1,train,positive_annotated
297,297.0_1.0.png,220,640,640,14,1,train,positive_annotated
1981,1981.0_1.0.png,1981,640,640,5,1,train,positive_annotated
267,267.0_1.0.png,187,640,640,16,1,train,positive_annotated
1650,1650.0_1.0.png,1650,640,640,4,1,train,positive_annotated
892,892.0_1.0.png,1145,640,640,24,1,train,positive_annotated
1005,1005.0_1.0.png,633,640,640,10,1,train,positive_annotated
2213,2213.0_1.0.png,2213,640,640,4,1,train,positive_annotated
854,854.0_1.0.png,1107,640,640,13,1,train,positive_annotated
683,683.0_1.0.png,936,640,640,36,1,train,positive_annotated
467,467.0_1.0.png,409,640,640,15,1,train,positive_annotated
300,300.0_1.0.png,225,640,640,6,1,train,positive_annotated
1261,1261.0_1.0.png,1261,640,640,4,1,train,positive_annotated
275,275.0_1.0.png,196,640,640,5,1,train,positive_annotated
465,465.0_1.0.png,407,640,640,5,1,train,positive_annotated
1499,1499_1.png,1499,640,640,2,1,train,positive_annotated
2225,2225.0_1.0.png,2225,640,640,10,1,train,positive_annotated
1100,1100.0_1.0.png,728,640,640,17,1,train,positive_annotated
345,345.0_1.0.png,274,640,640,6,1,train,positive_annotated
967,967.0_1.0.png,1219,640,640,15,1,train,positive_annotated
948,948.0_1.0.png,1201,640,640,6,1,train,positive_annotated
480,480.0_1.0.png,424,640,640,3,1,train,positive_annotated
2423,2423.0_1.0.png,2423,640,640,17,1,train,positive_annotated
2224,2224.0_1.0.png,2224,640,640,1,1,train,positive_annotated
2226,2226.0_1.0.png,2226,640,640,5,1,train,positive_annotated
815,815.0_1.0.png,1068,640,640,6,1,train,positive_annotated
2005,2005.0_1.0.png,2005,640,640,5,1,train,positive_annotated
389,389.0_1.0.png,322,640,640,8,1,train,positive_annotated
2462,2462.0_1.0.png,2462,640,640,19,1,train,positive_annotated
1628,1628.0_1.0.png,1628,640,640,22,1,train,positive_annotated
591,591.0_1.0.png,547,640,640,6,1,train,positive_annotated
955,955.0_1.0.png,1208,640,640,19,1,train,positive_annotated
2355,2355.0_1.0.png,2355,640,640,7,1,train,positive_annotated
200,200.0_1.0.png,114,640,640,9,1,train,positive_annotated
186,186.0_1.0.png,97,640,640,14,1,train,positive_annotated
2257,2257.0_1.0.png,2257,640,640,7,1,train,positive_annotated
1392,1392.0_1.0.png,1392,640,640,16,1,train,positive_annotated
205,205.0_1.0.png,119,640,640,12,1,train,positive_annotated
699,699.0_1.0.png,952,640,640,5,1,train,positive_annotated
2260,2260.0_1.0.png,2260,640,640,6,1,train,positive_annotated
173,173.0_1.0.png,83,640,640,12,1,train,positive_annotated
2019,2019.0_1.0.png,2019,640,640,1,1,train,positive_annotated
298,298.0_1.0.png,221,640,640,18,1,train,positive_annotated
694,694.0_1.0.png,947,640,640,39,1,train,positive_annotated
2117,2117.0_1.0.png,2117,640,640,14,1,train,positive_annotated
1694,1694.0_1.0.png,1694,640,640,30,1,train,positive_annotated
1327,1327.0_1.0.png,1327,640,640,29,1,train,positive_annotated
413,413.0_1.0.png,350,640,640,8,1,train,positive_annotated
244,244.0_1.0.png,162,640,640,12,1,train,positive_annotated
668,668.0_1.0.png,921,640,640,5,1,train,positive_annotated
2160,2160.0_1.0.png,2160,640,640,19,1,train,positive_annotated
939,939.0_1.0.png,1192,640,640,13,1,train,positive_annotated
1414,1414.0_1.0.png,1414,640,640,5,1,train,positive_annotated
2301,2301.0_1.0.png,2301,640,640,12,1,train,positive_annotated
149,149.0_1.0.png,56,640,640,11,1,train,positive_annotated
582,582.0_1.0.png,537,640,640,9,1,train,positive_annotated
1182,1182.0_1.0.png,810,640,640,14,1,train,positive_annotated
374,374.0_1.0.png,306,640,640,25,1,train,positive_annotated
885,885.0_1.0.png,1138,640,640,25,1,train,positive_annotated
1431,1431.0_1.0.png,1431,640,640,16,1,train,positive_annotated
1593,1593.0_1.0.png,1593,640,640,13,1,train,positive_annotated
1441,1441.0_1.0.png,1441,640,640,7,1,train,positive_annotated
1741,1741.0_1.0.png,1741,640,640,33,1,train,positive_annotated
1659,1659.0_1.0.png,1659,640,640,33,1,train,positive_annotated
804,804.0_1.0.png,1057,640,640,30,1,train,positive_annotated
16,16.0_1.0.png,68,640,640,8,1,train,positive_annotated
2229,2229.0_1.0.png,2229,640,640,10,1,train,positive_annotated
318,318.0_1.0.png,244,640,640,8,1,train,positive_annotated
1682,1682.0_1.0.png,1682,640,640,38,1,train,positive_annotated
2104,2104.0_1.0.png,2104,640,640,6,1,train,positive_annotated
2455,2455.0_1.0.png,2455,640,640,13,1,train,positive_annotated
639,639.0_1.0.png,892,640,640,36,1,train,positive_annotated
740,740.0_1.0.png,993,640,640,11,1,train,positive_annotated
2291,2291.0_1.0.png,2291,640,640,10,1,train,positive_annotated
1338,1338.0_1.0.png,1338,640,640,7,1,train,positive_annotated
525,525.0_1.0.png,474,640,640,9,1,train,positive_annotated
1827,1827.0_1.0.png,1827,640,640,4,1,train,positive_annotated
221,221.0_1.0.png,137,640,640,6,1,train,positive_annotated
1488,1488.0_1.0.png,1488,640,640,8,1,train,positive_annotated
1640,1640.0_1.0.png,1640,640,640,9,1,train,positive_annotated
1446,1446.0_1.0.png,1446,640,640,23,1,train,positive_annotated
1064,1064.0_1.0.png,692,640,640,18,1,train,positive_annotated
1544,1544.0_1.0.png,1544,640,640,11,1,train,positive_annotated
1231,1231.0_1.0.png,859,640,640,12,1,train,positive_annotated
2324,2324.0_1.0.png,2324,640,640,3,1,train,positive_annotated
1774,1774.0_1.0.png,1774,640,640,9,1,train,positive_annotated
2069,2069.0_1.0.png,2069,640,640,3,1,train,positive_annotated
666,666.0_1.0.png,919,640,640,21,1,train,positive_annotated
1350,1350.0_1.0.png,1350,640,640,15,1,train,positive_annotated
1912,1912.0_1.0.png,1912,640,640,14,1,train,positive_annotated
1299,1299.0_1.0.png,1299,640,640,7,1,train,positive_annotated
1936,1936.0_1.0.png,1936,640,640,4,1,train,positive_annotated
1985,1985.0_1.0.png,1985,640,640,7,1,train,positive_annotated
1911,1911.0_1.0.png,1911,640,640,14,1,train,positive_annotated
1971,1971.0_1.0.png,1971,640,640,22,1,train,positive_annotated
1497,1497.0_1.0.png,1497,640,640,16,1,train,positive_annotated
923,923.0_1.0.png,1176,640,640,4,1,train,positive_annotated
46,46.0_1.0.png,401,640,640,3,1,train,positive_annotated
2448,2448.0_1.0.png,2448,640,640,22,1,train,positive_annotated
301,301.0_1.0.png,226,640,640,7,1,train,positive_annotated
1502,1502.0_1.0.png,1502,640,640,8,1,train,positive_annotated
111,111.0_1.0.png,15,640,640,5,1,train,positive_annotated
2461,2461.0_1.0.png,2461,640,640,9,1,train,positive_annotated
1191,1191.0_1.0.png,819,640,640,15,1,train,positive_annotated
1516,1516.0_1.0.png,1516,640,640,9,1,train,positive_annotated
117,117.0_1.0.png,21,640,640,10,1,train,positive_annotated
2347,2347.0_1.0.png,2347,640,640,12,1,train,positive_annotated
558,558.0_1.0.png,510,640,640,12,1,train,positive_annotated
2486,2486.0_1.0.png,2486,640,640,15,1,train,positive_annotated
909,909.0_1.0.png,1162,640,640,29,1,train,positive_annotated
1752,1752.0_1.0.png,1752,640,640,10,1,train,positive_annotated
1211,1211.0_1.0.png,839,640,640,14,1,train,positive_annotated
2227,2227.0_1.0.png,2227,640,640,5,1,train,positive_annotated
1325,1325.0_1.0.png,1325,640,640,7,1,train,positive_annotated
1512,1512.0_1.0.png,1512,640,640,28,1,train,positive_annotated
1766,1766.0_1.0.png,1766,640,640,7,1,train,positive_annotated
2292,2292.0_1.0.png,2292,640,640,20,1,train,positive_annotated
1052,1052.0_1.0.png,680,640,640,10,1,train,positive_annotated
1922,1922.0_1.0.png,1922,640,640,12,1,train,positive_annotated
806,806.0_1.0.png,1059,640,640,14,1,train,positive_annotated
79,79.0_1.0.png,603,640,640,14,1,train,positive_annotated
561,561.0_1.0.png,514,640,640,7,1,train,positive_annotated
1652,1652.0_1.0.png,1652,640,640,13,1,train,positive_annotated
1594,1594.0_1.0.png,1594,640,640,37,1,train,positive_annotated
1076,1076.0_1.0.png,704,640,640,12,1,train,positive_annotated
541,541.0_1.0.png,492,640,640,16,1,train,positive_annotated
1463,1463.0_1.0.png,1463,640,640,19,1,train,positive_annotated
568,568.0_1.0.png,521,640,640,24,1,train,positive_annotated
1976,1976.0_1.0.png,1976,640,640,13,1,train,positive_annotated
1236,1236.0_1.0.png,864,640,640,8,1,train,positive_annotated
1763,1763.0_1.0.png,1763,640,640,41,1,train,positive_annotated
1449,1449.0_1.0.png,1449,640,640,12,1,train,positive_annotated
2492,2492.0_1.0.png,2492,640,640,23,1,train,positive_annotated
1199,1199.0_1.0.png,827,640,640,12,1,train,positive_annotated
1799,1799.0_1.0.png,1799,640,640,4,1,train,positive_annotated
1206,1206.0_1.0.png,834,640,640,6,1,train,positive_annotated
2401,2401.0_1.0.png,2401,640,640,6,1,train,positive_annotated
1297,1297.0_1.0.png,1297,640,640,10,1,train,positive_annotated
346,346.0_1.0.png,275,640,640,2,1,train,positive_annotated
1274,1274.0_1.0.png,1274,640,640,14,1,train,positive_annotated
453,453.0_1.0.png,394,640,640,2,1,train,positive_annotated
2153,2153.0_1.0.png,2153,640,640,6,1,train,positive_annotated
1745,1745.0_1.0.png,1745,640,640,37,1,train,positive_annotated
1426,1426.0_1.0.png,1426,640,640,22,1,train,positive_annotated
1165,1165.0_1.0.png,793,640,640,4,1,train,positive_annotated
1563,1563.0_1.0.png,1563,640,640,7,1,train,positive_annotated
344,344.0_1.0.png,273,640,640,19,1,train,positive_annotated
248,248.0_1.0.png,166,640,640,12,1,train,positive_annotated
842,842.0_1.0.png,1095,640,640,30,1,train,positive_annotated
913,913.0_1.0.png,1166,640,640,10,1,train,positive_annotated
2309,2309.0_1.0.png,2309,640,640,11,1,train,positive_annotated
1375,1375.0_1.0.png,1375,640,640,6,1,train,positive_annotated
1680,1680.0_1.0.png,1680,640,640,3,1,train,positive_annotated
2088,2088.0_1.0.png,2088,640,640,12,1,train,positive_annotated
2341,2341.0_1.0.png,2341,640,640,8,1,train,positive_annotated
1805,1805.0_1.0.png,1805,640,640,28,1,train,positive_annotated
1982,1982.0_1.0.png,1982,640,640,12,1,train,positive_annotated
162,162.0_1.0.png,71,640,640,5,1,train,positive_annotated
1067,1067.0_1.0.png,695,640,640,11,1,train,positive_annotated
1275,1275.0_1.0.png,1275,640,640,13,1,train,positive_annotated
1234,1234.0_1.0.png,862,640,640,37,1,train,positive_annotated
323,323.0_1.0.png,250,640,640,7,1,train,positive_annotated
786,786.0_1.0.png,1039,640,640,10,1,train,positive_annotated
925,925.0_1.0.png,1178,640,640,19,1,train,positive_annotated
798,798.0_1.0.png,1051,640,640,16,1,train,positive_annotated
1265,1265.0_1.0.png,1265,640,640,9,1,train,positive_annotated
2231,2231.0_1.0.png,2231,640,640,12,1,train,positive_annotated
1642,1642.0_1.0.png,1642,640,640,19,1,train,positive_annotated
644,644.0_1.0.png,897,640,640,15,1,train,positive_annotated
624,624.0_1.0.png,584,640,640,8,1,train,positive_annotated
1511,1511.0_1.0.png,1511,640,640,26,1,train,positive_annotated
795,795.0_1.0.png,1048,640,640,38,1,train,positive_annotated
2072,2072.0_1.0.png,2072,640,640,15,1,train,positive_annotated
2485,2485.0_1.0.png,2485,640,640,20,1,train,positive_annotated
2321,2321.0_1.0.png,2321,640,640,7,1,train,positive_annotated
1018,1018.0_1.0.png,646,640,640,16,1,train,positive_annotated
1837,1837.0_1.0.png,1837,640,640,21,1,train,positive_annotated
2183,2183.0_1.0.png,2183,640,640,11,1,train,positive_annotated
850,850.0_1.0.png,1103,640,640,25,1,train,positive_annotated
1587,1587.0_1.0.png,1587,640,640,24,1,train,positive_annotated
1065,1065.0_1.0.png,693,640,640,5,1,train,positive_annotated
183,183.0_1.0.png,94,640,640,25,1,train,positive_annotated
824,824.0_1.0.png,1077,640,640,2,1,train,positive_annotated
1395,1395.0_1.0.png,1395,640,640,5,1,train,positive_annotated
317,317.0_1.0.png,243,640,640,17,1,train,positive_annotated
1237,1237.0_1.0.png,865,640,640,13,1,train,positive_annotated
2187,2187.0_1.0.png,2187,640,640,12,1,train,positive_annotated
1197,1197.0_1.0.png,825,640,640,11,1,train,positive_annotated
984,984.0_1.0.png,1236,640,640,13,1,train,positive_annotated
710,710.0_1.0.png,963,640,640,13,1,train,positive_annotated
674,674.0_1.0.png,927,640,640,9,1,train,positive_annotated
1953,1953.0_1.0.png,1953,640,640,10,1,train,positive_annotated
420,420.0_1.0.png,358,640,640,8,1,train,positive_annotated
2238,2238.0_1.0.png,2238,640,640,7,1,train,positive_annotated
1612,1612.0_1.0.png,1612,640,640,21,1,train,positive_annotated
2164,2164.0_1.0.png,2164,640,640,16,1,train,positive_annotated
2137,2137.0_1.0.png,2137,640,640,23,1,train,positive_annotated
2107,2107.0_1.0.png,2107,640,640,4,1,train,positive_annotated
1811,1811.0_1.0.png,1811,640,640,18,1,train,positive_annotated
44,44.0_1.0.png,379,640,640,16,1,train,positive_annotated
1573,1573.0_1.0.png,1573,640,640,12,1,train,positive_annotated
1088,1088.0_1.0.png,716,640,640,38,1,train,positive_annotated
1636,1636.0_1.0.png,1636,640,640,1,1,train,positive_annotated
1833,1833.0_1.0.png,1833,640,640,2,1,train,positive_annotated
1222,1222.0_1.0.png,850,640,640,5,1,train,positive_annotated
1955,1955.0_1.0.png,1955,640,640,4,1,train,positive_annotated
1089,1089.0_1.0.png,717,640,640,12,1,train,positive_annotated
686,686.0_1.0.png,939,640,640,18,1,train,positive_annotated
1432,1432.0_1.0.png,1432,640,640,6,1,train,positive_annotated
1777,1777.0_1.0.png,1777,640,640,14,1,train,positive_annotated
1948,1948.0_1.0.png,1948,640,640,6,1,train,positive_annotated
1204,1204.0_1.0.png,832,640,640,20,1,train,positive_annotated
2300,2300.0_1.0.png,2300,640,640,6,1,train,positive_annotated
554,554.0_1.0.png,506,640,640,9,1,train,positive_annotated
1802,1802.0_1.0.png,1802,640,640,4,1,train,positive_annotated
304,304.0_1.0.png,229,640,640,10,1,train,positive_annotated
860,860.0_1.0.png,1113,640,640,9,1,train,positive_annotated
2405,2405.0_1.0.png,2405,640,640,12,1,train,positive_annotated
400,400.0_1.0.png,336,640,640,9,1,train,positive_annotated
2366,2366.0_1.0.png,2366,640,640,5,1,train,positive_annotated
258,258.0_1.0.png,177,640,640,5,1,train,positive_annotated
618,618.0_1.0.png,577,640,640,12,1,train,positive_annotated
584,584.0_1.0.png,539,640,640,2,1,train,positive_annotated
2123,2123.0_1.0.png,2123,640,640,15,1,train,positive_annotated
230,230.0_1.0.png,147,640,640,10,1,train,positive_annotated
1894,1894.0_1.0.png,1894,640,640,17,1,train,positive_annotated
992,992.0_1.0.png,1243,640,640,32,1,train,positive_annotated
814,814.0_1.0.png,1067,640,640,15,1,train,positive_annotated
1773,1773.0_1.0.png,1773,640,640,21,1,train,positive_annotated
2135,2135.0_1.0.png,2135,640,640,2,1,train,positive_annotated
1905,1905.0_1.0.png,1905,640,640,2,1,train,positive_annotated
65,65.0_1.0.png,588,640,640,28,1,train,positive_annotated
713,713.0_1.0.png,966,640,640,28,1,train,positive_annotated
2161,2161.0_1.0.png,2161,640,640,8,1,train,positive_annotated
1854,1854.0_1.0.png,1854,640,640,13,1,train,positive_annotated
667,667.0_1.0.png,920,640,640,3,1,train,positive_annotated
2219,2219.0_1.0.png,2219,640,640,11,1,train,positive_annotated
405,405.0_1.0.png,341,640,640,12,1,train,positive_annotated
2076,2076.0_1.0.png,2076,640,640,12,1,train,positive_annotated
567,567.0_1.0.png,520,640,640,8,1,train,positive_annotated
1896,1896.0_1.0.png,1896,640,640,6,1,train,positive_annotated
1857,1857.0_1.0.png,1857,640,640,1,1,train,positive_annotated
1062,1062_1.png,690,640,640,14,1,train,positive_annotated
1531,1531.0_1.0.png,1531,640,640,40,1,train,positive_annotated
2290,2290.0_1.0.png,2290,640,640,3,1,train,positive_annotated
1017,1017.0_1.0.png,645,640,640,21,1,train,positive_annotated
828,828.0_1.0.png,1081,640,640,8,1,train,positive_annotated
2395,2395.0_1.0.png,2395,640,640,13,1,train,positive_annotated
1723,1723.0_1.0.png,1723,640,640,15,1,train,positive_annotated
2400,2400.0_1.0.png,2400,640,640,5,1,train,positive_annotated
1892,1892.0_1.0.png,1892,640,640,7,1,train,positive_annotated
1376,1376.0_1.0.png,1376,640,640,6,1,train,positive_annotated
2114,2114.0_1.0.png,2114,640,640,18,1,train,positive_annotated
130,130.0_1.0.png,36,640,640,10,1,train,positive_annotated
1696,1696.0_1.0.png,1696,640,640,22,1,train,positive_annotated
800,800.0_1.0.png,1053,640,640,28,1,train,positive_annotated
1221,1221.0_1.0.png,849,640,640,10,1,train,positive_annotated
846,846.0_1.0.png,1099,640,640,16,1,train,positive_annotated
586,586.0_1.0.png,541,640,640,21,1,train,positive_annotated
1031,1031.0_1.0.png,659,640,640,16,1,train,positive_annotated
1616,1616.0_1.0.png,1616,640,640,7,1,train,positive_annotated
1268,1268.0_1.0.png,1268,640,640,5,1,train,positive_annotated
1999,1999.0_1.0.png,1999,640,640,8,1,train,positive_annotated
577,577.0_1.0.png,531,640,640,11,1,train,positive_annotated
88,88.0_1.0.png,613,640,640,6,1,train,positive_annotated
2145,2145.0_1.0.png,2145,640,640,8,1,train,positive_annotated
2208,2208.0_1.0.png,2208,640,640,30,1,train,positive_annotated
1703,1703.0_1.0.png,1703,640,640,12,1,train,positive_annotated
1030,1030.0_1.0.png,658,640,640,8,1,train,positive_annotated
423,423.0_1.0.png,361,640,640,13,1,train,positive_annotated
1416,1416.0_1.0.png,1416,640,640,23,1,train,positive_annotated
2299,2299.0_1.0.png,2299,640,640,16,1,train,positive_annotated
91,91.0_1.0.png,617,640,640,9,1,train,positive_annotated
164,164.0_1.0.png,73,640,640,12,1,train,positive_annotated
762,762.0_1.0.png,1015,640,640,22,1,train,positive_annotated
878,878.0_1.0.png,1131,640,640,12,1,train,positive_annotated
369,369.0_1.0.png,300,640,640,8,1,train,positive_annotated
7,7.0_1.0.png,593,640,640,4,1,train,positive_annotated
2378,2378.0_1.0.png,2378,640,640,3,1,train,positive_annotated
1066,1066.0_1.0.png,694,640,640,7,1,train,positive_annotated
1411,1411.0_1.0.png,1411,640,640,29,1,train,positive_annotated
2256,2256.0_1.0.png,2256,640,640,26,1,train,positive_annotated
1023,1023.0_1.0.png,651,640,640,5,1,train,positive_annotated
528,528.0_1.0.png,477,640,640,4,1,train,positive_annotated
199,199.0_1.0.png,111,640,640,4,1,train,positive_annotated
180,180.0_1.0.png,91,640,640,20,1,train,positive_annotated
2332,2332.0_1.0.png,2332,640,640,5,1,train,positive_annotated
509,509.0_1.0.png,456,640,640,16,1,train,positive_annotated
2154,2154.0_1.0.png,2154,640,640,29,1,train,positive_annotated
551,551.0_1.0.png,503,640,640,10,1,train,positive_annotated
1608,1608.0_1.0.png,1608,640,640,17,1,train,positive_annotated
1867,1867.0_1.0.png,1867,640,640,11,1,train,positive_annotated
1316,1316.0_1.0.png,1316,640,640,7,1,train,positive_annotated
1310,1310.0_1.0.png,1310,640,640,7,1,train,positive_annotated
1526,1526.0_1.0.png,1526,640,640,19,1,train,positive_annotated
367,367.0_1.0.png,298,640,640,8,1,train,positive_annotated
498,498.0_1.0.png,443,640,640,6,1,train,positive_annotated
1634,1634.0_1.0.png,1634,640,640,1,1,train,positive_annotated
1796,1796.0_1.0.png,1796,640,640,25,1,train,positive_annotated
940,940.0_1.0.png,1193,640,640,14,1,train,positive_annotated
1683,1683.0_1.0.png,1683,640,640,19,1,train,positive_annotated
1170,1170.0_1.0.png,798,640,640,24,1,train,positive_annotated
93,93.0_1.0.png,619,640,640,11,1,train,positive_annotated
2438,2438.0_1.0.png,2438,640,640,31,1,train,positive_annotated
881,881.0_1.0.png,1134,640,640,6,1,train,positive_annotated
2138,2138.0_1.0.png,2138,640,640,11,1,train,positive_annotated
59,59.0_1.0.png,545,640,640,9,1,train,positive_annotated
1660,1660.0_1.0.png,1660,640,640,18,1,train,positive_annotated
1483,1483.0_1.0.png,1483,640,640,14,1,train,positive_annotated
1390,1390.0_1.0.png,1390,640,640,34,1,train,positive_annotated
124,124.0_1.0.png,29,640,640,21,1,train,positive_annotated
1112,1112.0_1.0.png,740,640,640,19,1,train,positive_annotated
1933,1933.0_1.0.png,1933,640,640,14,1,train,positive_annotated
1746,1746.0_1.0.png,1746,640,640,13,1,train,positive_annotated
1135,1135.0_1.0.png,763,640,640,2,1,train,positive_annotated
663,663.0_1.0.png,916,640,640,38,1,train,positive_annotated
1946,1946.0_1.0.png,1946,640,640,30,1,train,positive_annotated
2134,2134.0_1.0.png,2134,640,640,12,1,train,positive_annotated
1847,1847.0_1.0.png,1847,640,640,15,1,train,positive_annotated
314,314.0_1.0.png,240,640,640,5,1,train,positive_annotated
483,483.0_1.0.png,427,640,640,6,1,train,positive_annotated
1586,1586.0_1.0.png,1586,640,640,18,1,train,positive_annotated
758,758.0_1.0.png,1011,640,640,27,1,train,positive_annotated
32,32.0_1.0.png,246,640,640,18,1,train,positive_annotated
816,816.0_1.0.png,1069,640,640,14,1,train,positive_annotated
1074,1074.0_1.0.png,702,640,640,11,1,train,positive_annotated
1557,1557.0_1.0.png,1557,640,640,23,1,train,positive_annotated
236,236.0_1.0.png,153,640,640,6,1,train,positive_annotated
1583,1583.0_1.0.png,1583,640,640,27,1,train,positive_annotated
366,366.0_1.0.png,297,640,640,4,1,train,positive_annotated
628,628.0_1.0.png,881,640,640,14,1,train,positive_annotated
1617,1617.0_1.0.png,1617,640,640,27,1,train,positive_annotated
382,382.0_1.0.png,315,640,640,16,1,train,positive_annotated
161,161.0_1.0.png,70,640,640,2,1,train,positive_annotated
1626,1626.0_1.0.png,1626,640,640,8,1,train,positive_annotated
1904,1904.0_1.0.png,1904,640,640,5,1,train,positive_annotated
1090,1090.0_1.0.png,718,640,640,17,1,train,positive_annotated
169,169.0_1.0.png,78,640,640,20,1,train,positive_annotated
1961,1961.0_1.0.png,1961,640,640,6,1,train,positive_annotated
1418,1418.0_1.0.png,1418,640,640,17,1,train,positive_annotated
2058,2058.0_1.0.png,2058,640,640,5,1,train,positive_annotated
1630,1630.0_1.0.png,1630,640,640,32,1,train,positive_annotated
1914,1914.0_1.0.png,1914,640,640,1,1,train,positive_annotated
1633,1633.0_1.0.png,1633,640,640,40,1,train,positive_annotated
2352,2352.0_1.0.png,2352,640,640,24,1,train,positive_annotated
1435,1435.0_1.0.png,1435,640,640,33,1,train,positive_annotated
2345,2345.0_1.0.png,2345,640,640,8,1,train,positive_annotated
1582,1582.0_1.0.png,1582,640,640,16,1,train,positive_annotated
1915,1915.0_1.0.png,1915,640,640,7,1,train,positive_annotated
2204,2204.0_1.0.png,2204,640,640,13,1,train,positive_annotated
1061,1061.0_1.0.png,689,640,640,6,1,train,positive_annotated
2209,2209.0_1.0.png,2209,640,640,6,1,train,positive_annotated
387,387.0_1.0.png,320,640,640,8,1,train,positive_annotated
1895,1895.0_1.0.png,1895,640,640,10,1,train,positive_annotated
2473,2473.0_1.0.png,2473,640,640,6,1,train,positive_annotated
428,428.0_1.0.png,366,640,640,2,1,train,positive_annotated
1398,1398.0_1.0.png,1398,640,640,5,1,train,positive_annotated
1438,1438.0_1.0.png,1438,640,640,6,1,train,positive_annotated
266,266.0_1.0.png,186,640,640,15,1,train,positive_annotated
1321,1321.0_1.0.png,1321,640,640,11,1,train,positive_annotated
1059,1059.0_1.0.png,687,640,640,3,1,train,positive_annotated
2018,2018.0_1.0.png,2018,640,640,33,1,train,positive_annotated
347,347.0_1.0.png,276,640,640,24,1,train,positive_annotated
2437,2437.0_1.0.png,2437,640,640,16,1,train,positive_annotated
1092,1092.0_1.0.png,720,640,640,7,1,train,positive_annotated
747,747.0_1.0.png,1000,640,640,17,1,train,positive_annotated
2036,2036.0_1.0.png,2036,640,640,8,1,train,positive_annotated
412,412.0_1.0.png,349,640,640,23,1,train,positive_annotated
635,635.0_1.0.png,888,640,640,12,1,train,positive_annotated
1739,1739.0_1.0.png,1739,640,640,12,1,train,positive_annotated
931,931.0_1.0.png,1184,640,640,20,1,train,positive_annotated
1107,1107.0_1.0.png,735,640,640,21,1,train,positive_annotated
1304,1304.0_1.0.png,1304,640,640,19,1,train,positive_annotated
920,920.0_1.0.png,1173,640,640,21,1,train,positive_annotated
882,882.0_1.0.png,1135,640,640,23,1,train,positive_annotated
1181,1181.0_1.0.png,809,640,640,8,1,train,positive_annotated
1919,1919.0_1.0.png,1919,640,640,9,1,train,positive_annotated
1139,1139.0_1.0.png,767,640,640,21,1,train,positive_annotated
1538,1538.0_1.0.png,1538,640,640,17,1,train,positive_annotated
1868,1868.0_1.0.png,1868,640,640,25,1,train,positive_annotated
138,138.0_1.0.png,44,640,640,10,1,train,positive_annotated
998,998.0_1.0.png,1249,640,640,25,1,train,positive_annotated
1133,1133.0_1.0.png,761,640,640,6,1,train,positive_annotated
397,397.0_1.0.png,331,640,640,27,1,train,positive_annotated
2420,2420.0_1.0.png,2420,640,640,6,1,train,positive_annotated
775,775.0_1.0.png,1028,640,640,7,1,train,positive_annotated
2098,2098.0_1.0.png,2098,640,640,8,1,train,positive_annotated
1319,1319.0_1.0.png,1319,640,640,26,1,train,positive_annotated
1109,1109.0_1.0.png,737,640,640,17,1,train,positive_annotated
1972,1972.0_1.0.png,1972,640,640,13,1,train,positive_annotated
154,154.0_1.0.png,62,640,640,5,1,train,positive_annotated
1967,1967.0_1.0.png,1967,640,640,7,1,train,positive_annotated
1825,1825.0_1.0.png,1825,640,640,21,1,train,positive_annotated
1452,1452.0_1.0.png,1452,640,640,9,1,train,positive_annotated
2149,2149.0_1.0.png,2149,640,640,14,1,train,positive_annotated
2129,2129.0_1.0.png,2129,640,640,8,1,train,positive_annotated
2016,2016.0_1.0.png,2016,640,640,13,1,train,positive_annotated
2328,2328.0_1.0.png,2328,640,640,18,1,train,positive_annotated
805,805.0_1.0.png,1058,640,640,11,1,train,positive_annotated
2414,2414.0_1.0.png,2414,640,640,9,1,train,positive_annotated
982,982.0_1.0.png,1234,640,640,12,1,train,positive_annotated
11,11.0_1.0.png,13,640,640,12,1,train,positive_annotated
2080,2080.0_1.0.png,2080,640,640,9,1,train,positive_annotated
1495,1495.0_1.0.png,1495,640,640,4,1,train,positive_annotated
857,857.0_1.0.png,1110,640,640,15,1,train,positive_annotated
708,708.0_1.0.png,961,640,640,8,1,train,positive_annotated
2418,2418.0_1.0.png,2418,640,640,1,1,train,positive_annotated
142,142.0_1.0.png,49,640,640,10,1,train,positive_annotated
952,952.0_1.0.png,1205,640,640,3,1,train,positive_annotated
363,363.0_1.0.png,294,640,640,24,1,train,positive_annotated
1677,1677.0_1.0.png,1677,640,640,9,1,train,positive_annotated
15,15.0_1.0.png,57,640,640,18,1,train,positive_annotated
1823,1823.0_1.0.png,1823,640,640,16,1,train,positive_annotated
237,237.0_1.0.png,154,640,640,5,1,train,positive_annotated
1429,1429.0_1.0.png,1429,640,640,9,1,train,positive_annotated
1788,1788.0_1.0.png,1788,640,640,22,1,train,positive_annotated
1450,1450.0_1.0.png,1450,640,640,13,1,train,positive_annotated
1380,1380.0_1.0.png,1380,640,640,17,1,train,positive_annotated
975,975.0_1.0.png,1227,640,640,19,1,train,positive_annotated
580,580.0_1.0.png,535,640,640,6,1,train,positive_annotated
673,673.0_1.0.png,926,640,640,17,1,train,positive_annotated
215,215.0_1.0.png,130,640,640,11,1,train,positive_annotated
319,319.0_1.0.png,245,640,640,12,1,train,positive_annotated
1073,1073.0_1.0.png,701,640,640,7,1,train,positive_annotated
1613,1613.0_1.0.png,1613,640,640,15,1,train,positive_annotated
2073,2073.0_1.0.png,2073,640,640,8,1,train,positive_annotated
1256,1256.0_1.0.png,1256,640,640,25,1,train,positive_annotated
615,615.0_1.0.png,574,640,640,11,1,train,positive_annotated
171,171.0_1.0.png,81,640,640,13,1,train,positive_annotated
472,472.0_1.0.png,415,640,640,5,1,train,positive_annotated
1040,1040.0_1.0.png,668,640,640,10,1,train,positive_annotated
537,537.0_1.0.png,487,640,640,17,1,train,positive_annotated
1880,1880.0_1.0.png,1880,640,640,25,1,train,positive_annotated
620,620.0_1.0.png,580,640,640,4,1,train,positive_annotated
433,433.0_1.0.png,372,640,640,1,1,train,positive_annotated
650,650.0_1.0.png,903,640,640,5,1,train,positive_annotated
2314,2314.0_1.0.png,2314,640,640,10,1,train,positive_annotated
2308,2308.0_1.0.png,2308,640,640,7,1,train,positive_annotated
2248,2248.0_1.0.png,2248,640,640,12,1,train,positive_annotated
927,927.0_1.0.png,1180,640,640,33,1,train,positive_annotated
2393,2393.0_1.0.png,2393,640,640,17,1,train,positive_annotated
1132,1132.0_1.0.png,760,640,640,13,1,train,positive_annotated
1437,1437.0_1.0.png,1437,640,640,14,1,train,positive_annotated
751,751.0_1.0.png,1004,640,640,3,1,train,positive_annotated
2054,2054.0_1.0.png,2054,640,640,7,1,train,positive_annotated
156,156.0_1.0.png,64,640,640,3,1,train,positive_annotated
2404,2404.0_1.0.png,2404,640,640,7,1,train,positive_annotated
1924,1924.0_1.0.png,1924,640,640,16,1,train,positive_annotated
474,474.0_1.0.png,417,640,640,9,1,train,positive_annotated
906,906.0_1.0.png,1159,640,640,11,1,train,positive_annotated
695,695.0_1.0.png,948,640,640,10,1,train,positive_annotated
327,327.0_1.0.png,254,640,640,19,1,train,positive_annotated
449,449.0_1.0.png,389,640,640,3,1,train,positive_annotated
95,95.0_1.0.png,621,640,640,2,1,train,positive_annotated
2023,2023.0_1.0.png,2023,640,640,5,1,train,positive_annotated
2457,2457.0_1.0.png,2457,640,640,28,1,train,positive_annotated
144,144.0_1.0.png,51,640,640,19,1,train,positive_annotated
1389,1389.0_1.0.png,1389,640,640,7,1,train,positive_annotated
1465,1465.0_1.0.png,1465,640,640,12,1,train,positive_annotated
1832,1832.0_1.0.png,1832,640,640,14,1,train,positive_annotated
2102,2102.0_1.0.png,2102,640,640,4,1,train,positive_annotated
2051,2051.0_1.0.png,2051,640,640,7,1,train,positive_annotated
818,818.0_1.0.png,1071,640,640,10,1,train,positive_annotated
2357,2357.0_1.0.png,2357,640,640,16,1,train,positive_annotated
295,295.0_1.0.png,218,640,640,4,1,train,positive_annotated
1856,1856.0_1.0.png,1856,640,640,12,1,train,positive_annotated
1033,1033.0_1.0.png,661,640,640,1,1,train,positive_annotated
2010,2010.0_1.0.png,2010,640,640,8,1,train,positive_annotated
1798,1798.0_1.0.png,1798,640,640,28,1,train,positive_annotated
1410,1410.0_1.0.png,1410,640,640,4,1,train,positive_annotated
418,418.0_1.0.png,355,640,640,3,1,train,positive_annotated
373,373.0_1.0.png,305,640,640,6,1,train,positive_annotated
1585,1585.0_1.0.png,1585,640,640,15,1,train,positive_annotated
2348,2348.0_1.0.png,2348,640,640,3,1,train,positive_annotated
1254,1254.0_1.0.png,1254,640,640,17,1,train,positive_annotated
1024,1024.0_1.0.png,652,640,640,11,1,train,positive_annotated
880,880.0_1.0.png,1133,640,640,7,1,train,positive_annotated
1537,1537.0_1.0.png,1537,640,640,4,1,train,positive_annotated
368,368.0_1.0.png,299,640,640,20,1,train,positive_annotated
2090,2090.0_1.0.png,2090,640,640,17,1,train,positive_annotated
1786,1786.0_1.0.png,1786,640,640,9,1,train,positive_annotated
13,13.0_1.0.png,35,640,640,13,1,train,positive_annotated
1009,1009.0_1.0.png,637,640,640,6,1,train,positive_annotated
187,187.0_1.0.png,98,640,640,7,1,train,positive_annotated
285,285.0_1.0.png,207,640,640,12,1,train,positive_annotated
2488,2488.0_1.0.png,2488,640,640,18,1,train,positive_annotated
2322,2322.0_1.0.png,2322,640,640,8,1,train,positive_annotated
1014,1014.0_1.0.png,642,640,640,4,1,train,positive_annotated
283,283.0_1.0.png,205,640,640,6,1,train,positive_annotated
954,954.0_1.0.png,1207,640,640,6,1,train,positive_annotated
151,151.0_1.0.png,59,640,640,17,1,train,positive_annotated
357,357.0_1.0.png,287,640,640,11,1,train,positive_annotated
2086,2086.0_1.0.png,2086,640,640,3,1,train,positive_annotated
2287,2287.0_1.0.png,2287,640,640,28,1,train,positive_annotated
1605,1605.0_1.0.png,1605,640,640,16,1,train,positive_annotated
625,625.0_1.0.png,585,640,640,6,1,train,positive_annotated
152,152.0_1.0.png,60,640,640,25,1,train,positive_annotated
123,123.0_1.0.png,28,640,640,11,1,train,positive_annotated
596,596.0_1.0.png,552,640,640,7,1,train,positive_annotated
246,246.0_1.0.png,164,640,640,6,1,train,positive_annotated
817,817.0_1.0.png,1070,640,640,22,1,train,positive_annotated
2320,2320.0_1.0.png,2320,640,640,23,1,train,positive_annotated
2004,2004.0_1.0.png,2004,640,640,7,1,train,positive_annotated
365,365.0_1.0.png,296,640,640,5,1,train,positive_annotated
1716,1716.0_1.0.png,1716,640,640,12,1,train,positive_annotated
1564,1564.0_1.0.png,1564,640,640,22,1,train,positive_annotated
808,808.0_1.0.png,1061,640,640,25,1,train,positive_annotated
956,956.0_1.0.png,1209,640,640,9,1,train,positive_annotated
212,212.0_1.0.png,127,640,640,15,1,train,positive_annotated
642,642.0_1.0.png,895,640,640,6,1,train,positive_annotated
1069,1069.0_1.0.png,697,640,640,12,1,train,positive_annotated
565,565.0_1.0.png,518,640,640,8,1,train,positive_annotated
1600,1600.0_1.0.png,1600,640,640,31,1,train,positive_annotated
1590,1590.0_1.0.png,1590,640,640,19,1,train,positive_annotated
729,729.0_1.0.png,982,640,640,21,1,train,positive_annotated
4,4.0_1.0.png,334,640,640,8,1,train,positive_annotated
2358,2358.0_1.0.png,2358,640,640,27,1,train,positive_annotated
527,527.0_1.0.png,476,640,640,11,1,train,positive_annotated
6,6.0_1.0.png,556,640,640,1,1,train,positive_annotated
1808,1808.0_1.0.png,1808,640,640,32,1,train,positive_annotated
1874,1874.0_1.0.png,1874,640,640,8,1,train,positive_annotated
612,612.0_1.0.png,571,640,640,20,1,train,positive_annotated
250,250.0_1.0.png,169,640,640,3,1,train,positive_annotated
1193,1193.0_1.0.png,821,640,640,4,1,train,positive_annotated
607,607.0_1.0.png,565,640,640,4,1,train,positive_annotated
265,265.0_1.0.png,185,640,640,10,1,train,positive_annotated
1011,1011.0_1.0.png,639,640,640,3,1,train,positive_annotated
1772,1772.0_1.0.png,1772,640,640,27,1,train,positive_annotated
1300,1300.0_1.0.png,1300,640,640,11,1,train,positive_annotated
1619,1619.0_1.0.png,1619,640,640,3,1,train,positive_annotated
1487,1487.0_1.0.png,1487,640,640,30,1,train,positive_annotated
950,950.0_1.0.png,1203,640,640,6,1,train,positive_annotated
1941,1941.0_1.0.png,1941,640,640,6,1,train,positive_annotated
1783,1783.0_1.0.png,1783,640,640,6,1,train,positive_annotated
303,303.0_1.0.png,228,640,640,15,1,train,positive_annotated
748,748.0_1.0.png,1001,640,640,14,1,train,positive_annotated
1644,1644.0_1.0.png,1644,640,640,8,1,train,positive_annotated
350,350.0_1.0.png,280,640,640,22,1,train,positive_annotated
785,785.0_1.0.png,1038,640,640,7,1,train,positive_annotated
2237,2237.0_1.0.png,2237,640,640,3,1,train,positive_annotated
479,479.0_1.0.png,422,640,640,4,1,train,positive_annotated
669,669.0_1.0.png,922,640,640,15,1,train,positive_annotated
2475,2475.0_1.0.png,2475,640,640,8,1,train,positive_annotated
702,702.0_1.0.png,955,640,640,3,1,train,positive_annotated
2350,2350.0_1.0.png,2350,640,640,11,1,train,positive_annotated
1698,1698.0_1.0.png,1698,640,640,8,1,train,positive_annotated
249,249.0_1.0.png,167,640,640,9,1,train,positive_annotated
1597,1597.0_1.0.png,1597,640,640,13,1,train,positive_annotated
1309,1309.0_1.0.png,1309,640,640,12,1,train,positive_annotated
1813,1813.0_1.0.png,1813,640,640,23,1,train,positive_annotated
1944,1944.0_1.0.png,1944,640,640,4,1,train,positive_annotated
73,73.0_1.0.png,597,640,640,11,1,train,positive_annotated
25,25.0_1.0.png,168,640,640,10,1,train,positive_annotated
1378,1378.0_1.0.png,1378,640,640,12,1,train,positive_annotated
158,158.0_1.0.png,66,640,640,5,1,train,positive_annotated
601,601.0_1.0.png,559,640,640,5,1,train,positive_annotated
918,918.0_1.0.png,1171,640,640,20,1,train,positive_annotated
2112,2112.0_1.0.png,2112,640,640,5,1,train,positive_annotated
92,92.0_1.0.png,618,640,640,5,1,train,positive_annotated
1401,1401.0_1.0.png,1401,640,640,11,1,train,positive_annotated
1814,1814.0_1.0.png,1814,640,640,4,1,train,positive_annotated
1611,1611.0_1.0.png,1611,640,640,24,1,train,positive_annotated
1466,1466.0_1.0.png,1466,640,640,8,1,train,positive_annotated
544,544.0_1.0.png,495,640,640,16,1,train,positive_annotated
2168,2168.0_1.0.png,2168,640,640,4,1,train,positive_annotated
2387,2387.0_1.0.png,2387,640,640,2,1,train,positive_annotated
1872,1872.0_1.0.png,1872,640,640,15,1,train,positive_annotated
1565,1565.0_1.0.png,1565,640,640,36,1,train,positive_annotated
2458,2458.0_1.0.png,2458,640,640,12,1,train,positive_annotated
404,404.0_1.0.png,340,640,640,1,1,train,positive_annotated
2198,2198.0_1.0.png,2198,640,640,6,1,train,positive_annotated
1576,1576.0_1.0.png,1576,640,640,17,1,train,positive_annotated
1152,1152.0_1.0.png,780,640,640,16,1,train,positive_annotated
1157,1157.0_1.0.png,785,640,640,2,1,train,positive_annotated
1656,1656.0_1.0.png,1656,640,640,10,1,train,positive_annotated
1848,1848.0_1.0.png,1848,640,640,4,1,train,positive_annotated
1468,1468.0_1.0.png,1468,640,640,10,1,train,positive_annotated
752,752.0_1.0.png,1005,640,640,1,1,train,positive_annotated
406,406.0_1.0.png,342,640,640,11,1,train,positive_annotated
1383,1383.0_1.0.png,1383,640,640,9,1,train,positive_annotated
84,84.0_1.0.png,609,640,640,11,1,train,positive_annotated
28,28.0_1.0.png,201,640,640,3,1,train,positive_annotated
1966,1966.0_1.0.png,1966,640,640,9,1,train,positive_annotated
590,590.0_1.0.png,546,640,640,12,1,train,positive_annotated
819,819.0_1.0.png,1072,640,640,32,1,train,positive_annotated
60,60.0_1.0.png,557,640,640,11,1,train,positive_annotated
721,721.0_1.0.png,974,640,640,31,1,train,positive_annotated
336,336.0_1.0.png,264,640,640,13,1,train,positive_annotated
812,812.0_1.0.png,1065,640,640,20,1,train,positive_annotated
1658,1658.0_1.0.png,1658,640,640,5,1,train,positive_annotated
706,706.0_1.0.png,959,640,640,4,1,train,positive_annotated
8,8.0_1.0.png,604,640,640,12,1,train,positive_annotated
1428,1428.0_1.0.png,1428,640,640,10,1,train,positive_annotated
910,910.0_1.0.png,1163,640,640,23,1,train,positive_annotated
1178,1178.0_1.0.png,806,640,640,12,1,train,positive_annotated
376,376.0_1.0.png,308,640,640,6,1,train,positive_annotated
50,50.0_1.0.png,446,640,640,13,1,train,positive_annotated
2025,2025.0_1.0.png,2025,640,640,28,1,train,positive_annotated
116,116.0_1.0.png,20,640,640,3,1,train,positive_annotated
390,390.0_1.0.png,324,640,640,8,1,train,positive_annotated
1210,1210.0_1.0.png,838,640,640,36,1,train,positive_annotated
261,261.0_1.0.png,181,640,640,10,1,train,positive_annotated
235,235.0_1.0.png,152,640,640,4,1,train,positive_annotated
1282,1282.0_1.0.png,1282,640,640,6,1,train,positive_annotated
1753,1753.0_1.0.png,1753,640,640,11,1,train,positive_annotated
1552,1552_1.png,1552,640,640,15,1,train,positive_annotated
900,900.0_1.0.png,1153,640,640,16,1,train,positive_annotated
1227,1227.0_1.0.png,855,640,640,19,1,train,positive_annotated
1882,1882.0_1.0.png,1882,640,640,10,1,train,positive_annotated
1532,1532.0_1.0.png,1532,640,640,9,1,train,positive_annotated
2159,2159.0_1.0.png,2159,640,640,13,1,train,positive_annotated
386,386.0_1.0.png,319,640,640,11,1,train,positive_annotated
587,587.0_1.0.png,542,640,640,10,1,train,positive_annotated
254,254.0_1.0.png,173,640,640,15,1,train,positive_annotated
728,728.0_1.0.png,981,640,640,41,1,train,positive_annotated
2340,2340.0_1.0.png,2340,640,640,9,1,train,positive_annotated
598,598.0_1.0.png,554,640,640,11,1,train,positive_annotated
2062,2062.0_1.0.png,2062,640,640,16,1,train,positive_annotated
679,679.0_1.0.png,932,640,640,8,1,train,positive_annotated
1643,1643.0_1.0.png,1643,640,640,40,1,train,positive_annotated
1205,1205.0_1.0.png,833,640,640,36,1,train,positive_annotated
1780,1780.0_1.0.png,1780,640,640,16,1,train,positive_annotated
67,67.0_1.0.png,590,640,640,2,1,train,positive_annotated
1717,1717.0_1.0.png,1717,640,640,10,1,train,positive_annotated
99,99.0_1.0.png,625,640,640,14,1,train,positive_annotated
755,755.0_1.0.png,1008,640,640,9,1,train,positive_annotated
1517,1517.0_1.0.png,1517,640,640,11,1,train,positive_annotated
2211,2211.0_1.0.png,2211,640,640,9,1,train,positive_annotated
308,308.0_1.0.png,233,640,640,25,1,train,positive_annotated
1522,1522.0_1.0.png,1522,640,640,14,1,train,positive_annotated
401,401.0_1.0.png,337,640,640,16,1,train,positive_annotated
1541,1541.0_1.0.png,1541,640,640,2,1,train,positive_annotated
1726,1726.0_1.0.png,1726,640,640,22,1,train,positive_annotated
957,957.0_1.0.png,1210,640,640,8,1,train,positive_annotated
1348,1348.0_1.0.png,1348,640,640,2,1,train,positive_annotated
2298,2298.0_1.0.png,2298,640,640,2,1,train,positive_annotated
120,120.0_1.0.png,25,640,640,25,1,train,positive_annotated
45,45.0_1.0.png,390,640,640,3,1,train,positive_annotated
137,137.0_1.0.png,43,640,640,3,1,train,positive_annotated
226,226.0_1.0.png,142,640,640,9,1,train,positive_annotated
57,57.0_1.0.png,523,640,640,8,1,train,positive_annotated
610,610.0_1.0.png,569,640,640,7,1,train,positive_annotated
75,75.0_1.0.png,599,640,640,6,1,train,positive_annotated
1727,1727.0_1.0.png,1727,640,640,16,1,train,positive_annotated
2115,2115.0_1.0.png,2115,640,640,10,1,train,positive_annotated
2339,2339.0_1.0.png,2339,640,640,15,1,train,positive_annotated
201,201.0_1.0.png,115,640,640,12,1,train,positive_annotated
150,150.0_1.0.png,58,640,640,28,1,train,positive_annotated
1012,1012.0_1.0.png,640,640,640,14,1,train,positive_annotated
903,903.0_1.0.png,1156,640,640,12,1,train,positive_annotated
145,145.0_1.0.png,52,640,640,25,1,train,positive_annotated
87,87.0_1.0.png,612,640,640,16,1,train,positive_annotated
2031,2031.0_1.0.png,2031,640,640,5,1,train,positive_annotated
2105,2105.0_1.0.png,2105,640,640,10,1,train,positive_annotated
606,606.0_1.0.png,564,640,640,22,1,train,positive_annotated
2175,2175.0_1.0.png,2175,640,640,16,1,train,positive_annotated
1883,1883.0_1.0.png,1883,640,640,18,1,train,positive_annotated
1108,1108.0_1.0.png,736,640,640,6,1,train,positive_annotated
181,181.0_1.0.png,92,640,640,4,1,train,positive_annotated
273,273.0_1.0.png,194,640,640,8,1,train,positive_annotated
1482,1482.0_1.0.png,1482,640,640,30,1,train,positive_annotated
504,504.0_1.0.png,451,640,640,6,1,train,positive_annotated
2252,2252.0_1.0.png,2252,640,640,9,1,train,positive_annotated
968,968.0_1.0.png,1220,640,640,12,1,train,positive_annotated
1513,1513.0_1.0.png,1513,640,640,20,1,train,positive_annotated
1649,1649.0_1.0.png,1649,640,640,25,1,train,positive_annotated
105,105.0_1.0.png,8,640,640,17,1,train,positive_annotated
1588,1588.0_1.0.png,1588,640,640,11,1,train,positive_annotated
912,912.0_1.0.png,1165,640,640,6,1,train,positive_annotated
833,833.0_1.0.png,1086,640,640,21,1,train,positive_annotated
1709,1709.0_1.0.png,1709,640,640,1,1,train,positive_annotated
112,112.0_1.0.png,16,640,640,13,1,train,positive_annotated
489,489.0_1.0.png,433,640,640,4,1,train,positive_annotated
81,81.0_1.0.png,606,640,640,14,1,train,positive_annotated
647,647.0_1.0.png,900,640,640,7,1,train,positive_annotated
1632,1632.0_1.0.png,1632,640,640,35,1,train,positive_annotated
2165,2165.0_1.0.png,2165,640,640,1,1,train,positive_annotated
1373,1373.0_1.0.png,1373,640,640,36,1,train,positive_annotated
1034,1034.0_1.0.png,662,640,640,4,1,train,positive_annotated
1477,1477.0_1.0.png,1477,640,640,13,1,train,positive_annotated
2316,2316.0_1.0.png,2316,640,640,16,1,train,positive_annotated
2284,2284.0_1.0.png,2284,640,640,23,1,train,positive_annotated
2210,2210.0_1.0.png,2210,640,640,14,1,train,positive_annotated
865,865.0_1.0.png,1118,640,640,24,1,train,positive_annotated
1114,1114.0_1.0.png,742,640,640,26,1,train,positive_annotated
431,431.0_1.0.png,370,640,640,1,1,train,positive_annotated
257,257.0_1.0.png,176,640,640,10,1,train,positive_annotated
2059,2059.0_1.0.png,2059,640,640,22,1,train,positive_annotated
293,293.0_1.0.png,216,640,640,8,1,train,positive_annotated
1480,1480.0_1.0.png,1480,640,640,12,1,train,positive_annotated
1615,1615.0_1.0.png,1615,640,640,8,1,train,positive_annotated
129,129.0_1.0.png,34,640,640,16,1,train,positive_annotated
2191,2191.0_1.0.png,2191,640,640,13,1,train,positive_annotated
763,763.0_1.0.png,1016,640,640,26,1,train,positive_annotated
274,274.0_1.0.png,195,640,640,16,1,train,positive_annotated
1986,1986.0_1.0.png,1986,640,640,22,1,train,positive_annotated
2496,2496.0_1.0.png,2496,640,640,5,1,train,positive_annotated
102,102.0_1.0.png,5,640,640,2,1,train,positive_annotated
1681,1681.0_1.0.png,1681,640,640,15,1,train,positive_annotated
34,34.0_1.0.png,268,640,640,5,1,train,positive_annotated
2001,2001.0_1.0.png,2001,640,640,16,1,train,positive_annotated
2282,2282.0_1.0.png,2282,640,640,6,1,train,positive_annotated
506,506.0_1.0.png,453,640,640,4,1,train,positive_annotated
810,810.0_1.0.png,1063,640,640,3,1,train,positive_annotated
1718,1718.0_1.0.png,1718,640,640,9,1,train,positive_annotated
2074,2074.0_1.0.png,2074,640,640,3,1,train,positive_annotated
1,1.0_1.0.png,1,640,640,3,1,train,positive_annotated
1875,1875.0_1.0.png,1875,640,640,10,1,train,positive_annotated
1232,1232.0_1.0.png,860,640,640,17,1,train,positive_annotated
1241,1241.0_1.0.png,869,640,640,16,1,train,positive_annotated
2242,2242.0_1.0.png,2242,640,640,3,1,train,positive_annotated
89,89.0_1.0.png,614,640,640,11,1,train,positive_annotated
1754,1754.0_1.0.png,1754,640,640,26,1,train,positive_annotated
767,767.0_1.0.png,1020,640,640,11,1,train,positive_annotated
1983,1983.0_1.0.png,1983,640,640,12,1,train,positive_annotated
1175,1175.0_1.0.png,803,640,640,20,1,train,positive_annotated
873,873.0_1.0.png,1126,640,640,19,1,train,positive_annotated
2385,2385.0_1.0.png,2385,640,640,4,1,train,positive_annotated
1744,1744.0_1.0.png,1744,640,640,16,1,train,positive_annotated
2157,2157.0_1.0.png,2157,640,640,10,1,train,positive_annotated
2037,2037.0_1.0.png,2037,640,640,10,1,train,positive_annotated
452,452.0_1.0.png,393,640,640,2,1,train,positive_annotated
427,427.0_1.0.png,365,640,640,8,1,train,positive_annotated
1818,1818.0_1.0.png,1818,640,640,40,1,train,positive_annotated
1826,1826.0_1.0.png,1826,640,640,17,1,train,positive_annotated
114,114.0_1.0.png,18,640,640,19,1,train,positive_annotated
782,782.0_1.0.png,1035,640,640,27,1,train,positive_annotated
1920,1920.0_1.0.png,1920,640,640,10,1,train,positive_annotated
933,933.0_1.0.png,1186,640,640,16,1,train,positive_annotated
1384,1384.0_1.0.png,1384,640,640,5,1,train,positive_annotated
69,69.0_1.0.png,592,640,640,1,1,train,positive_annotated
1453,1453.0_1.0.png,1453,640,640,2,1,train,positive_annotated
962,962.0_1.0.png,1214,640,640,20,1,train,positive_annotated
1846,1846.0_1.0.png,1846,640,640,3,1,train,positive_annotated
1409,1409.0_1.0.png,1409,640,640,8,1,train,positive_annotated
245,245.0_1.0.png,163,640,640,11,1,train,positive_annotated
159,159.0_1.0.png,67,640,640,1,1,train,positive_annotated
1219,1219.0_1.0.png,847,640,640,32,1,train,positive_annotated
416,416.0_1.0.png,353,640,640,11,1,train,positive_annotated
1945,1945.0_1.0.png,1945,640,640,16,1,train,positive_annotated
1279,1279.0_1.0.png,1279,640,640,19,1,train,positive_annotated
2394,2394.0_1.0.png,2394,640,640,6,1,train,positive_annotated
2043,2043.0_1.0.png,2043,640,640,16,1,train,positive_annotated
1422,1422.0_1.0.png,1422,640,640,17,1,train,positive_annotated
1413,1413.0_1.0.png,1413,640,640,20,1,train,positive_annotated
2184,2184.0_1.0.png,2184,640,640,7,1,train,positive_annotated
1725,1725.0_1.0.png,1725,640,640,18,1,train,positive_annotated
10,10.0_1.0.png,2,640,640,10,1,train,positive_annotated
507,507.0_1.0.png,454,640,640,14,1,train,positive_annotated
802,802.0_1.0.png,1055,640,640,14,1,train,positive_annotated
280,280.0_1.0.png,202,640,640,7,1,train,positive_annotated
993,993.0_1.0.png,1244,640,640,8,1,train,positive_annotated
432,432.0_1.0.png,371,640,640,10,1,train,positive_annotated
1790,1790.0_1.0.png,1790,640,640,25,1,train,positive_annotated
1022,1022.0_1.0.png,650,640,640,17,1,train,positive_annotated
1043,1043.0_1.0.png,671,640,640,12,1,train,positive_annotated
853,853.0_1.0.png,1106,640,640,8,1,train,positive_annotated
1674,1674.0_1.0.png,1674,640,640,27,1,train,positive_annotated
519,519.0_1.0.png,467,640,640,9,1,train,positive_annotated
1724,1724.0_1.0.png,1724,640,640,18,1,train,positive_annotated
1367,1367.0_1.0.png,1367,640,640,16,1,train,positive_annotated
1308,1308.0_1.0.png,1308,640,640,16,1,train,positive_annotated
1082,1082.0_1.0.png,710,640,640,25,1,train,positive_annotated
562,562.0_1.0.png,515,640,640,4,1,train,positive_annotated
838,838.0_1.0.png,1091,640,640,6,1,train,positive_annotated
43,43.0_1.0.png,368,640,640,12,1,train,positive_annotated
979,979.0_1.0.png,1231,640,640,20,1,train,positive_annotated
825,825.0_1.0.png,1078,640,640,4,1,train,positive_annotated
604,604.0_1.0.png,562,640,640,9,1,train,positive_annotated
1343,1343.0_1.0.png,1343,640,640,6,1,train,positive_annotated
1493,1493.0_1.0.png,1493,640,640,11,1,train,positive_annotated
791,791.0_1.0.png,1044,640,640,14,1,train,positive_annotated
1903,1903.0_1.0.png,1903,640,640,32,1,train,positive_annotated
2121,2121.0_1.0.png,2121,640,640,10,1,train,positive_annotated
1527,1527.0_1.0.png,1527,640,640,1,1,train,positive_annotated
1283,1283.0_1.0.png,1283,640,640,8,1,train,positive_annotated
1158,1158.0_1.0.png,786,640,640,11,1,train,positive_annotated
415,415.0_1.0.png,352,640,640,16,1,train,positive_annotated
756,756.0_1.0.png,1009,640,640,3,1,train,positive_annotated
1595,1595.0_1.0.png,1595,640,640,21,1,train,positive_annotated
2247,2247.0_1.0.png,2247,640,640,8,1,train,positive_annotated
399,399.0_1.0.png,333,640,640,8,1,train,positive_annotated
1091,1091.0_1.0.png,719,640,640,14,1,train,positive_annotated
887,887.0_1.0.png,1140,640,640,9,1,train,positive_annotated
831,831.0_1.0.png,1084,640,640,30,1,train,positive_annotated
1508,1508.0_1.0.png,1508,640,640,31,1,train,positive_annotated
1164,1164.0_1.0.png,792,640,640,15,1,train,positive_annotated
1094,1094.0_1.0.png,722,640,640,11,1,train,positive_annotated
2083,2083.0_1.0.png,2083,640,640,31,1,train,positive_annotated
2035,2035.0_1.0.png,2035,640,640,2,1,train,positive_annotated
2353,2353.0_1.0.png,2353,640,640,4,1,train,positive_annotated
2158,2158.0_1.0.png,2158,640,640,35,1,train,positive_annotated
1761,1761.0_1.0.png,1761,640,640,11,1,train,positive_annotated
2082,2082.0_1.0.png,2082,640,640,6,1,train,positive_annotated
1479,1479.0_1.0.png,1479,640,640,29,1,train,positive_annotated
1840,1840.0_1.0.png,1840,640,640,3,1,train,positive_annotated
2039,2039.0_1.0.png,2039,640,640,4,1,train,positive_annotated
1589,1589.0_1.0.png,1589,640,640,15,1,train,positive_annotated
1629,1629.0_1.0.png,1629,640,640,22,1,train,positive_annotated
2245,2245.0_1.0.png,2245,640,640,15,1,train,positive_annotated
1399,1399.0_1.0.png,1399,640,640,13,1,train,positive_annotated
2425,2425.0_1.0.png,2425,640,640,13,1,train,positive_annotated
2319,2319.0_1.0.png,2319,640,640,16,1,train,positive_annotated
1379,1379.0_1.0.png,1379,640,640,23,1,train,positive_annotated
996,996.0_1.0.png,1247,640,640,43,1,train,positive_annotated
86,86.0_1.0.png,611,640,640,22,1,train,positive_annotated
1312,1312.0_1.0.png,1312,640,640,30,1,train,positive_annotated
921,921.0_1.0.png,1174,640,640,34,1,train,positive_annotated
2397,2397.0_1.0.png,2397,640,640,5,1,train,positive_annotated
760,760.0_1.0.png,1013,640,640,13,1,train,positive_annotated
2092,2092.0_1.0.png,2092,640,640,6,1,train,positive_annotated
63,63.0_1.0.png,586,640,640,8,1,train,positive_annotated
146,146.0_1.0.png,53,640,640,16,1,train,positive_annotated
1277,1277.0_1.0.png,1277,640,640,13,1,train,positive_annotated
1055,1055.0_1.0.png,683,640,640,20,1,train,positive_annotated
1048,1048.0_1.0.png,676,640,640,9,1,train,positive_annotated
930,930.0_1.0.png,1183,640,640,9,1,train,positive_annotated
1596,1596.0_1.0.png,1596,640,640,19,1,train,positive_annotated
1861,1861.0_1.0.png,1861,640,640,14,1,train,positive_annotated
1704,1704.0_1.0.png,1704,640,640,40,1,train,positive_annotated
1356,1356.0_1.0.png,1356,640,640,41,1,train,positive_annotated
566,566.0_1.0.png,519,640,640,8,1,train,positive_annotated
2466,2466.0_1.0.png,2466,640,640,7,1,train,positive_annotated
388,388.0_1.0.png,321,640,640,10,1,train,positive_annotated
429,429.0_1.0.png,367,640,640,6,1,train,positive_annotated
1150,1150.0_1.0.png,778,640,640,4,1,train,positive_annotated
1542,1542.0_1.0.png,1542,640,640,21,1,train,positive_annotated
1006,1006.0_1.0.png,634,640,640,21,1,train,positive_annotated
935,935.0_1.0.png,1188,640,640,26,1,train,positive_annotated
2433,2433.0_1.0.png,2433,640,640,8,1,train,positive_annotated
535,535.0_1.0.png,485,640,640,12,1,train,positive_annotated
2012,2012.0_1.0.png,2012,640,640,21,1,train,positive_annotated
1979,1979.0_1.0.png,1979,640,640,7,1,train,positive_annotated
1907,1907.0_1.0.png,1907,640,640,34,1,train,positive_annotated
738,738.0_1.0.png,991,640,640,30,1,train,positive_annotated
188,188.0_1.0.png,99,640,640,30,1,train,positive_annotated
1641,1641.0_1.0.png,1641,640,640,29,1,train,positive_annotated
1287,1287.0_1.0.png,1287,640,640,45,1,train,positive_annotated
40,40.0_1.0.png,335,640,640,9,1,train,positive_annotated
1728,1728.0_1.0.png,1728,640,640,5,1,train,positive_annotated
807,807.0_1.0.png,1060,640,640,33,1,train,positive_annotated
97,97.0_1.0.png,623,640,640,3,1,train,positive_annotated
182,182.0_1.0.png,93,640,640,19,1,train,positive_annotated
1347,1347.0_1.0.png,1347,640,640,15,1,train,positive_annotated
986,986.0_1.0.png,1238,640,640,11,1,train,positive_annotated
1841,1841.0_1.0.png,1841,640,640,1,1,train,positive_annotated
2288,2288.0_1.0.png,2288,640,640,14,1,train,positive_annotated
2432,2432.0_1.0.png,2432,640,640,13,1,train,positive_annotated
1224,1224.0_1.0.png,852,640,640,12,1,train,positive_annotated
1294,1294.0_1.0.png,1294,640,640,19,1,train,positive_annotated
1475,1475.0_1.0.png,1475,640,640,15,1,train,positive_annotated
1858,1858.0_1.0.png,1858,640,640,17,1,train,positive_annotated
1505,1505.0_1.0.png,1505,640,640,21,1,train,positive_annotated
574,574.0_1.0.png,528,640,640,12,1,train,positive_annotated
560,560.0_1.0.png,513,640,640,4,1,train,positive_annotated
2119,2119.0_1.0.png,2119,640,640,10,1,train,positive_annotated
2193,2193.0_1.0.png,2193,640,640,7,1,train,positive_annotated
1692,1692.0_1.0.png,1692,640,640,8,1,train,positive_annotated
379,379.0_1.0.png,311,640,640,7,1,train,positive_annotated
2249,2249.0_1.0.png,2249,640,640,2,1,train,positive_annotated
1328,1328.0_1.0.png,1328,640,640,14,1,train,positive_annotated
29,29.0_1.0.png,212,640,640,22,1,train,positive_annotated
1713,1713.0_1.0.png,1713,640,640,7,1,train,positive_annotated
1360,1360.0_1.0.png,1360,640,640,20,1,train,positive_annotated
1807,1807.0_1.0.png,1807,640,640,16,1,train,positive_annotated
901,901.0_1.0.png,1154,640,640,12,1,train,positive_annotated
1068,1068.0_1.0.png,696,640,640,15,1,train,positive_annotated
2372,2372.0_1.0.png,2372,640,640,15,1,train,positive_annotated
185,185.0_1.0.png,96,640,640,26,1,train,positive_annotated
2374,2374.0_1.0.png,2374,640,640,28,1,train,positive_annotated
1339,1339.0_1.0.png,1339,640,640,29,1,train,positive_annotated
1715,1715.0_1.0.png,1715,640,640,20,1,train,positive_annotated
1400,1400.0_1.0.png,1400,640,640,45,1,train,positive_annotated
1909,1909.0_1.0.png,1909,640,640,14,1,train,positive_annotated
1026,1026.0_1.0.png,654,640,640,14,1,train,positive_annotated
552,552.0_1.0.png,504,640,640,3,1,train,positive_annotated
1077,1077.0_1.0.png,705,640,640,19,1,train,positive_annotated
1228,1228.0_1.0.png,856,640,640,29,1,train,positive_annotated
1160,1160.0_1.0.png,788,640,640,6,1,train,positive_annotated
661,661.0_1.0.png,914,640,640,22,1,train,positive_annotated
852,852.0_1.0.png,1105,640,640,29,1,train,positive_annotated
743,743.0_1.0.png,996,640,640,12,1,train,positive_annotated
256,256.0_1.0.png,175,640,640,8,1,train,positive_annotated
826,826.0_1.0.png,1079,640,640,7,1,train,positive_annotated
2491,2491.0_1.0.png,2491,640,640,20,1,train,positive_annotated
2230,2230.0_1.0.png,2230,640,640,5,1,train,positive_annotated
1295,1295.0_1.0.png,1295,640,640,8,1,train,positive_annotated
2295,2295.0_1.0.png,2295,640,640,7,1,train,positive_annotated
1951,1951.0_1.0.png,1951,640,640,16,1,train,positive_annotated
2344,2344.0_1.0.png,2344,640,640,5,1,train,positive_annotated
1057,1057.0_1.0.png,685,640,640,8,1,train,positive_annotated
1351,1351.0_1.0.png,1351,640,640,10,1,train,positive_annotated
1195,1195.0_1.0.png,823,640,640,22,1,train,positive_annotated
118,118.0_1.0.png,22,640,640,30,1,train,positive_annotated
2108,2108.0_1.0.png,2108,640,640,5,1,train,positive_annotated
637,637.0_1.0.png,890,640,640,14,1,train,positive_annotated
1307,1307.0_1.0.png,1307,640,640,9,1,train,positive_annotated
1314,1314.0_1.0.png,1314,640,640,16,1,train,positive_annotated
1768,1768.0_1.0.png,1768,640,640,17,1,train,positive_annotated
1679,1679.0_1.0.png,1679,640,640,17,1,train,positive_annotated
1662,1662.0_1.0.png,1662,640,640,24,1,train,positive_annotated
1002,1002.0_1.0.png,630,640,640,13,1,train,positive_annotated
1070,1070.0_1.0.png,698,640,640,1,1,train,positive_annotated
1177,1177.0_1.0.png,805,640,640,6,1,train,positive_annotated
1842,1842.0_1.0.png,1842,640,640,14,1,train,positive_annotated
1871,1871.0_1.0.png,1871,640,640,8,1,train,positive_annotated
1978,1978.0_1.0.png,1978,640,640,10,1,train,positive_annotated
995,995.0_1.0.png,1246,640,640,4,1,train,positive_annotated
157,157.0_1.0.png,65,640,640,11,1,train,positive_annotated
2449,2449.0_1.0.png,2449,640,640,4,1,train,positive_annotated
2097,2097.0_1.0.png,2097,640,640,19,1,train,positive_annotated
960,0960_1.png,626,640,640,14,1,train,positive_annotated
1767,1767.0_1.0.png,1767,640,640,33,1,train,positive_annotated
1570,1570.0_1.0.png,1570,640,640,43,1,train,positive_annotated
830,830.0_1.0.png,1083,640,640,28,1,train,positive_annotated
811,811.0_1.0.png,1064,640,640,9,1,train,positive_annotated
513,513.0_1.0.png,461,640,640,2,1,train,positive_annotated
290,290.0_1.0.png,213,640,640,25,1,train,positive_annotated
82,82.0_1.0.png,607,640,640,8,1,train,positive_annotated
2270,2270.0_1.0.png,2270,640,640,14,1,train,positive_annotated
500,500.0_1.0.png,447,640,640,6,1,train,positive_annotated
439,439.0_1.0.png,378,640,640,2,1,train,positive_annotated
1962,1962.0_1.0.png,1962,640,640,19,1,train,positive_annotated
193,193.0_1.0.png,105,640,640,14,1,train,positive_annotated
1171,1171.0_1.0.png,799,640,640,25,1,train,positive_annotated
2335,2335.0_1.0.png,2335,640,640,23,1,train,positive_annotated
1913,1913.0_1.0.png,1913,640,640,20,1,train,positive_annotated
2065,2065.0_1.0.png,2065,640,640,17,1,train,positive_annotated
1881,1881.0_1.0.png,1881,640,640,3,1,train,positive_annotated
670,670.0_1.0.png,923,640,640,16,1,train,positive_annotated
68,68.0_1.0.png,591,640,640,14,1,train,positive_annotated
1444,1444.0_1.0.png,1444,640,640,22,1,train,positive_annotated
983,983.0_1.0.png,1235,640,640,16,1,train,positive_annotated
2038,2038.0_1.0.png,2038,640,640,9,1,train,positive_annotated
238,238.0_1.0.png,155,640,640,9,1,train,positive_annotated
306,306.0_1.0.png,231,640,640,5,1,train,positive_annotated
1721,1721.0_1.0.png,1721,640,640,14,1,train,positive_annotated
1550,1550.0_1.0.png,1550,640,640,20,1,train,positive_annotated
37,37.0_1.0.png,301,640,640,11,1,train,positive_annotated
2070,2070.0_1.0.png,2070,640,640,16,1,train,positive_annotated
749,749.0_1.0.png,1002,640,640,9,1,train,positive_annotated
2381,2381.0_1.0.png,2381,640,640,21,1,train,positive_annotated
1975,1975.0_1.0.png,1975,640,640,17,1,train,positive_annotated
1101,1101.0_1.0.png,729,640,640,30,1,train,positive_annotated
1750,1750.0_1.0.png,1750,640,640,9,1,train,positive_annotated
2146,2146.0_1.0.png,2146,640,640,8,1,train,positive_annotated
837,837.0_1.0.png,1090,640,640,18,1,train,positive_annotated
210,210.0_1.0.png,125,640,640,18,1,train,positive_annotated
1036,1036.0_1.0.png,664,640,640,33,1,train,positive_annotated
515,515.0_1.0.png,463,640,640,10,1,train,positive_annotated
1581,1581.0_1.0.png,1581,640,640,23,1,train,positive_annotated
765,765.0_1.0.png,1018,640,640,2,1,train,positive_annotated
863,863.0_1.0.png,1116,640,640,48,1,train,positive_annotated
2382,2382.0_1.0.png,2382,640,640,13,1,train,positive_annotated
2185,2185.0_1.0.png,2185,640,640,5,1,train,positive_annotated
822,822.0_1.0.png,1075,640,640,26,1,train,positive_annotated
2250,2250.0_1.0.png,2250,640,640,14,1,train,positive_annotated
1561,1561.0_1.0.png,1561,640,640,29,1,train,positive_annotated
464,464.0_1.0.png,406,640,640,13,1,train,positive_annotated
1229,1229.0_1.0.png,857,640,640,9,1,train,positive_annotated
1689,1689.0_1.0.png,1689,640,640,25,1,train,positive_annotated
1835,1835.0_1.0.png,1835,640,640,17,1,train,positive_annotated
1697,1697.0_1.0.png,1697,640,640,6,1,train,positive_annotated
932,932.0_1.0.png,1185,640,640,9,1,train,positive_annotated
2045,2045.0_1.0.png,2045,640,640,17,1,train,positive_annotated
696,696.0_1.0.png,949,640,640,5,1,train,positive_annotated
126,126.0_1.0.png,31,640,640,42,1,train,positive_annotated
469,469.0_1.0.png,411,640,640,7,1,train,positive_annotated
2443,2443.0_1.0.png,2443,640,640,16,1,train,positive_annotated
1810,1810.0_1.0.png,1810,640,640,22,1,train,positive_annotated
1093,1093.0_1.0.png,721,640,640,17,1,train,positive_annotated
680,680.0_1.0.png,933,640,640,13,1,train,positive_annotated
2447,2447.0_1.0.png,2447,640,640,7,1,train,positive_annotated
96,96.0_1.0.png,622,640,640,7,1,train,positive_annotated
958,958.0_1.0.png,1211,640,640,3,1,train,positive_annotated
2077,2077.0_1.0.png,2077,640,640,8,1,train,positive_annotated
2446,2446.0_1.0.png,2446,640,640,15,1,train,positive_annotated
855,855.0_1.0.png,1108,640,640,46,1,train,positive_annotated
559,559.0_1.0.png,511,640,640,5,1,train,positive_annotated
1424,1424.0_1.0.png,1424,640,640,14,1,train,positive_annotated
1476,1476.0_1.0.png,1476,640,640,25,1,train,positive_annotated
1815,1815.0_1.0.png,1815,640,640,11,1,train,positive_annotated
12,12.0_1.0.png,24,640,640,16,1,train,positive_annotated
441,441.0_1.0.png,381,640,640,7,1,train,positive_annotated
313,313.0_1.0.png,239,640,640,17,1,train,positive_annotated
2439,2439.0_1.0.png,2439,640,640,9,1,train,positive_annotated
1196,1196.0_1.0.png,824,640,640,14,1,train,positive_annotated
1333,1333.0_1.0.png,1333,640,640,21,1,train,positive_annotated
1604,1604.0_1.0.png,1604,640,640,5,1,train,positive_annotated
1781,1781.0_1.0.png,1781,640,640,7,1,train,positive_annotated
2337,2337.0_1.0.png,2337,640,640,14,1,train,positive_annotated
2336,2336.0_1.0.png,2336,640,640,7,1,train,positive_annotated
1614,1614.0_1.0.png,1614,640,640,37,1,train,positive_annotated
784,784.0_1.0.png,1037,640,640,10,1,train,positive_annotated
2228,2228.0_1.0.png,2228,640,640,12,1,train,positive_annotated
1747,1747.0_1.0.png,1747,640,640,13,1,train,positive_annotated
2424,2424.0_1.0.png,2424,640,640,10,1,train,positive_annotated
2410,2410.0_1.0.png,2410,640,640,12,1,train,positive_annotated
783,783.0_1.0.png,1036,640,640,8,1,train,positive_annotated
1878,1878.0_1.0.png,1878,640,640,12,1,train,positive_annotated
961,961.0_1.0.png,1213,640,640,13,1,train,positive_annotated
1669,1669.0_1.0.png,1669,640,640,11,1,train,positive_annotated
174,174.0_1.0.png,84,640,640,5,1,train,positive_annotated
1007,1007.0_1.0.png,635,640,640,8,1,train,positive_annotated
2150,2150.0_1.0.png,2150,640,640,22,1,train,positive_annotated
282,282.0_1.0.png,204,640,640,14,1,train,positive_annotated
375,375.0_1.0.png,307,640,640,6,1,train,positive_annotated
2426,2426.0_1.0.png,2426,640,640,6,1,train,positive_annotated
1168,1168.0_1.0.png,796,640,640,15,1,train,positive_annotated
579,579.0_1.0.png,533,640,640,7,1,train,positive_annotated
1503,1503.0_1.0.png,1503,640,640,17,1,train,positive_annotated
1141,1141.0_1.0.png,769,640,640,9,1,train,positive_annotated
871,871.0_1.0.png,1124,640,640,15,1,train,positive_annotated
2343,2343.0_1.0.png,2343,640,640,2,1,train,positive_annotated
497,497.0_1.0.png,442,640,640,9,1,train,positive_annotated
2078,2078.0_1.0.png,2078,640,640,2,1,train,positive_annotated
864,864.0_1.0.png,1117,640,640,26,1,train,positive_annotated
1391,1391.0_1.0.png,1391,640,640,19,1,train,positive_annotated
1345,1345.0_1.0.png,1345,640,640,35,1,train,positive_annotated
2008,2008.0_1.0.png,2008,640,640,5,1,train,positive_annotated
1259,1259.0_1.0.png,1259,640,640,32,1,train,positive_annotated
585,585.0_1.0.png,540,640,640,11,1,train,positive_annotated
23,23.0_1.0.png,146,640,640,5,1,train,positive_annotated
398,398.0_1.0.png,332,640,640,14,1,train,positive_annotated
2487,2487.0_1.0.png,2487,640,640,5,1,train,positive_annotated
1425,1425.0_1.0.png,1425,640,640,6,1,train,positive_annotated
1462,1462.0_1.0.png,1462,640,640,11,1,train,positive_annotated
1820,1820.0_1.0.png,1820,640,640,16,1,train,positive_annotated
616,616.0_1.0.png,575,640,640,5,1,train,positive_annotated
381,381.0_1.0.png,314,640,640,10,1,train,positive_annotated
486,486.0_1.0.png,430,640,640,18,1,train,positive_annotated
533,533.0_1.0.png,483,640,640,8,1,train,positive_annotated
239,239.0_1.0.png,156,640,640,8,1,train,positive_annotated
1025,1025.0_1.0.png,653,640,640,15,1,train,positive_annotated
1370,1370.0_1.0.png,1370,640,640,9,1,train,positive_annotated
2176,2176.0_1.0.png,2176,640,640,35,1,train,positive_annotated
1137,1137.0_1.0.png,765,640,640,8,1,train,positive_annotated
1081,1081.0_1.0.png,709,640,640,7,1,train,positive_annotated
1973,1973.0_1.0.png,1973,640,640,16,1,train,positive_annotated
101,101.0_1.0.png,4,640,640,7,1,train,positive_annotated
1134,1134.0_1.0.png,762,640,640,8,1,train,positive_annotated
1201,1201.0_1.0.png,829,640,640,28,1,train,positive_annotated
1223,1223.0_1.0.png,851,640,640,3,1,train,positive_annotated
2162,2162.0_1.0.png,2162,640,640,13,1,train,positive_annotated
1457,1457.0_1.0.png,1457,640,640,25,1,train,positive_annotated
790,790.0_1.0.png,1043,640,640,13,1,train,positive_annotated
1243,1243.0_1.0.png,871,640,640,5,1,train,positive_annotated
1121,1121.0_1.0.png,749,640,640,8,1,train,positive_annotated
1622,1622.0_1.0.png,1622,640,640,23,1,train,positive_annotated
1870,1870.0_1.0.png,1870,640,640,21,1,train,positive_annotated
167,167.0_1.0.png,76,640,640,1,1,train,positive_annotated
1230,1230.0_1.0.png,858,640,640,11,1,train,positive_annotated
270,270.0_1.0.png,191,640,640,8,1,train,positive_annotated
2499,2499.0_1.0.png,2499,640,640,21,1,train,positive_annotated
896,896.0_1.0.png,1149,640,640,17,1,train,positive_annotated
653,653.0_1.0.png,906,640,640,10,1,train,positive_annotated
1635,1635.0_1.0.png,1635,640,640,7,1,train,positive_annotated
797,797.0_1.0.png,1050,640,640,7,1,train,positive_annotated
1354,1354.0_1.0.png,1354,640,640,34,1,train,positive_annotated
1443,1443.0_1.0.png,1443,640,640,17,1,train,positive_annotated
1008,1008.0_1.0.png,636,640,640,4,1,train,positive_annotated
1407,1407.0_1.0.png,1407,640,640,2,1,train,positive_annotated
548,548.0_1.0.png,499,640,640,25,1,train,positive_annotated
1809,1809.0_1.0.png,1809,640,640,30,1,train,positive_annotated
626,626.0_1.0.png,879,640,640,8,1,train,positive_annotated
1278,1278.0_1.0.png,1278,640,640,11,1,train,positive_annotated
2406,2406.0_1.0.png,2406,640,640,13,1,train,positive_annotated
1255,1255.0_1.0.png,1255,640,640,10,1,train,positive_annotated
908,908.0_1.0.png,1161,640,640,4,1,train,positive_annotated
1974,1974.0_1.0.png,1974,640,640,10,1,train,positive_annotated
576,576.0_1.0.png,530,640,640,17,1,train,positive_annotated
715,715.0_1.0.png,968,640,640,4,1,train,positive_annotated
2022,2022.0_1.0.png,2022,640,640,1,1,train,positive_annotated
1852,1852.0_1.0.png,1852,640,640,37,1,train,positive_annotated
1138,1138.0_1.0.png,766,640,640,17,1,train,positive_annotated
2113,2113.0_1.0.png,2113,640,640,3,1,train,positive_annotated
1288,1288.0_1.0.png,1288,640,640,8,1,train,positive_annotated
897,897.0_1.0.png,1150,640,640,13,1,train,positive_annotated
128,128.0_1.0.png,33,640,640,15,1,train,positive_annotated
1667,1667.0_1.0.png,1667,640,640,41,1,train,positive_annotated
839,839.0_1.0.png,1092,640,640,8,1,train,positive_annotated
2303,2303.0_1.0.png,2303,640,640,8,1,train,positive_annotated
1212,1212.0_1.0.png,840,640,640,2,1,train,positive_annotated
1812,1812.0_1.0.png,1812,640,640,8,1,train,positive_annotated
2015,2015.0_1.0.png,2015,640,640,7,1,train,positive_annotated
938,938.0_1.0.png,1191,640,640,26,1,train,positive_annotated
131,131.0_1.0.png,37,640,640,10,1,train,positive_annotated
742,742.0_1.0.png,995,640,640,15,1,train,positive_annotated
2267,2267.0_1.0.png,2267,640,640,5,1,train,positive_annotated
2197,2197.0_1.0.png,2197,640,640,13,1,train,positive_annotated
2442,2442.0_1.0.png,2442,640,640,3,1,train,positive_annotated
717,717.0_1.0.png,970,640,640,2,1,train,positive_annotated
411,411.0_1.0.png,348,640,640,2,1,train,positive_annotated
294,294.0_1.0.png,217,640,640,11,1,train,positive_annotated
741,741.0_1.0.png,994,640,640,15,1,train,positive_annotated
1058,1058.0_1.0.png,686,640,640,12,1,train,positive_annotated
929,929.0_1.0.png,1182,640,640,21,1,train,positive_annotated
977,977.0_1.0.png,1229,640,640,8,1,train,positive_annotated
49,49.0_1.0.png,434,640,640,8,1,train,positive_annotated
1529,1529.0_1.0.png,1529,640,640,4,1,train,positive_annotated
994,994.0_1.0.png,1245,640,640,21,1,train,positive_annotated
1116,1116.0_1.0.png,744,640,640,16,1,train,positive_annotated
987,987.0_1.0.png,1239,640,640,24,1,train,positive_annotated
876,876.0_1.0.png,1129,640,640,14,1,train,positive_annotated
1362,1362.0_1.0.png,1362,640,640,13,1,train,positive_annotated
1262,1262.0_1.0.png,1262,640,640,7,1,train,positive_annotated
5,5.0_1.0.png,445,640,640,9,1,train,positive_annotated
2367,2367.0_1.0.png,2367,640,640,4,1,train,positive_annotated
1129,1129.0_1.0.png,757,640,640,29,1,train,positive_annotated
1776,1776.0_1.0.png,1776,640,640,12,1,train,positive_annotated
2325,2325.0_1.0.png,2325,640,640,9,1,train,positive_annotated
289,289.0_1.0.png,211,640,640,7,1,train,positive_annotated
2144,2144.0_1.0.png,2144,640,640,2,1,train,positive_annotated
691,691.0_1.0.png,944,640,640,16,1,train,positive_annotated
499,499.0_1.0.png,444,640,640,6,1,train,positive_annotated
1128,1128.0_1.0.png,756,640,640,16,1,train,positive_annotated
1208,1208.0_1.0.png,836,640,640,8,1,train,positive_annotated
2467,2467.0_1.0.png,2467,640,640,5,1,train,positive_annotated
945,945.0_1.0.png,1198,640,640,10,1,train,positive_annotated
773,773.0_1.0.png,1026,640,640,9,1,train,positive_annotated
1910,1910.0_1.0.png,1910,640,640,21,1,train,positive_annotated
338,338.0_1.0.png,266,640,640,11,1,train,positive_annotated
1521,1521.0_1.0.png,1521,640,640,12,1,train,positive_annotated
2130,2130.0_1.0.png,2130,640,640,8,1,train,positive_annotated
349,349.0_1.0.png,278,640,640,4,1,train,positive_annotated
163,163.0_1.0.png,72,640,640,5,1,train,positive_annotated
1286,1286.0_1.0.png,1286,640,640,2,1,train,positive_annotated
1355,1355.0_1.0.png,1355,640,640,18,1,train,positive_annotated
643,643.0_1.0.png,896,640,640,3,1,train,positive_annotated
1916,1916.0_1.0.png,1916,640,640,4,1,train,positive_annotated
1879,1879.0_1.0.png,1879,640,640,24,1,train,positive_annotated
54,54.0_1.0.png,490,640,640,6,1,train,positive_annotated
2122,2122.0_1.0.png,2122,640,640,31,1,train,positive_annotated
820,820.0_1.0.png,1073,640,640,31,1,train,positive_annotated
2029,2029.0_1.0.png,2029,640,640,5,1,train,positive_annotated
941,941.0_1.0.png,1194,640,640,16,1,train,positive_annotated
1534,1534.0_1.0.png,1534,640,640,7,1,train,positive_annotated
1251,1251.0_1.0.png,1251,640,640,19,1,train,positive_annotated
1306,1306.0_1.0.png,1306,640,640,11,1,train,positive_annotated
530,530.0_1.0.png,480,640,640,6,1,train,positive_annotated
1095,1095.0_1.0.png,723,640,640,14,1,train,positive_annotated
739,739.0_1.0.png,992,640,640,10,1,train,positive_annotated
446,446.0_1.0.png,386,640,640,7,1,train,positive_annotated
575,575.0_1.0.png,529,640,640,13,1,train,positive_annotated
2190,2190.0_1.0.png,2190,640,640,16,1,train,positive_annotated
358,358.0_1.0.png,288,640,640,10,1,train,positive_annotated
20,20.0_1.0.png,113,640,640,20,1,train,positive_annotated
777,777.0_1.0.png,1030,640,640,16,1,train,positive_annotated
36,36.0_1.0.png,290,640,640,8,1,train,positive_annotated
2055,2055.0_1.0.png,2055,640,640,27,1,train,positive_annotated
1015,1015.0_1.0.png,643,640,640,37,1,train,positive_annotated
2361,2361.0_1.0.png,2361,640,640,12,1,train,positive_annotated
934,934.0_1.0.png,1187,640,640,20,1,train,positive_annotated
589,589.0_1.0.png,544,640,640,10,1,train,positive_annotated
455,455.0_1.0.png,396,640,640,4,1,train,positive_annotated
1037,1037.0_1.0.png,665,640,640,7,1,train,positive_annotated
2047,2047.0_1.0.png,2047,640,640,2,1,train,positive_annotated
2101,2101.0_1.0.png,2101,640,640,1,1,train,positive_annotated
602,602.0_1.0.png,560,640,640,5,1,train,positive_annotated
861,861.0_1.0.png,1114,640,640,10,1,train,positive_annotated
1898,1898.0_1.0.png,1898,640,640,22,1,train,positive_annotated
2441,2441.0_1.0.png,2441,640,640,9,1,train,positive_annotated
1192,1192.0_1.0.png,820,640,640,9,1,train,positive_annotated
1341,1341.0_1.0.png,1341,640,640,22,1,train,positive_annotated
269,269.0_1.0.png,189,640,640,10,1,train,positive_annotated
2040,2040.0_1.0.png,2040,640,640,13,1,train,positive_annotated
1579,1579.0_1.0.png,1579,640,640,11,1,train,positive_annotated
1264,1264.0_1.0.png,1264,640,640,5,1,train,positive_annotated
888,888.0_1.0.png,1141,640,640,18,1,train,positive_annotated
1572,1572.0_1.0.png,1572,640,640,19,1,train,positive_annotated
550,550.0_1.0.png,502,640,640,9,1,train,positive_annotated
168,168.0_1.0.png,77,640,640,10,1,train,positive_annotated
1850,1850.0_1.0.png,1850,640,640,21,1,train,positive_annotated
1085,1085.0_1.0.png,713,640,640,15,1,train,positive_annotated
1877,1877.0_1.0.png,1877,640,640,7,1,train,positive_annotated
963,963.0_1.0.png,1215,640,640,13,1,train,positive_annotated
1461,1461.0_1.0.png,1461,640,640,15,1,train,positive_annotated
707,707.0_1.0.png,960,640,640,38,1,train,positive_annotated
2020,2020.0_1.0.png,2020,640,640,16,1,train,positive_annotated
778,778.0_1.0.png,1031,640,640,9,1,train,positive_annotated
2398,2398.0_1.0.png,2398,640,640,2,1,train,positive_annotated
2380,2380.0_1.0.png,2380,640,640,10,1,train,positive_annotated
638,638.0_1.0.png,891,640,640,10,1,train,positive_annotated
634,634.0_1.0.png,887,640,640,19,1,train,positive_annotated
1958,1958.0_1.0.png,1958,640,640,19,1,train,positive_annotated
2021,2021.0_1.0.png,2021,640,640,15,1,train,positive_annotated
18,18.0_1.0.png,90,640,640,14,1,train,positive_annotated
139,139.0_1.0.png,45,640,640,10,1,train,positive_annotated
1501,1501.0_1.0.png,1501,640,640,5,1,train,positive_annotated
1427,1427.0_1.0.png,1427,640,640,5,1,train,positive_annotated
2479,2479.0_1.0.png,2479,640,640,10,1,train,positive_annotated
1047,1047.0_1.0.png,675,640,640,6,1,train,positive_annotated
1104,1104.0_1.0.png,732,640,640,8,1,train,positive_annotated
277,277.0_1.0.png,198,640,640,9,1,train,positive_annotated
208,208.0_1.0.png,122,640,640,15,1,train,positive_annotated
1276,1276.0_1.0.png,1276,640,640,5,1,train,positive_annotated
1117,1117.0_1.0.png,745,640,640,5,1,train,positive_annotated
793,793.0_1.0.png,1046,640,640,32,1,train,positive_annotated
2360,2360.0_1.0.png,2360,640,640,13,1,train,positive_annotated
682,682.0_1.0.png,935,640,640,16,1,train,positive_annotated
198,198.0_1.0.png,110,640,640,5,1,train,positive_annotated
334,334.0_1.0.png,262,640,640,2,1,train,positive_annotated
557,557.0_1.0.png,509,640,640,8,1,train,positive_annotated
1528,1528.0_1.0.png,1528,640,640,8,1,train,positive_annotated
307,307.0_1.0.png,232,640,640,7,1,train,positive_annotated
2277,2277.0_1.0.png,2277,640,640,15,1,train,positive_annotated
2354,2354.0_1.0.png,2354,640,640,2,1,train,positive_annotated
2128,2128.0_1.0.png,2128,640,640,23,1,train,positive_annotated
2241,2241.0_1.0.png,2241,640,640,4,1,train,positive_annotated
581,581.0_1.0.png,536,640,640,6,1,train,positive_annotated
1555,1555.0_1.0.png,1555,640,640,5,1,train,positive_annotated
1200,1200.0_1.0.png,828,640,640,12,1,train,positive_annotated
536,536.0_1.0.png,486,640,640,4,1,train,positive_annotated
172,172.0_1.0.png,82,640,640,8,1,train,positive_annotated
1387,1387.0_1.0.png,1387,640,640,5,1,train,positive_annotated
1337,1337.0_1.0.png,1337,640,640,8,1,train,positive_annotated
17,17.0_1.0.png,79,640,640,4,1,train,positive_annotated
1708,1708.0_1.0.png,1708,640,640,11,1,train,positive_annotated
1203,1203.0_1.0.png,831,640,640,29,1,train,positive_annotated
2482,2482.0_1.0.png,2482,640,640,7,1,train,positive_annotated
611,611.0_1.0.png,570,640,640,1,1,train,positive_annotated
1712,1712.0_1.0.png,1712,640,640,17,1,train,positive_annotated
744,744.0_1.0.png,997,640,640,6,1,train,positive_annotated
2220,2220.0_1.0.png,2220,640,640,1,1,train,positive_annotated
2060,2060.0_1.0.png,2060,640,640,4,1,train,positive_annotated
1145,1145.0_1.0.png,773,640,640,28,1,train,positive_annotated
2278,2278.0_1.0.png,2278,640,640,8,1,train,positive_annotated
1676,1676.0_1.0.png,1676,640,640,5,1,train,positive_annotated
1083,1083_1.png,711,640,640,18,1,train,positive_annotated
2429,2429.0_1.0.png,2429,640,640,8,1,train,positive_annotated
311,311.0_1.0.png,237,640,640,4,1,train,positive_annotated
1817,1817.0_1.0.png,1817,640,640,8,1,train,positive_annotated
904,904.0_1.0.png,1157,640,640,28,1,train,positive_annotated
2222,2222.0_1.0.png,2222,640,640,8,1,train,positive_annotated
247,247.0_1.0.png,165,640,640,10,1,train,positive_annotated
27,27.0_1.0.png,190,640,640,3,1,train,positive_annotated
2356,2356.0_1.0.png,2356,640,640,11,1,train,positive_annotated
2003,2003.0_1.0.png,2003,640,640,3,1,train,positive_annotated
493,493.0_1.0.png,438,640,640,13,1,train,positive_annotated
2465,2465.0_1.0.png,2465,640,640,20,1,train,positive_annotated
1546,1546.0_1.0.png,1546,640,640,5,1,train,positive_annotated
251,251.0_1.0.png,170,640,640,8,1,train,positive_annotated
38,38.0_1.0.png,312,640,640,5,1,train,positive_annotated
1884,1884.0_1.0.png,1884,640,640,6,1,train,positive_annotated
851,851.0_1.0.png,1104,640,640,3,1,train,positive_annotated
1174,1174.0_1.0.png,802,640,640,27,1,train,positive_annotated
1559,1559.0_1.0.png,1559,640,640,2,1,train,positive_annotated
529,529.0_1.0.png,478,640,640,9,1,train,positive_annotated
2118,2118.0_1.0.png,2118,640,640,7,1,train,positive_annotated
1078,1078.0_1.0.png,706,640,640,12,1,train,positive_annotated
2478,2478.0_1.0.png,2478,640,640,19,1,train,positive_annotated
781,781.0_1.0.png,1034,640,640,10,1,train,positive_annotated
1185,1185.0_1.0.png,813,640,640,18,1,train,positive_annotated
722,722.0_1.0.png,975,640,640,31,1,train,positive_annotated
2317,2317.0_1.0.png,2317,640,640,9,1,train,positive_annotated
1361,1361.0_1.0.png,1361,640,640,33,1,train,positive_annotated
1298,1298.0_1.0.png,1298,640,640,10,1,train,positive_annotated
1578,1578.0_1.0.png,1578,640,640,14,1,train,positive_annotated
2235,2235.0_1.0.png,2235,640,640,16,1,train,positive_annotated
1700,1700.0_1.0.png,1700,640,640,28,1,train,positive_annotated
2152,2152.0_1.0.png,2152,640,640,8,1,train,positive_annotated
2266,2266.0_1.0.png,2266,640,640,11,1,train,positive_annotated
1448,1448.0_1.0.png,1448,640,640,10,1,train,positive_annotated
2392,2392.0_1.0.png,2392,640,640,10,1,train,positive_annotated
907,907.0_1.0.png,1160,640,640,20,1,train,positive_annotated
1785,1785.0_1.0.png,1785,640,640,7,1,train,positive_annotated
175,175.0_1.0.png,85,640,640,1,1,train,positive_annotated
1897,1897.0_1.0.png,1897,640,640,5,1,train,positive_annotated
1080,1080.0_1.0.png,708,640,640,12,1,train,positive_annotated
1940,1940.0_1.0.png,1940,640,640,16,1,train,positive_annotated
1326,1326.0_1.0.png,1326,640,640,10,1,train,positive_annotated
928,928.0_1.0.png,1181,640,640,7,1,train,positive_annotated
1926,1926.0_1.0.png,1926,640,640,3,1,train,positive_annotated
2430,2430.0_1.0.png,2430,640,640,13,1,train,positive_annotated
988,0988_1.png,627,640,640,11,1,train,positive_annotated
2132,2132.0_1.0.png,2132,640,640,10,1,train,positive_annotated
1028,1028.0_1.0.png,656,640,640,12,1,train,positive_annotated
2095,2095.0_1.0.png,2095,640,640,14,1,train,positive_annotated
166,166.0_1.0.png,75,640,640,8,1,train,positive_annotated
107,107.0_1.0.png,10,640,640,22,1,train,positive_annotated
2359,2359.0_1.0.png,2359,640,640,6,1,train,positive_annotated
571,571.0_1.0.png,525,640,640,1,1,train,positive_annotated
1272,1272.0_1.0.png,1272,640,640,28,1,train,positive_annotated
1396,1396.0_1.0.png,1396,640,640,10,1,train,positive_annotated
2471,2471.0_1.0.png,2471,640,640,4,1,train,positive_annotated
2084,2084.0_1.0.png,2084,640,640,8,1,train,positive_annotated
113,113.0_1.0.png,17,640,640,22,1,train,positive_annotated
1609,1609.0_1.0.png,1609,640,640,5,1,train,positive_annotated
1607,1607.0_1.0.png,1607,640,640,36,1,train,positive_annotated
2212,2212.0_1.0.png,2212,640,640,11,1,train,positive_annotated
1834,1834.0_1.0.png,1834,640,640,11,1,train,positive_annotated
660,660.0_1.0.png,913,640,640,19,1,train,positive_annotated
709,709.0_1.0.png,962,640,640,30,1,train,positive_annotated
2156,2156.0_1.0.png,2156,640,640,22,1,train,positive_annotated
1889,1889.0_1.0.png,1889,640,640,6,1,train,positive_annotated
1281,1281.0_1.0.png,1281,640,640,15,1,train,positive_annotated
58,58.0_1.0.png,534,640,640,8,1,train,positive_annotated
165,165.0_1.0.png,74,640,640,7,1,train,positive_annotated
451,451.0_1.0.png,392,640,640,7,1,train,positive_annotated
1293,1293.0_1.0.png,1293,640,640,24,1,train,positive_annotated
229,229.0_1.0.png,145,640,640,5,1,train,positive_annotated
2434,2434.0_1.0.png,2434,640,640,8,1,train,positive_annotated
1873,1873.0_1.0.png,1873,640,640,8,1,train,positive_annotated
1258,1258.0_1.0.png,1258,640,640,23,1,train,positive_annotated
1403,1403.0_1.0.png,1403,640,640,19,1,train,positive_annotated
9,9.0_1.0.png,615,640,640,3,1,train,positive_annotated
1140,1140.0_1.0.png,768,640,640,12,1,train,positive_annotated
2273,2273.0_1.0.png,2273,640,640,8,1,train,positive_annotated
2375,2375.0_1.0.png,2375,640,640,6,1,train,positive_annotated
1190,1190.0_1.0.png,818,640,640,14,1,train,positive_annotated
510,510.0_1.0.png,458,640,640,10,1,train,positive_annotated
1866,1866.0_1.0.png,1866,640,640,22,1,train,positive_annotated
278,278.0_1.0.png,199,640,640,14,1,train,positive_annotated
1478,1478.0_1.0.png,1478,640,640,25,1,train,positive_annotated
991,991.0_1.0.png,1242,640,640,12,1,train,positive_annotated
2431,2431.0_1.0.png,2431,640,640,21,1,train,positive_annotated
705,705.0_1.0.png,958,640,640,17,1,train,positive_annotated
1988,1988.0_1.0.png,1988,640,640,19,1,train,positive_annotated
288,288.0_1.0.png,210,640,640,15,1,train,positive_annotated
1819,1819.0_1.0.png,1819,640,640,22,1,train,positive_annotated
1602,1602.0_1.0.png,1602,640,640,22,1,train,positive_annotated
2186,2186.0_1.0.png,2186,640,640,15,1,train,positive_annotated
2006,2006.0_1.0.png,2006,640,640,1,1,train,positive_annotated
723,723.0_1.0.png,976,640,640,10,1,train,positive_annotated
2362,2362.0_1.0.png,2362,640,640,10,1,train,positive_annotated
2174,2174.0_1.0.png,2174,640,640,21,1,train,positive_annotated
549,549.0_1.0.png,500,640,640,2,1,train,positive_annotated
2049,2049.0_1.0.png,2049,640,640,4,1,train,positive_annotated
1931,1931.0_1.0.png,1931,640,640,12,1,train,positive_annotated
160,160.0_1.0.png,69,640,640,16,1,train,positive_annotated
1707,1707.0_1.0.png,1707,640,640,14,1,train,positive_annotated
2207,2207.0_1.0.png,2207,640,640,10,1,train,positive_annotated
1525,1525.0_1.0.png,1525,640,640,23,1,train,positive_annotated
2445,2445.0_1.0.png,2445,640,640,1,1,train,positive_annotated
745,745.0_1.0.png,998,640,640,4,1,train,positive_annotated
1998,1998.0_1.0.png,1998,640,640,12,1,train,positive_annotated
204,204.0_1.0.png,118,640,640,10,1,train,positive_annotated
1285,1285.0_1.0.png,1285,640,640,3,1,train,positive_annotated
685,685.0_1.0.png,938,640,640,18,1,train,positive_annotated
2143,2143.0_1.0.png,2143,640,640,2,1,train,positive_annotated
219,219.0_1.0.png,134,640,640,10,1,train,positive_annotated
325,325.0_1.0.png,252,640,640,14,1,train,positive_annotated
869,869.0_1.0.png,1122,640,640,2,1,train,positive_annotated
448,448.0_1.0.png,388,640,640,7,1,train,positive_annotated
134,134.0_1.0.png,40,640,640,4,1,train,positive_annotated
224,224.0_1.0.png,140,640,640,10,1,train,positive_annotated
943,943.0_1.0.png,1196,640,640,8,1,train,positive_annotated
1603,1603.0_1.0.png,1603,640,640,11,1,train,positive_annotated
1930,1930.0_1.0.png,1930,640,640,3,1,train,positive_annotated
1888,1888.0_1.0.png,1888,640,640,11,1,train,positive_annotated
1902,1902.0_1.0.png,1902,640,640,6,1,train,positive_annotated
2428,2428.0_1.0.png,2428,640,640,14,1,train,positive_annotated
1291,1291.0_1.0.png,1291,640,640,15,1,train,positive_annotated
1849,1849.0_1.0.png,1849,640,640,10,1,train,positive_annotated
1959,1959.0_1.0.png,1959,640,640,16,1,train,positive_annotated
964,964.0_1.0.png,1216,640,640,30,1,train,positive_annotated
1770,1770.0_1.0.png,1770,640,640,22,1,train,positive_annotated
724,724.0_1.0.png,977,640,640,19,1,train,positive_annotated
2,2.0_1.0.png,112,640,640,10,1,train,positive_annotated
792,792.0_1.0.png,1045,640,640,28,1,train,positive_annotated
1822,1822.0_1.0.png,1822,640,640,16,1,train,positive_annotated
1439,1439.0_1.0.png,1439,640,640,16,1,train,positive_annotated
2450,2450.0_1.0.png,2450,640,640,9,1,train,positive_annotated
1693,1693.0_1.0.png,1693,640,640,16,1,train,positive_annotated
2061,2061.0_1.0.png,2061,640,640,20,1,train,positive_annotated
1273,1273.0_1.0.png,1273,640,640,17,1,train,positive_annotated
2493,2493.0_1.0.png,2493,640,640,14,1,train,positive_annotated
1816,1816.0_1.0.png,1816,640,640,20,1,train,positive_annotated
2223,2223.0_1.0.png,2223,640,640,2,1,train,positive_annotated
750,750.0_1.0.png,1003,640,640,5,1,train,positive_annotated
776,776.0_1.0.png,1029,640,640,5,1,train,positive_annotated
1404,1404.0_1.0.png,1404,640,640,28,1,train,positive_annotated
353,353.0_1.0.png,283,640,640,24,1,train,positive_annotated
733,733.0_1.0.png,986,640,640,21,1,train,positive_annotated
1598,1598.0_1.0.png,1598,640,640,2,1,train,positive_annotated
1648,1648.0_1.0.png,1648,640,640,6,1,train,positive_annotated
803,803.0_1.0.png,1056,640,640,4,1,train,positive_annotated
1430,1430.0_1.0.png,1430,640,640,1,1,train,positive_annotated
1968,1968.0_1.0.png,1968,640,640,4,1,train,positive_annotated
1096,1096.0_1.0.png,724,640,640,44,1,train,positive_annotated
1454,1454.0_1.0.png,1454,640,640,13,1,train,positive_annotated
1562,1562.0_1.0.png,1562,640,640,24,1,train,positive_annotated
1571,1571.0_1.0.png,1571,640,640,42,1,train,positive_annotated
1666,1666.0_1.0.png,1666,640,640,15,1,train,positive_annotated
2268,2268.0_1.0.png,2268,640,640,4,1,train,positive_annotated
1702,1702.0_1.0.png,1702,640,640,19,1,train,positive_annotated
1851,1851.0_1.0.png,1851,640,640,32,1,train,positive_annotated
1509,1509.0_1.0.png,1509,640,640,7,1,train,positive_annotated
2436,2436.0_1.0.png,2436,640,640,16,1,train,positive_annotated
2451,2451.0_1.0.png,2451,640,640,19,1,train,positive_annotated
1829,1829.0_1.0.png,1829,640,640,10,1,train,positive_annotated
1180,1180.0_1.0.png,808,640,640,19,1,train,positive_annotated
902,902.0_1.0.png,1155,640,640,14,1,train,positive_annotated
1778,1778.0_1.0.png,1778,640,640,15,1,train,positive_annotated
2024,2024.0_1.0.png,2024,640,640,3,1,train,positive_annotated
1917,1917.0_1.0.png,1917,640,640,35,1,train,positive_annotated
1323,1323.0_1.0.png,1323,640,640,7,1,train,positive_annotated
1188,1188.0_1.0.png,816,640,640,1,1,train,positive_annotated
605,605.0_1.0.png,563,640,640,13,1,train,positive_annotated
1869,1869.0_1.0.png,1869,640,640,19,1,train,positive_annotated
1957,1957.0_1.0.png,1957,640,640,14,1,train,positive_annotated
2136,2136.0_1.0.png,2136,640,640,2,1,train,positive_annotated
103,103.0_1.0.png,6,640,640,4,1,train,positive_annotated
1146,1146.0_1.0.png,774,640,640,2,1,train,positive_annotated
632,632.0_1.0.png,885,640,640,11,1,train,positive_annotated
973,973.0_1.0.png,1225,640,640,18,1,train,positive_annotated
1654,1654.0_1.0.png,1654,640,640,16,1,train,positive_annotated
2091,2091.0_1.0.png,2091,640,640,7,1,train,positive_annotated
1167,1167.0_1.0.png,795,640,640,7,1,train,positive_annotated
228,228.0_1.0.png,144,640,640,10,1,train,positive_annotated
436,436.0_1.0.png,375,640,640,6,1,train,positive_annotated
981,981.0_1.0.png,1233,640,640,8,1,train,positive_annotated
442,442.0_1.0.png,382,640,640,5,1,train,positive_annotated
2402,2402.0_1.0.png,2402,640,640,6,1,train,positive_annotated
1155,1155.0_1.0.png,783,640,640,4,1,train,positive_annotated
1655,1655.0_1.0.png,1655,640,640,3,1,train,positive_annotated
1084,1084.0_1.0.png,712,640,640,20,1,train,positive_annotated
1749,1749.0_1.0.png,1749,640,640,7,1,train,positive_annotated
2106,2106.0_1.0.png,2106,640,640,3,1,train,positive_annotated
2391,2391.0_1.0.png,2391,640,640,5,1,train,positive_annotated
911,911.0_1.0.png,1164,640,640,18,1,train,positive_annotated
1950,1950.0_1.0.png,1950,640,640,17,1,train,positive_annotated
564,564.0_1.0.png,517,640,640,22,1,train,positive_annotated
883,883.0_1.0.png,1136,640,640,23,1,train,positive_annotated
2071,2071.0_1.0.png,2071,640,640,7,1,train,positive_annotated
222,222.0_1.0.png,138,640,640,13,1,train,positive_annotated
2327,2327.0_1.0.png,2327,640,640,24,1,train,positive_annotated
2000,2000.0_1.0.png,2000,640,640,20,1,train,positive_annotated
421,421.0_1.0.png,359,640,640,11,1,train,positive_annotated
470,470.0_1.0.png,413,640,640,6,1,train,positive_annotated
1891,1891.0_1.0.png,1891,640,640,3,1,train,positive_annotated
435,435.0_1.0.png,374,640,640,6,1,train,positive_annotated
1695,1695.0_1.0.png,1695,640,640,10,1,train,positive_annotated
1302,1302.0_1.0.png,1302,640,640,15,1,train,positive_annotated
1665,1665.0_1.0.png,1665,640,640,5,1,train,positive_annotated
2254,2254.0_1.0.png,2254,640,640,14,1,train,positive_annotated
1290,1290.0_1.0.png,1290,640,640,14,1,train,positive_annotated
1523,1523.0_1.0.png,1523,640,640,27,1,train,positive_annotated
71,71.0_1.0.png,595,640,640,19,1,train,positive_annotated
2297,2297.0_1.0.png,2297,640,640,13,1,train,positive_annotated
1320,1320.0_1.0.png,1320,640,640,13,1,train,positive_annotated
553,553.0_1.0.png,505,640,640,11,1,train,positive_annotated
422,422.0_1.0.png,360,640,640,4,1,train,positive_annotated
866,866.0_1.0.png,1119,640,640,27,1,train,positive_annotated
898,898.0_1.0.png,1151,640,640,11,1,train,positive_annotated
1207,1207.0_1.0.png,835,640,640,24,1,train,positive_annotated
989,989.0_1.0.png,1240,640,640,34,1,train,positive_annotated
378,378.0_1.0.png,310,640,640,10,1,train,positive_annotated
1142,1142.0_1.0.png,770,640,640,21,1,train,positive_annotated
1423,1423.0_1.0.png,1423,640,640,35,1,train,positive_annotated
514,514.0_1.0.png,462,640,640,1,1,train,positive_annotated
922,922.0_1.0.png,1175,640,640,4,1,train,positive_annotated
1120,1120.0_1.0.png,748,640,640,12,1,train,positive_annotated
2200,2200.0_1.0.png,2200,640,640,6,1,train,positive_annotated
223,223.0_1.0.png,139,640,640,19,1,train,positive_annotated
176,176.0_1.0.png,86,640,640,21,1,train,positive_annotated
1759,1759.0_1.0.png,1759,640,640,11,1,train,positive_annotated
796,796.0_1.0.png,1049,640,640,28,1,train,positive_annotated
1672,1672.0_1.0.png,1672,640,640,11,1,train,positive_annotated
1266,1266.0_1.0.png,1266,640,640,19,1,train,positive_annotated
1147,1147.0_1.0.png,775,640,640,24,1,train,positive_annotated
1765,1765.0_1.0.png,1765,640,640,19,1,train,positive_annotated
2169,2169.0_1.0.png,2169,640,640,17,1,train,positive_annotated
35,35.0_1.0.png,279,640,640,5,1,train,positive_annotated
879,879.0_1.0.png,1132,640,640,6,1,train,positive_annotated
1645,1645.0_1.0.png,1645,640,640,35,1,train,positive_annotated
1548,1548.0_1.0.png,1548,640,640,24,1,train,positive_annotated
2383,2383.0_1.0.png,2383,640,640,7,1,train,positive_annotated
1518,1518.0_1.0.png,1518,640,640,30,1,train,positive_annotated
2272,2272.0_1.0.png,2272,640,640,5,1,train,positive_annotated
264,264.0_1.0.png,184,640,640,8,1,train,positive_annotated
2296,2296.0_1.0.png,2296,640,640,16,1,train,positive_annotated
676,676.0_1.0.png,929,640,640,6,1,train,positive_annotated
1445,1445.0_1.0.png,1445,640,640,10,1,train,positive_annotated
2304,2304.0_1.0.png,2304,640,640,15,1,train,positive_annotated
730,730.0_1.0.png,983,640,640,26,1,train,positive_annotated
1701,1701.0_1.0.png,1701,640,640,4,1,train,positive_annotated
1415,1415.0_1.0.png,1415,640,640,16,1,train,positive_annotated
2110,2110.0_1.0.png,2110,640,640,17,1,train,positive_annotated
630,630.0_1.0.png,883,640,640,17,1,train,positive_annotated
207,207.0_1.0.png,121,640,640,8,1,train,positive_annotated
2011,2011.0_1.0.png,2011,640,640,6,1,train,positive_annotated
1099,1099.0_1.0.png,727,640,640,7,1,train,positive_annotated
2280,2280.0_1.0.png,2280,640,640,10,1,train,positive_annotated
1213,1213.0_1.0.png,841,640,640,8,1,train,positive_annotated
534,534.0_1.0.png,484,640,640,2,1,train,positive_annotated
849,849.0_1.0.png,1102,640,640,8,1,train,positive_annotated
22,22.0_1.0.png,135,640,640,2,1,train,positive_annotated
518,518.0_1.0.png,466,640,640,16,1,train,positive_annotated
1324,1324.0_1.0.png,1324,640,640,12,1,train,positive_annotated
1079,1079.0_1.0.png,707,640,640,6,1,train,positive_annotated
1358,1358.0_1.0.png,1358,640,640,17,1,train,positive_annotated
1688,1688.0_1.0.png,1688,640,640,6,1,train,positive_annotated
872,872.0_1.0.png,1125,640,640,21,1,train,positive_annotated
1876,1876.0_1.0.png,1876,640,640,4,1,train,positive_annotated
143,143.0_1.0.png,50,640,640,20,1,train,positive_annotated
2379,2379.0_1.0.png,2379,640,640,14,1,train,positive_annotated
1651,1651.0_1.0.png,1651,640,640,13,1,train,positive_annotated
370,370.0_1.0.png,302,640,640,17,1,train,positive_annotated
1381,1381.0_1.0.png,1381,640,640,8,1,train,positive_annotated
526,526.0_1.0.png,475,640,640,13,1,train,positive_annotated
2415,2415.0_1.0.png,2415,640,640,8,1,train,positive_annotated
1824,1824.0_1.0.png,1824,640,640,28,1,train,positive_annotated
1226,1226.0_1.0.png,854,640,640,22,1,train,positive_annotated
1267,1267.0_1.0.png,1267,640,640,17,1,train,positive_annotated
1442,1442.0_1.0.png,1442,640,640,23,1,train,positive_annotated
970,970.0_1.0.png,1222,640,640,14,1,train,positive_annotated
